-- 1. Tắt kiểm tra ràng buộc để có thể xóa bảng con/cha mà không bị lỗi
SET session_replication_role = 'replica';

-- 2. Xóa sạch dữ liệu trong tất cả các bảng của các Schema (Dùng TRUNCATE CASCADE)
TRUNCATE TABLE 
    -- Schema asset
    asset.asset_suppliers, asset.assets, asset.maintenance_records, asset.maintenance_schedules, 
    asset.service, asset.service_availability, asset.service_booking, asset.service_booking_item, 
    asset.service_booking_slot, asset.service_category, asset.service_combo, asset.service_combo_item, 
    asset.service_kpi_metric, asset.service_kpi_target, asset.service_kpi_value, asset.service_option, 
    asset.service_ticket, asset.suppliers,

    -- Schema billing
    billing.billing_cycles, billing.external_links, billing.invoice_adjustments, billing.invoice_lines, 
    billing.invoices, billing.late_payment_charges, billing.late_payment_config, billing.payment_reminders, 
    billing.pricing_tiers, billing.service_pricing,

    -- Schema card
    card.card_fee_reminder_state, card.card_pricing, card.elevator_card_registration, 
    card.register_vehicle, card.register_vehicle_image, card.resident_card_registration,

    -- Schema chat_service
    chat_service.blocks, chat_service.conversation_participants, chat_service.conversations, 
    chat_service.direct_chat_files, chat_service.direct_invitations, chat_service.direct_message_deletions, 
    chat_service.direct_messages, chat_service.friendships, chat_service.group_files, 
    chat_service.group_invitations, chat_service.group_members, chat_service.groups, chat_service.messages,

    -- Schema content
    content.news, content.news_images, content.news_views, content.notification_device_token, 
    content.notification_views, content.notifications,

    -- Schema cs_service
    cs_service.complaints, cs_service.processing_logs, cs_service.requests,

    -- Schema data (Đây là nơi chứa project_info gây lỗi QHOME)
    data.account_creation_requests, data.asset_inspection_items, data.asset_inspections, data.assets, 
    data.building_deletion_requests, data.buildings, data.cleaning_requests, 
    data.common_area_maintenance_requests, data.household_member_requests, data.household_members, 
    data.households, data.maintenance_requests, data.meter_reading_assignments, 
    data.meter_reading_reminders, data.meter_readings, data.meters, data.project_info, 
    data.reading_cycles, data.residents, data.services, data.unit_parties, data.units, 
    data.vehicle_registration_requests, data.vehicles,

    -- Schema files
    files.contract_files, files.contracts, files.file_metadata, files.video_storage,

    -- Schema finance
    finance.account_balances, finance.cash_accounts, finance.gateway_payment_links, 
    finance.gateway_transactions, finance.gateway_webhook_events, finance.idempotency_keys, 
    finance.ledger_entries, finance.payment_allocations, finance.payment_attempts, 
    finance.payment_gateways, finance.payment_intent_targets, finance.payment_intents, 
    finance.payment_reconciliation, finance.payments, finance.reconciliation_items, finance.refunds,

    -- Schema iam
    iam.auth_events, iam.jwks_keys, iam.permissions, iam.refresh_tokens, 
    iam.role_assignment_audit, iam.role_permissions, iam.roles, iam.user_roles, iam.users,

    -- Schema marketplace
    marketplace.marketplace_categories, marketplace.marketplace_comments, 
    marketplace.marketplace_likes, marketplace.marketplace_post_images, marketplace.marketplace_posts,

    -- Schema svc
    svc.card_assignments, svc.card_events, svc.card_packages, svc.cards, 
    svc.pricing_formulas, svc.pricing_tiers, svc.services
CASCADE;

SET statement_timeout = 0;
SET lock_timeout = 0;
SET idle_in_transaction_session_timeout = 0;
SET transaction_timeout = 0;
SET client_encoding = 'UTF8';
SET standard_conforming_strings = on;
SELECT pg_catalog.set_config('search_path', '', false);
SET check_function_bodies = false;
SET xmloption = content;
SET client_min_messages = warning;
SET row_security = off;

 
SET statement_timeout = 0;
SET lock_timeout = 0;
SET idle_in_transaction_session_timeout = 0;
SET transaction_timeout = 0;
SET client_encoding = 'UTF8';
SET standard_conforming_strings = on;
SELECT pg_catalog.set_config('search_path', '', false);
SET check_function_bodies = false;
SET xmloption = content;
SET client_min_messages = warning;
SET row_security = off;

INSERT INTO asset.service VALUES ('18aa09a6-4bde-4847-8225-de3c34fe52dc', '1ce9e19d-49a5-442a-b884-7863db276167', 'GYM-PT', 'Personal Training Session', 'Personal training sessions for residents', 'Community Gym', NULL, 350000.00, NULL, 'HOURLY', NULL, 1, 'Arrive 10 minutes early for warm-up', true, '2025-11-11 10:40:04.273223+07', '2025-11-11 10:40:04.273223+07');
INSERT INTO asset.service VALUES ('abb3b604-6da2-4490-919e-7242bf89cc07', 'ed44051d-e212-4354-ba54-2249383a6d21', 'Bar Micro', 'Personal Training Session', 'Personal training sessions for residents', 'Community Gym', NULL, 350000.00, NULL, 'HOURLY', NULL, 1, 'Arrive 10 minutes early for warm-up', true, '2025-11-13 00:00:27.982628+07', '2025-11-13 00:00:27.982628+07');
INSERT INTO asset.service VALUES ('5aadc70d-5847-4b13-92bc-2d7657c78fc4', '549254eb-46b2-4c3b-85a4-188e4d120919', 'SV-MI1XLEKD-NR', 'Swimmin Pool Ticket', NULL, 'Hà Nội', NULL, 0.00, 0.00, 'FREE', 999, 20, NULL, true, '2025-11-16 23:30:48.012757+07', '2025-11-16 23:30:48.012757+07');
INSERT INTO asset.service VALUES ('7ab1cc6f-07bc-4986-8384-2c5210b81355', '1ce9e19d-49a5-442a-b884-7863db276167', 'SV-MIRQS7S3-IQ', 'men', NULL, NULL, NULL, 5.00, 0.00, 'HOURLY', NULL, 2, NULL, true, '2025-12-05 01:02:21.407878+07', '2025-12-05 01:02:21.407878+07');

 
INSERT INTO asset.service_availability VALUES ('2d8ac557-ccf4-4b63-969e-83164e60bb89', '5aadc70d-5847-4b13-92bc-2d7657c78fc4', 1, '15:30:00', '23:35:00', true, '2025-11-16 23:30:48.048824+07');
INSERT INTO asset.service_availability VALUES ('82a31e27-b25a-451a-a494-8c3ee80a06f5', '7ab1cc6f-07bc-4986-8384-2c5210b81355', 2, '05:01:00', '17:01:00', true, '2025-12-05 01:02:21.453546+07');
INSERT INTO asset.service_availability VALUES ('1a6a08b9-3023-4957-8036-0a55b844a31b', '7ab1cc6f-07bc-4986-8384-2c5210b81355', 3, '05:01:00', '17:01:00', true, '2025-12-05 01:02:21.470368+07');
INSERT INTO asset.service_availability VALUES ('5aa2bde3-d34e-4a5b-a4ad-3ab7975bbe1b', '7ab1cc6f-07bc-4986-8384-2c5210b81355', 1, '05:01:00', '17:01:00', true, '2025-12-05 01:02:21.487054+07');
INSERT INTO asset.service_availability VALUES ('557b6e06-db5a-4680-b808-7e29ff709dae', '7ab1cc6f-07bc-4986-8384-2c5210b81355', 4, '05:01:00', '17:01:00', true, '2025-12-05 01:02:21.497699+07');
INSERT INTO asset.service_availability VALUES ('fddfed3a-84c1-4235-9210-2e0a15c22ca9', '7ab1cc6f-07bc-4986-8384-2c5210b81355', 5, '05:01:00', '17:01:00', true, '2025-12-05 01:02:21.508047+07');
 

INSERT INTO asset.service_booking VALUES ('4b1047d4-5c51-457a-b3be-9b11596a6b82', 'abb3b604-6da2-4490-919e-7242bf89cc07', '2025-11-12', '07:00:00', '08:30:00', 1.50, 1, 'Morning training session', 675000.00, 'PENDING', NULL, 'VNPAY', '527239604630154347_1762971182243', 'PENDING', '882a628a-a483-4d4a-a472-d330e3d4acb7', NULL, NULL, NULL, true, '2025-11-13 00:01:54.022416+07', '2025-11-13 01:13:02.30394+07');
 

INSERT INTO asset.service_booking_item VALUES ('6a32c61c-2835-4264-8afa-e7df98a7e26b', '4b1047d4-5c51-457a-b3be-9b11596a6b82', 'OPTION', '0afeb65f-a0ad-4576-ab15-839dad9da379', 'PT-EXT', 'Extended Session', 1, 150000.00, 150000.00, NULL, '2025-11-13 00:01:54.022416+07');
 
INSERT INTO asset.service_booking_slot VALUES ('61b9d20d-ed2b-4ed6-8685-fce7e4519b52', '4b1047d4-5c51-457a-b3be-9b11596a6b82', 'abb3b604-6da2-4490-919e-7242bf89cc07', '2025-11-12', '07:00:00', '08:30:00', '2025-11-13 00:01:54.022416+07');
 

INSERT INTO asset.service_category VALUES ('1ce9e19d-49a5-442a-b884-7863db276167', 'GYM', 'Gym Services', 'Gym and wellness related services', NULL, 0, true, '2025-11-11 10:35:34.155691+07', '2025-11-11 10:35:34.155691+07');
INSERT INTO asset.service_category VALUES ('ed44051d-e212-4354-ba54-2249383a6d21', 'Bar', 'Bar Services', 'Gym and wellness related services', NULL, 1, true, '2025-11-12 23:58:54.932406+07', '2025-11-12 23:58:54.932406+07');
INSERT INTO asset.service_category VALUES ('549254eb-46b2-4c3b-85a4-188e4d120919', 'SVC-SP-161125', 'Swimming Pool', NULL, NULL, 2, true, '2025-11-16 23:29:12.530287+07', '2025-11-16 23:29:12.530287+07');
 

INSERT INTO asset.service_combo VALUES ('894d4b6a-a9e4-4ec1-be0d-e928ff1121e7', 'abb3b604-6da2-4490-919e-7242bf89cc07', 'PT-BUNDLE', 'Training Bundle', 'Training bundle with add-on', NULL, 90, 450000.00, true, 1, '2025-11-13 00:00:57.818353+07', '2025-11-13 00:00:57.818353+07');
 

INSERT INTO asset.service_combo_item VALUES ('4d595d70-5e3e-453f-986f-1d9e0abd2e65', '894d4b6a-a9e4-4ec1-be0d-e928ff1121e7', 1, 'Includes warm-up guidance', 0, '2025-11-13 00:00:57.819859+07', 'Personal Training Session', '1-on-1 PT for 60 minutes', 350000.00, 60);
INSERT INTO asset.service_combo_item VALUES ('ec2fc84c-ad59-4760-bdba-be6c64791ab6', '894d4b6a-a9e4-4ec1-be0d-e928ff1121e7', 1, NULL, 1, '2025-11-13 00:00:57.819859+07', 'Gym Sanitizing', 'Deep cleaning equipment after use', 100000.00, 30);
 

INSERT INTO asset.service_option VALUES ('0afeb65f-a0ad-4576-ab15-839dad9da379', 'abb3b604-6da2-4490-919e-7242bf89cc07', 'PT-EXT', 'Extended Session', 'Extend session by 30 minutes', 150000.00, 'session', false, true, 1, '2025-11-13 00:00:47.428717+07', '2025-11-13 00:00:47.428717+07');
 

INSERT INTO asset.service_ticket VALUES ('ce4113f2-8cf5-4828-8c48-1190e463375c', 'abb3b604-6da2-4490-919e-7242bf89cc07', 'PT-DAYPASS', 'Day Pass', 'HOURLY', 1.00, 200000.00, 1, 'Single day gym access', true, 1, '2025-11-13 00:01:04.848693+07', '2025-11-13 00:01:04.848693+07');
 

INSERT INTO billing.billing_cycles VALUES ('2066be5a-e229-451b-8a90-75b0af8f5400', '2025-12 • ELECTRIC', '2025-12-01', '2025-12-24', 'OPEN', '8bc41b78-4d69-4fb0-942c-e724b99ad565');
INSERT INTO billing.billing_cycles VALUES ('bf1db08f-71e4-4372-bc59-aee7a7ba2fac', '2026-01 • ELECTRIC', '2026-01-01', '2026-01-24', 'OPEN', 'f4761f1f-3cdd-45cd-bff8-701890233ef3');
INSERT INTO billing.billing_cycles VALUES ('12800998-734f-4562-a3fa-8657c04efe64', '2025-12 • WATER', '2025-12-01', '2025-12-24', 'OPEN', '64c49731-382c-4cfd-89ca-2e39f8a9d22e');
INSERT INTO billing.billing_cycles VALUES ('82b0e2d9-7b2e-4200-be22-f90185f4b0a8', '2026-01 • WATER', '2026-01-01', '2026-01-24', 'OPEN', '055a0b61-da03-417f-8a10-d951753bde2d');
 

INSERT INTO billing.invoice_lines VALUES ('165e0b3d-3a1a-40ea-9b43-d255de35f00f', '9ea9d018-b8c7-4228-9bc9-a2dcc282c838', '2025-12-22', 'Meter: J1---01-WATER (Bậc 1: 0.000-50.000 kWh)', 50.0000, 'kWh', 25.0000, 0.00, 0.0000, 'WATER', 'METER_READING_GROUP', NULL);
INSERT INTO billing.invoice_lines VALUES ('c57fe157-6af7-48b8-8fec-4ef72b3df1d9', '9ea9d018-b8c7-4228-9bc9-a2dcc282c838', '2025-12-22', 'Meter: J1---01-WATER (Bậc 2: 51.000-100.000 kWh)', 50.0000, 'kWh', 26.0000, 0.00, 0.0000, 'WATER', 'METER_READING_GROUP', NULL);
INSERT INTO billing.invoice_lines VALUES ('bff515ff-b610-4de4-9ad5-1860aa27f175', '6c2ef2c2-fb6c-4e1d-82e5-33fa8824afc3', '2025-12-22', 'Meter: G4---04-WATER (Bậc 1: 0.000-50.000 kWh)', 50.0000, 'kWh', 25.0000, 0.00, 0.0000, 'WATER', 'METER_READING_GROUP', NULL);
INSERT INTO billing.invoice_lines VALUES ('f3d71faf-69f5-46d5-93d5-51dec67a2cff', '6c2ef2c2-fb6c-4e1d-82e5-33fa8824afc3', '2025-12-22', 'Meter: G4---04-WATER (Bậc 2: 51.000-100.000 kWh)', 50.0000, 'kWh', 26.0000, 0.00, 0.0000, 'WATER', 'METER_READING_GROUP', NULL);
INSERT INTO billing.invoice_lines VALUES ('f9c88528-9f42-4030-b254-432d6e4ad1de', '4c8fcd42-515f-43bf-8d41-4d69db67fc28', '2025-12-22', 'Meter: E3---03-WATER (Bậc 1: 0.000-50.000 kWh)', 50.0000, 'kWh', 25.0000, 0.00, 0.0000, 'WATER', 'METER_READING_GROUP', NULL);
INSERT INTO billing.invoice_lines VALUES ('a2c837cd-cc70-4707-b451-cb58a5c6c252', '4c8fcd42-515f-43bf-8d41-4d69db67fc28', '2025-12-22', 'Meter: E3---03-WATER (Bậc 2: 51.000-100.000 kWh)', 50.0000, 'kWh', 26.0000, 0.00, 0.0000, 'WATER', 'METER_READING_GROUP', NULL);
INSERT INTO billing.invoice_lines VALUES ('76500d21-7b63-4058-b304-a383fe0c0101', '3fbf87b2-efdd-46db-a6b9-1626c3093b42', '2025-12-22', 'Meter: G2---02-WATER (Bậc 1: 0.000-50.000 kWh)', 50.0000, 'kWh', 25.0000, 0.00, 0.0000, 'WATER', 'METER_READING_GROUP', NULL);
INSERT INTO billing.invoice_lines VALUES ('5e952877-d839-4198-b634-b9c20fd0fd39', '3fbf87b2-efdd-46db-a6b9-1626c3093b42', '2025-12-22', 'Meter: G2---02-WATER (Bậc 2: 51.000-100.000 kWh)', 50.0000, 'kWh', 26.0000, 0.00, 0.0000, 'WATER', 'METER_READING_GROUP', NULL);
INSERT INTO billing.invoice_lines VALUES ('e53150fd-415c-4567-bdbe-e8ccc0114dd4', 'f81c2a89-97c4-4463-9418-c1784baac634', '2025-12-22', 'Meter: E1---01-WATER (Bậc 1: 0.000-50.000 kWh)', 50.0000, 'kWh', 25.0000, 0.00, 0.0000, 'WATER', 'METER_READING_GROUP', NULL);
INSERT INTO billing.invoice_lines VALUES ('ee2601f3-d97d-4498-b75f-1a06610b3c7c', 'f81c2a89-97c4-4463-9418-c1784baac634', '2025-12-22', 'Meter: E1---01-WATER (Bậc 2: 51.000-100.000 kWh)', 50.0000, 'kWh', 26.0000, 0.00, 0.0000, 'WATER', 'METER_READING_GROUP', NULL);
INSERT INTO billing.invoice_lines VALUES ('c0f493e3-6a6c-4611-bf1d-c39fa715006f', '9cb6cb8e-a297-4f4c-8282-4f992ce16b80', '2025-12-22', 'Meter: G3---03-WATER (Bậc 1: 0.000-50.000 kWh)', 50.0000, 'kWh', 25.0000, 0.00, 0.0000, 'WATER', 'METER_READING_GROUP', NULL);
INSERT INTO billing.invoice_lines VALUES ('bf89210d-f5f3-4df0-bc2c-9674427c973b', '9cb6cb8e-a297-4f4c-8282-4f992ce16b80', '2025-12-22', 'Meter: G3---03-WATER (Bậc 2: 51.000-100.000 kWh)', 50.0000, 'kWh', 26.0000, 0.00, 0.0000, 'WATER', 'METER_READING_GROUP', NULL);
INSERT INTO billing.invoice_lines VALUES ('10ebc6cf-839f-40b8-b28b-e3469ca2b2c4', 'f5d1d14b-b835-4b76-8834-f4ceab180e78', '2025-12-22', 'Meter: D5---05-WATER (Bậc 1: 0.000-50.000 kWh)', 50.0000, 'kWh', 25.0000, 0.00, 0.0000, 'WATER', 'METER_READING_GROUP', NULL);
INSERT INTO billing.invoice_lines VALUES ('c23ded68-7530-478b-8f0e-0527b5befd5e', 'f5d1d14b-b835-4b76-8834-f4ceab180e78', '2025-12-22', 'Meter: D5---05-WATER (Bậc 2: 51.000-100.000 kWh)', 50.0000, 'kWh', 26.0000, 0.00, 0.0000, 'WATER', 'METER_READING_GROUP', NULL);
INSERT INTO billing.invoice_lines VALUES ('4183f17b-6c09-45e2-9d09-9ce8d1e7c4ff', '4a103352-881e-4843-afc0-0766c46d18f0', '2025-12-22', 'Meter: C5---05-WATER (Bậc 1: 0.000-50.000 kWh)', 50.0000, 'kWh', 25.0000, 0.00, 0.0000, 'WATER', 'METER_READING_GROUP', NULL);
INSERT INTO billing.invoice_lines VALUES ('42e7c387-e459-439d-aa14-679c1cda695d', '4a103352-881e-4843-afc0-0766c46d18f0', '2025-12-22', 'Meter: C5---05-WATER (Bậc 2: 51.000-100.000 kWh)', 50.0000, 'kWh', 26.0000, 0.00, 0.0000, 'WATER', 'METER_READING_GROUP', NULL);
INSERT INTO billing.invoice_lines VALUES ('9dbf6a08-64c3-4c45-9c26-47b8e7968d6e', '2c87a4d3-44b0-4c63-b339-cd38f0e7e9ec', '2025-12-22', 'Meter: A3---03-WATER (Bậc 1: 0.000-50.000 kWh)', 50.0000, 'kWh', 25.0000, 0.00, 0.0000, 'WATER', 'METER_READING_GROUP', NULL);
INSERT INTO billing.invoice_lines VALUES ('c419d666-dbf1-4877-8bce-1bf819493929', '2c87a4d3-44b0-4c63-b339-cd38f0e7e9ec', '2025-12-22', 'Meter: A3---03-WATER (Bậc 2: 51.000-100.000 kWh)', 50.0000, 'kWh', 26.0000, 0.00, 0.0000, 'WATER', 'METER_READING_GROUP', NULL);
INSERT INTO billing.invoice_lines VALUES ('5765838f-bd5f-4f0f-9e67-9e30424036c0', 'c69e84ac-b18c-4209-9db5-e71d94b8739a', '2025-12-22', 'Meter: J2---02-WATER (Bậc 1: 0.000-50.000 kWh)', 50.0000, 'kWh', 25.0000, 0.00, 0.0000, 'WATER', 'METER_READING_GROUP', NULL);
INSERT INTO billing.invoice_lines VALUES ('7c79e899-b063-4aee-80de-52c4f9e3f158', 'c69e84ac-b18c-4209-9db5-e71d94b8739a', '2025-12-22', 'Meter: J2---02-WATER (Bậc 2: 51.000-100.000 kWh)', 50.0000, 'kWh', 26.0000, 0.00, 0.0000, 'WATER', 'METER_READING_GROUP', NULL);
INSERT INTO billing.invoice_lines VALUES ('1aee928c-f326-4b4f-869b-4f9f34d61f25', '26abc157-97a3-4abe-ae9c-f844184fb5db', '2025-12-22', 'Meter: E4---04-WATER (Bậc 1: 0.000-50.000 kWh)', 50.0000, 'kWh', 25.0000, 0.00, 0.0000, 'WATER', 'METER_READING_GROUP', NULL);
INSERT INTO billing.invoice_lines VALUES ('9bedc1b3-683b-4baf-93d0-819e10245493', '26abc157-97a3-4abe-ae9c-f844184fb5db', '2025-12-22', 'Meter: E4---04-WATER (Bậc 2: 51.000-100.000 kWh)', 50.0000, 'kWh', 26.0000, 0.00, 0.0000, 'WATER', 'METER_READING_GROUP', NULL);
INSERT INTO billing.invoice_lines VALUES ('e730c4a3-1f0e-47d9-96d1-23d81eca8b88', '3c61d65d-488d-4b12-8717-ce07f448e163', '2025-12-22', 'Meter: E2---02-WATER (Bậc 1: 0.000-50.000 kWh)', 50.0000, 'kWh', 25.0000, 0.00, 0.0000, 'WATER', 'METER_READING_GROUP', NULL);
INSERT INTO billing.invoice_lines VALUES ('815bdfbf-2e59-47c0-af4d-3119e07fa626', '3c61d65d-488d-4b12-8717-ce07f448e163', '2025-12-22', 'Meter: E2---02-WATER (Bậc 2: 51.000-100.000 kWh)', 50.0000, 'kWh', 26.0000, 0.00, 0.0000, 'WATER', 'METER_READING_GROUP', NULL);
INSERT INTO billing.invoice_lines VALUES ('17f98260-8b3f-4985-b6de-63e733a91cea', 'a40e6947-f5b4-4998-a38c-979751d8618a', '2025-12-22', 'Meter: D1---01-WATER (Bậc 1: 0.000-50.000 kWh)', 50.0000, 'kWh', 25.0000, 0.00, 0.0000, 'WATER', 'METER_READING_GROUP', NULL);
INSERT INTO billing.invoice_lines VALUES ('8e443472-474f-4918-a1c2-46134db283d3', 'a40e6947-f5b4-4998-a38c-979751d8618a', '2025-12-22', 'Meter: D1---01-WATER (Bậc 2: 51.000-100.000 kWh)', 50.0000, 'kWh', 26.0000, 0.00, 0.0000, 'WATER', 'METER_READING_GROUP', NULL);
INSERT INTO billing.invoice_lines VALUES ('871bc1ac-db69-4dd5-97d7-559d66f10fc0', '77bd013f-4d60-4d5f-a290-adede049589c', '2025-12-22', 'Meter: C1---01-WATER (Bậc 1: 0.000-50.000 kWh)', 50.0000, 'kWh', 25.0000, 0.00, 0.0000, 'WATER', 'METER_READING_GROUP', NULL);
INSERT INTO billing.invoice_lines VALUES ('3958eecc-bc63-4a8a-ba08-1c35a945dc13', '77bd013f-4d60-4d5f-a290-adede049589c', '2025-12-22', 'Meter: C1---01-WATER (Bậc 2: 51.000-100.000 kWh)', 50.0000, 'kWh', 26.0000, 0.00, 0.0000, 'WATER', 'METER_READING_GROUP', NULL);
INSERT INTO billing.invoice_lines VALUES ('49353209-3a6d-4842-87af-384e934a0347', '076dc39e-faae-4035-8e7b-da603e8d1e9e', '2025-12-22', 'Meter: E5---05-WATER (Bậc 1: 0.000-50.000 kWh)', 50.0000, 'kWh', 25.0000, 0.00, 0.0000, 'WATER', 'METER_READING_GROUP', NULL);
INSERT INTO billing.invoice_lines VALUES ('32acb98a-b0f8-4aaf-9525-b25d4069db74', '076dc39e-faae-4035-8e7b-da603e8d1e9e', '2025-12-22', 'Meter: E5---05-WATER (Bậc 2: 51.000-100.000 kWh)', 50.0000, 'kWh', 26.0000, 0.00, 0.0000, 'WATER', 'METER_READING_GROUP', NULL);
INSERT INTO billing.invoice_lines VALUES ('9006272e-1a3c-486f-9175-1238a954a8c4', '8d3cf8ab-6145-49d5-b188-7cbb2227cc5f', '2025-12-22', 'Meter: G1---01-WATER (Bậc 1: 0.000-50.000 kWh)', 50.0000, 'kWh', 25.0000, 0.00, 0.0000, 'WATER', 'METER_READING_GROUP', NULL);
INSERT INTO billing.invoice_lines VALUES ('e3a0d2e5-e5d1-497d-9563-a4b81fac8832', '8d3cf8ab-6145-49d5-b188-7cbb2227cc5f', '2025-12-22', 'Meter: G1---01-WATER (Bậc 2: 51.000-100.000 kWh)', 50.0000, 'kWh', 26.0000, 0.00, 0.0000, 'WATER', 'METER_READING_GROUP', NULL);
INSERT INTO billing.invoice_lines VALUES ('a9342597-0625-45d8-bc9c-3a257c9e4734', '787399f7-3561-4945-8b61-38012e42bd4f', '2025-12-22', 'Meter: D3---03-WATER (Bậc 1: 0.000-50.000 kWh)', 50.0000, 'kWh', 25.0000, 0.00, 0.0000, 'WATER', 'METER_READING_GROUP', NULL);
INSERT INTO billing.invoice_lines VALUES ('d18ffca9-74e9-4fb6-96aa-5eb88b1a720d', '787399f7-3561-4945-8b61-38012e42bd4f', '2025-12-22', 'Meter: D3---03-WATER (Bậc 2: 51.000-100.000 kWh)', 50.0000, 'kWh', 26.0000, 0.00, 0.0000, 'WATER', 'METER_READING_GROUP', NULL);
INSERT INTO billing.invoice_lines VALUES ('315c3d34-6dc8-47d7-a9b8-72c1b39cd840', 'fea4099f-17a1-482e-935b-8a7749a46480', '2025-12-22', 'Meter: C4---04-WATER (Bậc 1: 0.000-50.000 kWh)', 50.0000, 'kWh', 25.0000, 0.00, 0.0000, 'WATER', 'METER_READING_GROUP', NULL);
INSERT INTO billing.invoice_lines VALUES ('dc501547-d6b8-4373-8c03-9bc8849b234f', 'fea4099f-17a1-482e-935b-8a7749a46480', '2025-12-22', 'Meter: C4---04-WATER (Bậc 2: 51.000-100.000 kWh)', 50.0000, 'kWh', 26.0000, 0.00, 0.0000, 'WATER', 'METER_READING_GROUP', NULL);
INSERT INTO billing.invoice_lines VALUES ('49bddb58-daeb-4240-97b6-234541746d8f', '1533f923-aad1-4630-adc6-d3a215ee40ba', '2025-12-22', 'Meter: C2---02-WATER (Bậc 1: 0.000-50.000 kWh)', 50.0000, 'kWh', 25.0000, 0.00, 0.0000, 'WATER', 'METER_READING_GROUP', NULL);
INSERT INTO billing.invoice_lines VALUES ('e104b774-60a4-471c-a7f9-7def7769d503', '1533f923-aad1-4630-adc6-d3a215ee40ba', '2025-12-22', 'Meter: C2---02-WATER (Bậc 2: 51.000-100.000 kWh)', 50.0000, 'kWh', 26.0000, 0.00, 0.0000, 'WATER', 'METER_READING_GROUP', NULL);
INSERT INTO billing.invoice_lines VALUES ('347b4c9f-d4db-425f-bc22-f515b819a782', '395a2087-f3bd-49fe-a31c-bb30b853e838', '2025-12-22', 'Meter: D4---04-WATER (Bậc 1: 0.000-50.000 kWh)', 50.0000, 'kWh', 25.0000, 0.00, 0.0000, 'WATER', 'METER_READING_GROUP', NULL);
INSERT INTO billing.invoice_lines VALUES ('de075392-f186-4a62-a795-12347e9feadc', '395a2087-f3bd-49fe-a31c-bb30b853e838', '2025-12-22', 'Meter: D4---04-WATER (Bậc 2: 51.000-100.000 kWh)', 50.0000, 'kWh', 26.0000, 0.00, 0.0000, 'WATER', 'METER_READING_GROUP', NULL);
INSERT INTO billing.invoice_lines VALUES ('c9a62302-efcd-4afc-9962-94ec9cd321f3', '56de7d00-5bc2-470e-be92-a5c2c3d2defa', '2025-12-22', 'Meter: C3---03-WATER (Bậc 1: 0.000-50.000 kWh)', 50.0000, 'kWh', 25.0000, 0.00, 0.0000, 'WATER', 'METER_READING_GROUP', NULL);
INSERT INTO billing.invoice_lines VALUES ('90cc23a3-81c5-4ab4-a695-0fc6bd71d2ff', '56de7d00-5bc2-470e-be92-a5c2c3d2defa', '2025-12-22', 'Meter: C3---03-WATER (Bậc 2: 51.000-100.000 kWh)', 50.0000, 'kWh', 26.0000, 0.00, 0.0000, 'WATER', 'METER_READING_GROUP', NULL);
INSERT INTO billing.invoice_lines VALUES ('6098867b-f3d1-407b-a506-57b8468dd89d', 'c1fc88db-46eb-474b-94f7-6f8e47526d05', '2025-12-22', 'Meter: A1---01-WATER (Bậc 1: 0.000-50.000 kWh)', 50.0000, 'kWh', 25.0000, 0.00, 0.0000, 'WATER', 'METER_READING_GROUP', NULL);
INSERT INTO billing.invoice_lines VALUES ('f44c9691-bfd2-4d0f-aa77-6c82721fd07f', 'c1fc88db-46eb-474b-94f7-6f8e47526d05', '2025-12-22', 'Meter: A1---01-WATER (Bậc 2: 51.000-100.000 kWh)', 50.0000, 'kWh', 26.0000, 0.00, 0.0000, 'WATER', 'METER_READING_GROUP', NULL);
INSERT INTO billing.invoice_lines VALUES ('5dc34ba2-1588-4e1b-99b3-5c986d539a6e', 'fecc6120-36f2-4be2-baf0-047ad91629bf', '2025-12-22', 'Meter: A2---02-WATER (Bậc 1: 0.000-50.000 kWh)', 50.0000, 'kWh', 25.0000, 0.00, 0.0000, 'WATER', 'METER_READING_GROUP', NULL);
INSERT INTO billing.invoice_lines VALUES ('c1279fbf-e705-4a3a-9545-e412a6298a8c', 'fecc6120-36f2-4be2-baf0-047ad91629bf', '2025-12-22', 'Meter: A2---02-WATER (Bậc 2: 51.000-100.000 kWh)', 50.0000, 'kWh', 26.0000, 0.00, 0.0000, 'WATER', 'METER_READING_GROUP', NULL);
INSERT INTO billing.invoice_lines VALUES ('2a7e764c-6bc4-467a-bbbc-8a4d4560cdb6', '1d6288e9-83f6-4722-a1f4-045a7cec75b2', '2025-12-22', 'Meter: G5---05-WATER (Bậc 1: 0.000-50.000 kWh)', 50.0000, 'kWh', 25.0000, 0.00, 0.0000, 'WATER', 'METER_READING_GROUP', NULL);
INSERT INTO billing.invoice_lines VALUES ('e9ee8c94-ef4d-4f9c-a9c9-9200542e5b3f', '1d6288e9-83f6-4722-a1f4-045a7cec75b2', '2025-12-22', 'Meter: G5---05-WATER (Bậc 2: 51.000-100.000 kWh)', 50.0000, 'kWh', 26.0000, 0.00, 0.0000, 'WATER', 'METER_READING_GROUP', NULL);
INSERT INTO billing.invoice_lines VALUES ('d4706479-a680-451d-93d8-33494ddeb4e6', '4c3de09c-f5b1-4348-8f24-2029b6e17be5', '2025-12-22', 'Meter: A4---04-WATER (Bậc 1: 0.000-50.000 kWh)', 50.0000, 'kWh', 25.0000, 0.00, 0.0000, 'WATER', 'METER_READING_GROUP', NULL);
INSERT INTO billing.invoice_lines VALUES ('2d1dbc90-4b2d-4d8e-8ec1-51abf87dee0f', '4c3de09c-f5b1-4348-8f24-2029b6e17be5', '2025-12-22', 'Meter: A4---04-WATER (Bậc 2: 51.000-100.000 kWh)', 50.0000, 'kWh', 26.0000, 0.00, 0.0000, 'WATER', 'METER_READING_GROUP', NULL);
INSERT INTO billing.invoice_lines VALUES ('c814937f-a66b-459a-8281-ab1dbd172c58', '15dea690-65a3-4e41-8893-155514d392d3', '2025-12-22', 'Meter: C4---04-WATER - Đo cùng với kiểm tra thiết bị (Bậc 1: 0.000-50.000 kWh)', 50.0000, 'kWh', 25.0000, 0.00, 0.0000, 'WATER', 'METER_READING_GROUP', NULL);
INSERT INTO billing.invoice_lines VALUES ('7da39700-3226-48b2-891b-2cbc6a63e549', '15dea690-65a3-4e41-8893-155514d392d3', '2025-12-22', 'Meter: C4---04-WATER - Đo cùng với kiểm tra thiết bị (Bậc 2: 51.000-100.000 kWh)', 50.0000, 'kWh', 26.0000, 0.00, 0.0000, 'WATER', 'METER_READING_GROUP', NULL);
INSERT INTO billing.invoice_lines VALUES ('62943f0e-01ed-4e5a-bfd8-69cd09e5aae4', '15dea690-65a3-4e41-8893-155514d392d3', '2025-12-22', 'Meter: C4---04-WATER - Đo cùng với kiểm tra thiết bị (Bậc 3: 101.000-∞ kWh)', 100.0000, 'kWh', 27.0000, 0.00, 0.0000, 'WATER', 'METER_READING_GROUP', NULL);
INSERT INTO billing.invoice_lines VALUES ('0beffc39-0a7a-4388-9595-59e4e996f691', 'c39545e3-4026-4236-bae2-c126e049e175', '2025-12-22', 'Tiền thiệt hại thiết bị - Kiểm tra ngày 2025-12-22', 1.0000, 'lần', 2800000.0000, 0.00, 0.0000, 'ASSET_DAMAGE', 'ASSET_INSPECTION', '389e1a75-4dfd-48c1-9d84-c3ef44988ec9');
INSERT INTO billing.invoice_lines VALUES ('7de05338-20b3-4a64-9a2b-a4fe9a357dc9', 'c39545e3-4026-4236-bae2-c126e049e175', '2025-12-22', 'Tiền nước - Meter: C4---04-WATER - Đo cùng với kiểm tra thiết bị (Bậc 1: 0.000-50.000 kWh)', 50.0000, 'kWh', 25.0000, 0.00, 0.0000, 'WATER', 'WATER_ELECTRIC_INVOICE', '15dea690-65a3-4e41-8893-155514d392d3');
INSERT INTO billing.invoice_lines VALUES ('c06c5f47-1393-4ede-8146-d2beff01da7c', 'c39545e3-4026-4236-bae2-c126e049e175', '2025-12-22', 'Tiền nước - Meter: C4---04-WATER - Đo cùng với kiểm tra thiết bị (Bậc 2: 51.000-100.000 kWh)', 50.0000, 'kWh', 26.0000, 0.00, 0.0000, 'WATER', 'WATER_ELECTRIC_INVOICE', '15dea690-65a3-4e41-8893-155514d392d3');
INSERT INTO billing.invoice_lines VALUES ('02646cb8-2262-47d6-9cb6-dff0b4a7aae8', 'c39545e3-4026-4236-bae2-c126e049e175', '2025-12-22', 'Tiền nước - Meter: C4---04-WATER - Đo cùng với kiểm tra thiết bị (Bậc 3: 101.000-∞ kWh)', 100.0000, 'kWh', 27.0000, 0.00, 0.0000, 'WATER', 'WATER_ELECTRIC_INVOICE', '15dea690-65a3-4e41-8893-155514d392d3');
 
INSERT INTO billing.invoices VALUES ('9ea9d018-b8c7-4228-9bc9-a2dcc282c838', 'INV-20251222222645', '2025-12-22 22:26:45.904963+07', '2025-12-22', 'PUBLISHED', 'VND', 'Căn hộ J1---01', NULL, NULL, '1c41b9bb-e8d8-41d8-822e-c0e609e4e215', '0de5b2ed-0fbd-4db2-acc9-b37e306e9f08', '12800998-734f-4562-a3fa-8657c04efe64', NULL, NULL, NULL, NULL, NULL, NULL, NULL, 0, NULL, NULL);
INSERT INTO billing.invoices VALUES ('6c2ef2c2-fb6c-4e1d-82e5-33fa8824afc3', 'INV-20251222222646', '2025-12-22 22:26:46.111414+07', '2025-12-22', 'PUBLISHED', 'VND', 'Căn hộ G4---04', NULL, NULL, 'f897eb9b-534b-45c6-90d0-655d3a0a1319', 'f8ad3179-164b-4a1f-9f5a-11b64e8c2186', '12800998-734f-4562-a3fa-8657c04efe64', NULL, NULL, NULL, NULL, NULL, NULL, NULL, 0, NULL, NULL);
INSERT INTO billing.invoices VALUES ('4c8fcd42-515f-43bf-8d41-4d69db67fc28', 'INV-20251222222646', '2025-12-22 22:26:46.209259+07', '2025-12-22', 'PUBLISHED', 'VND', 'Căn hộ E3---03', NULL, NULL, '035c3030-4ca4-49b5-ad21-a18956005a65', '6cb76cfa-ae46-4be3-8194-5bc1e43fe3c2', '12800998-734f-4562-a3fa-8657c04efe64', NULL, NULL, NULL, NULL, NULL, NULL, NULL, 0, NULL, NULL);
INSERT INTO billing.invoices VALUES ('3fbf87b2-efdd-46db-a6b9-1626c3093b42', 'INV-20251222222646', '2025-12-22 22:26:46.28375+07', '2025-12-22', 'PUBLISHED', 'VND', 'Căn hộ G2---02', NULL, NULL, 'e52c2833-bdd6-4cf9-8e86-4bcc7858ca08', '0eef271f-8ac8-4fdf-8ab3-b1d170733347', '12800998-734f-4562-a3fa-8657c04efe64', NULL, NULL, NULL, NULL, NULL, NULL, NULL, 0, NULL, NULL);
INSERT INTO billing.invoices VALUES ('f81c2a89-97c4-4463-9418-c1784baac634', 'INV-20251222222646', '2025-12-22 22:26:46.363232+07', '2025-12-22', 'PUBLISHED', 'VND', 'Căn hộ E1---01', NULL, NULL, 'e2318a62-c25e-4a00-b92c-46d66cf38f2c', 'c3804396-535c-489a-8cd2-7f05f60e48a2', '12800998-734f-4562-a3fa-8657c04efe64', NULL, NULL, NULL, NULL, NULL, NULL, NULL, 0, NULL, NULL);
INSERT INTO billing.invoices VALUES ('9cb6cb8e-a297-4f4c-8282-4f992ce16b80', 'INV-20251222222646', '2025-12-22 22:26:46.441978+07', '2025-12-22', 'PUBLISHED', 'VND', 'Căn hộ G3---03', NULL, NULL, '572efe67-2968-46c0-acfe-1b6c93e9962b', '68d985fa-4ffc-4735-93c9-7bb6cece6d06', '12800998-734f-4562-a3fa-8657c04efe64', NULL, NULL, NULL, NULL, NULL, NULL, NULL, 0, NULL, NULL);
INSERT INTO billing.invoices VALUES ('f5d1d14b-b835-4b76-8834-f4ceab180e78', 'INV-20251222222646', '2025-12-22 22:26:46.521243+07', '2025-12-22', 'PUBLISHED', 'VND', 'Căn hộ D5---05', NULL, NULL, 'ba1f291c-1220-4c80-bf55-7d29fe2531b7', 'd4ab86e8-950d-421a-bb19-b52284666470', '12800998-734f-4562-a3fa-8657c04efe64', NULL, NULL, NULL, NULL, NULL, NULL, NULL, 0, NULL, NULL);
INSERT INTO billing.invoices VALUES ('4a103352-881e-4843-afc0-0766c46d18f0', 'INV-20251222222646', '2025-12-22 22:26:46.613585+07', '2025-12-22', 'PUBLISHED', 'VND', 'Căn hộ C5---05', NULL, NULL, '11e48583-a73b-464f-b6bd-5672a421cdff', 'c0b5a2cd-e1b0-4808-9436-05a3dceb88d9', '12800998-734f-4562-a3fa-8657c04efe64', NULL, NULL, NULL, NULL, NULL, NULL, NULL, 0, NULL, NULL);
INSERT INTO billing.invoices VALUES ('2c87a4d3-44b0-4c63-b339-cd38f0e7e9ec', 'INV-20251222222646', '2025-12-22 22:26:46.69029+07', '2025-12-22', 'PUBLISHED', 'VND', 'Căn hộ A3---03', NULL, NULL, 'f15d93c0-5aad-44df-b1ee-8495b7dca740', '644e9b79-80c6-44ec-b4e7-9b0a11a96abd', '12800998-734f-4562-a3fa-8657c04efe64', NULL, NULL, NULL, NULL, NULL, NULL, NULL, 0, NULL, NULL);
INSERT INTO billing.invoices VALUES ('c69e84ac-b18c-4209-9db5-e71d94b8739a', 'INV-20251222222646', '2025-12-22 22:26:46.766448+07', '2025-12-22', 'PUBLISHED', 'VND', 'Căn hộ J2---02', NULL, NULL, '6e28d2fd-9967-4ebf-9804-510ad0e97f3b', '4b7cd19a-4868-49ef-8bc9-6d0f68756787', '12800998-734f-4562-a3fa-8657c04efe64', NULL, NULL, NULL, NULL, NULL, NULL, NULL, 0, NULL, NULL);
INSERT INTO billing.invoices VALUES ('26abc157-97a3-4abe-ae9c-f844184fb5db', 'INV-20251222222646', '2025-12-22 22:26:46.829264+07', '2025-12-22', 'PUBLISHED', 'VND', 'Căn hộ E4---04', NULL, NULL, 'c660f0ca-41da-455e-9856-8e72f87413f4', 'dbf130f6-8bc5-4b23-81d4-f4fb9b84b6e6', '12800998-734f-4562-a3fa-8657c04efe64', NULL, NULL, NULL, NULL, NULL, NULL, NULL, 0, NULL, NULL);
INSERT INTO billing.invoices VALUES ('3c61d65d-488d-4b12-8717-ce07f448e163', 'INV-20251222222646', '2025-12-22 22:26:46.906892+07', '2025-12-22', 'PUBLISHED', 'VND', 'Căn hộ E2---02', NULL, NULL, 'fec44cf5-2fc2-4534-9e48-fcdd17d74444', 'b506b581-eb6b-462f-96b1-c76efcbb84b5', '12800998-734f-4562-a3fa-8657c04efe64', NULL, NULL, NULL, NULL, NULL, NULL, NULL, 0, NULL, NULL);
INSERT INTO billing.invoices VALUES ('a40e6947-f5b4-4998-a38c-979751d8618a', 'INV-20251222222646', '2025-12-22 22:26:46.983368+07', '2025-12-22', 'PUBLISHED', 'VND', 'Căn hộ D1---01', NULL, NULL, '8ad3336b-b328-4abf-ac04-324bf06180f8', '06076f6f-9985-47e4-92ea-d33cf6c87d57', '12800998-734f-4562-a3fa-8657c04efe64', NULL, NULL, NULL, NULL, NULL, NULL, NULL, 0, NULL, NULL);
INSERT INTO billing.invoices VALUES ('77bd013f-4d60-4d5f-a290-adede049589c', 'INV-20251222222647', '2025-12-22 22:26:47.061271+07', '2025-12-22', 'PUBLISHED', 'VND', 'Căn hộ C1---01', NULL, NULL, 'b1d6e80e-7424-4da8-8ae5-44e54d61d39c', '50bad366-9702-4c22-8489-c7e5f3b98a6e', '12800998-734f-4562-a3fa-8657c04efe64', NULL, NULL, NULL, NULL, NULL, NULL, NULL, 0, NULL, NULL);
INSERT INTO billing.invoices VALUES ('076dc39e-faae-4035-8e7b-da603e8d1e9e', 'INV-20251222222647', '2025-12-22 22:26:47.138712+07', '2025-12-22', 'PUBLISHED', 'VND', 'Căn hộ E5---05', NULL, NULL, '147ec661-eddf-46f7-9bc9-d5ec0d8750b1', 'fb7ad25e-c61b-471d-888e-1f4b34b0ad9f', '12800998-734f-4562-a3fa-8657c04efe64', NULL, NULL, NULL, NULL, NULL, NULL, NULL, 0, NULL, NULL);
INSERT INTO billing.invoices VALUES ('8d3cf8ab-6145-49d5-b188-7cbb2227cc5f', 'INV-20251222222647', '2025-12-22 22:26:47.217762+07', '2025-12-22', 'PUBLISHED', 'VND', 'Căn hộ G1---01', NULL, NULL, '008999aa-0c47-45c6-adf1-7b7c4b535b6d', '1ba3b51a-4af0-4a1b-93f8-4c4738390dbc', '12800998-734f-4562-a3fa-8657c04efe64', NULL, NULL, NULL, NULL, NULL, NULL, NULL, 0, NULL, NULL);
INSERT INTO billing.invoices VALUES ('787399f7-3561-4945-8b61-38012e42bd4f', 'INV-20251222222647', '2025-12-22 22:26:47.299289+07', '2025-12-22', 'PUBLISHED', 'VND', 'Căn hộ D3---03', NULL, NULL, 'f2e097c9-5971-429e-a85a-169b30c9b4dd', '0f26a206-1195-4fc1-bd59-34b5ace88a7b', '12800998-734f-4562-a3fa-8657c04efe64', NULL, NULL, NULL, NULL, NULL, NULL, NULL, 0, NULL, NULL);
INSERT INTO billing.invoices VALUES ('fea4099f-17a1-482e-935b-8a7749a46480', 'INV-20251222222647', '2025-12-22 22:26:47.374302+07', '2025-12-22', 'PUBLISHED', 'VND', 'Căn hộ C4---04', NULL, NULL, '8bbcf0dc-f61a-469a-bec1-84acf35a4b0b', '3a024fba-647e-4fba-8b90-e7d688a2ec00', '12800998-734f-4562-a3fa-8657c04efe64', NULL, NULL, NULL, NULL, NULL, NULL, NULL, 0, NULL, NULL);
INSERT INTO billing.invoices VALUES ('1533f923-aad1-4630-adc6-d3a215ee40ba', 'INV-20251222222647', '2025-12-22 22:26:47.452436+07', '2025-12-22', 'PUBLISHED', 'VND', 'Căn hộ C2---02', NULL, NULL, 'ae472cf7-a075-4318-92e8-e7591cd0c4d4', '1fb07f05-a7e9-416e-8925-c33b11a6ed60', '12800998-734f-4562-a3fa-8657c04efe64', NULL, NULL, NULL, NULL, NULL, NULL, NULL, 0, NULL, NULL);
INSERT INTO billing.invoices VALUES ('395a2087-f3bd-49fe-a31c-bb30b853e838', 'INV-20251222222647', '2025-12-22 22:26:47.530316+07', '2025-12-22', 'PUBLISHED', 'VND', 'Căn hộ D4---04', NULL, NULL, '9e50a3d1-6f32-44d4-ab90-149fac8b3f4b', 'e360cef7-194c-4105-bfa9-60e14ff92310', '12800998-734f-4562-a3fa-8657c04efe64', NULL, NULL, NULL, NULL, NULL, NULL, NULL, 0, NULL, NULL);
INSERT INTO billing.invoices VALUES ('56de7d00-5bc2-470e-be92-a5c2c3d2defa', 'INV-20251222222647', '2025-12-22 22:26:47.621229+07', '2025-12-22', 'PUBLISHED', 'VND', 'Căn hộ C3---03', NULL, NULL, '7b0323f0-beca-426e-989b-2a84e32bb44c', '60f87622-5f0f-47f2-803d-de5781319ff8', '12800998-734f-4562-a3fa-8657c04efe64', NULL, NULL, NULL, NULL, NULL, NULL, NULL, 0, NULL, NULL);
INSERT INTO billing.invoices VALUES ('c1fc88db-46eb-474b-94f7-6f8e47526d05', 'INV-20251222222647', '2025-12-22 22:26:47.703567+07', '2025-12-22', 'PUBLISHED', 'VND', 'Căn hộ A1---01', NULL, NULL, '52dae26c-a8f3-42dd-9fd0-a95a4fa54d68', '7a9381da-2c2e-45c2-a3a2-dcc4913f43fc', '12800998-734f-4562-a3fa-8657c04efe64', NULL, NULL, NULL, NULL, NULL, NULL, NULL, 0, NULL, NULL);
INSERT INTO billing.invoices VALUES ('fecc6120-36f2-4be2-baf0-047ad91629bf', 'INV-20251222222647', '2025-12-22 22:26:47.781114+07', '2025-12-22', 'PUBLISHED', 'VND', 'Căn hộ A2---02', NULL, NULL, 'b002a5c7-d0f6-410d-898e-1f6fec15afdd', 'cc63d3f3-bc94-4db6-9fb8-f8d19a2dec40', '12800998-734f-4562-a3fa-8657c04efe64', NULL, NULL, NULL, NULL, NULL, NULL, NULL, 0, NULL, NULL);
INSERT INTO billing.invoices VALUES ('1d6288e9-83f6-4722-a1f4-045a7cec75b2', 'INV-20251222222647', '2025-12-22 22:26:47.886314+07', '2025-12-22', 'PUBLISHED', 'VND', 'Căn hộ G5---05', NULL, NULL, 'f1e3db20-7395-4888-ba5c-95da267ba942', '48a70c25-a2d5-4ef2-b15f-29862b47680e', '12800998-734f-4562-a3fa-8657c04efe64', NULL, NULL, NULL, NULL, NULL, NULL, NULL, 0, NULL, NULL);
INSERT INTO billing.invoices VALUES ('4c3de09c-f5b1-4348-8f24-2029b6e17be5', 'INV-20251222222647', '2025-12-22 22:26:47.978841+07', '2025-12-22', 'PUBLISHED', 'VND', 'Căn hộ A4---04', NULL, NULL, '87ea51de-17b3-4818-87bb-e1c2c224da41', 'e5a21a74-94c5-4b3a-9fdf-147e810a1982', '12800998-734f-4562-a3fa-8657c04efe64', NULL, NULL, NULL, NULL, NULL, NULL, NULL, 0, NULL, NULL);
INSERT INTO billing.invoices VALUES ('15dea690-65a3-4e41-8893-155514d392d3', 'INV-20251222222750', '2025-12-22 22:27:50.616498+07', '2025-12-22', 'PAID', 'VND', 'Căn hộ C4---04', NULL, NULL, '8bbcf0dc-f61a-469a-bec1-84acf35a4b0b', '3a024fba-647e-4fba-8b90-e7d688a2ec00', '2066be5a-e229-451b-8a90-75b0af8f5400', NULL, NULL, NULL, NULL, NULL, NULL, '2025-12-22 22:27:50.616498+07', 0, NULL, NULL);
INSERT INTO billing.invoices VALUES ('c39545e3-4026-4236-bae2-c126e049e175', 'INV-20251222222751', '2025-12-22 22:27:51.736009+07', '2025-12-29', 'PAID', 'VND', 'Căn hộ C4---04', NULL, NULL, '8bbcf0dc-f61a-469a-bec1-84acf35a4b0b', '3a024fba-647e-4fba-8b90-e7d688a2ec00', NULL, NULL, NULL, NULL, NULL, NULL, NULL, '2025-12-22 22:27:51.736009+07', 0, NULL, NULL);

 

INSERT INTO billing.late_payment_config VALUES ('cef0149d-2181-4b31-a6bb-985226f8cb36', '00000000-0000-0000-0000-000000000000', 7, 'PERCENTAGE', 1.0000, true, 'Phạt 1% nếu trễ 1 tuần', '2025-10-25 01:44:55.986571+07', '2025-10-25 01:44:55.986571+07', NULL);
INSERT INTO billing.late_payment_config VALUES ('0c13ae68-998c-411d-9491-24f8a4d00d43', '00000000-0000-0000-0000-000000000000', 15, 'PERCENTAGE', 2.0000, true, 'Phạt 2% nếu trễ 15 ngày', '2025-10-25 01:44:55.986571+07', '2025-10-25 01:44:55.986571+07', NULL);
INSERT INTO billing.late_payment_config VALUES ('85181875-e64f-4e97-956c-a279219abb18', '00000000-0000-0000-0000-000000000000', 30, 'PERCENTAGE', 5.0000, true, 'Phạt 5% nếu trễ 1 tháng', '2025-10-25 01:44:55.986571+07', '2025-10-25 01:44:55.986571+07', NULL);
INSERT INTO billing.late_payment_config VALUES ('35908e72-8850-451c-9161-49881b8c9409', '00000000-0000-0000-0000-000000000000', 60, 'FIXED_AMOUNT', 100000.0000, true, 'Phạt cố định 100k nếu trễ 2 tháng', '2025-10-25 01:44:55.986571+07', '2025-10-25 01:44:55.986571+07', NULL);

 
INSERT INTO billing.pricing_tiers VALUES ('eb9fabab-d430-4460-863e-3cf3c1b62fcc', 'ELECTRIC', 1, 0.000, 120.000, 123.0000, '2025-12-16', NULL, true, NULL, '2025-12-16 22:28:47.650268+07', '2025-12-16 22:28:47.650268+07', NULL, NULL, NULL);
INSERT INTO billing.pricing_tiers VALUES ('9239306d-53c5-4efa-a7ee-93fec698ff51', 'ELECTRIC', 2, 121.000, NULL, 200.0000, '2025-12-16', NULL, true, NULL, '2025-12-16 22:28:52.560355+07', '2025-12-19 06:45:42.996315+07', NULL, NULL, NULL);
INSERT INTO billing.pricing_tiers VALUES ('cd8498f1-c1c9-491f-baa7-094a8d67e512', 'WATER', 1, 0.000, 50.000, 25.0000, '2025-12-18', NULL, true, NULL, '2025-12-19 06:50:50.476579+07', '2025-12-19 06:50:50.476579+07', NULL, NULL, NULL);
INSERT INTO billing.pricing_tiers VALUES ('f5f7492d-0f1a-42e5-892c-042b8afc591a', 'WATER', 2, 51.000, 100.000, 26.0000, '2025-12-18', NULL, true, NULL, '2025-12-19 06:50:58.597582+07', '2025-12-19 06:51:02.108101+07', NULL, NULL, NULL);
INSERT INTO billing.pricing_tiers VALUES ('34223f9b-8aac-4eb0-b5cb-70ade827ca4e', 'WATER', 3, 101.000, NULL, 27.0000, '2025-12-18', NULL, true, NULL, '2025-12-19 06:51:07.250288+07', '2025-12-19 06:51:07.250288+07', NULL, NULL, NULL);
 
INSERT INTO billing.service_pricing VALUES ('767b3a28-142a-4fc3-af05-4843f4d99719', 'PARKING_CAR', 'Phí gửi xe ô tô', 'PARKING', 500000.0000, 'month', 0.00, '2024-01-01', NULL, true, 'Phí gửi xe ô tô hàng tháng', '2025-10-25 01:44:55.986571+07', '2025-10-25 01:44:55.986571+07', NULL, NULL);
INSERT INTO billing.service_pricing VALUES ('728b09a4-67e3-4f14-8b14-f11794e3b146', 'PARKING_MOTORBIKE', 'Phí gửi xe máy', 'PARKING', 100000.0000, 'month', 0.00, '2024-01-01', NULL, true, 'Phí gửi xe máy hàng tháng', '2025-10-25 01:44:55.986571+07', '2025-10-25 01:44:55.986571+07', NULL, NULL);
INSERT INTO billing.service_pricing VALUES ('3a20fa43-b4cd-4ec3-8e89-a6de159920a3', 'PARKING_BICYCLE', 'Phí gửi xe đạp', 'PARKING', 50000.0000, 'month', 0.00, '2024-01-01', NULL, true, 'Phí gửi xe đạp hàng tháng', '2025-10-25 01:44:55.986571+07', '2025-10-25 01:44:55.986571+07', NULL, NULL);
INSERT INTO billing.service_pricing VALUES ('d3d28ed2-89a1-45db-89ca-4fbc18f14e4b', 'WATER', 'Tiền nước', 'UTILITIES', 15000.0000, 'm3', 5.00, '2024-01-01', NULL, true, 'Giá nước sinh hoạt', '2025-10-25 01:44:55.986571+07', '2025-10-25 01:44:55.986571+07', NULL, NULL);
INSERT INTO billing.service_pricing VALUES ('660bcee1-4382-4a0e-8693-e9ea3a8e4be9', 'ELECTRIC', 'Tiền điện', 'UTILITIES', 3000.0000, 'kWh', 10.00, '2024-01-01', NULL, true, 'Giá điện sinh hoạt', '2025-10-25 01:44:55.986571+07', '2025-10-25 01:44:55.986571+07', NULL, NULL);
INSERT INTO billing.service_pricing VALUES ('c74aca19-7dc2-4b79-8ea4-7b74491cd77d', 'MAINTENANCE', 'Phí bảo trì', 'MAINTENANCE', 50000.0000, 'month', 0.00, '2024-01-01', NULL, true, 'Phí bảo trì chung cư', '2025-10-25 01:44:55.986571+07', '2025-10-25 01:44:55.986571+07', NULL, NULL);
INSERT INTO billing.service_pricing VALUES ('fa0da3a3-41d8-42f5-bd29-6519b9b87745', 'SECURITY', 'Phí bảo vệ', 'SERVICE', 30000.0000, 'month', 0.00, '2024-01-01', NULL, true, 'Phí dịch vụ bảo vệ', '2025-10-25 01:44:55.986571+07', '2025-10-25 01:44:55.986571+07', NULL, NULL);
INSERT INTO billing.service_pricing VALUES ('0e6a6d1a-e0b0-441b-b2ee-ab3e76f04dc7', 'CLEANING', 'Phí vệ sinh', 'SERVICE', 20000.0000, 'month', 0.00, '2024-01-01', NULL, true, 'Phí vệ sinh chung', '2025-10-25 01:44:55.986571+07', '2025-10-25 01:44:55.986571+07', NULL, NULL);
 

INSERT INTO card.card_fee_reminder_state VALUES ('388d9d55-f3a0-4111-8d2a-ddd614469be6', 'VEHICLE', '4661e53c-2253-4fe9-8a71-c9188098b6cd', 'fa620524-06e0-453a-8efa-79051b19ab41', '8524c4d3-b2f7-4b78-944f-022f0e6b8cbf', '40ae54c6-2f4b-4145-b628-07fade480a8b', 'B1---01', 'Chicken', '2025-11-23', '2028-05-23', 0, 6, NULL, '2025-11-26 03:00:00.184921+07', '2025-11-26 03:00:00.184921+07');
INSERT INTO card.card_fee_reminder_state VALUES ('e6b33f1d-0741-446b-805c-1f89f5c3f15f', 'RESIDENT', 'e4a0c7a1-4f5d-4f7e-81e0-2e6a7b56b0cc', 'a0a6db2c-9f73-4a95-9a07-93f6c81f3b10', '19da1286-e723-4e52-baf3-6dc9a610c46b', 'c10e8400-e29b-41d4-a716-446655440100', 'A-12-05', 'Block A', '2025-11-13', '2025-12-13', 4, 6, '2025-12-18 01:00:00.680696+07', '2025-11-23 08:00:00.066255+07', '2025-12-18 01:00:00.73309+07');
INSERT INTO card.card_fee_reminder_state VALUES ('9104da97-d7ad-4b4a-8be2-05d8a2f60703', 'ELEVATOR', '6d9f9a0c-4d2a-40da-86ea-0ff1a6cc1f1e', 'a0a6db2c-9f73-4a95-9a07-93f6c81f3b10', '19da1286-e723-4e52-baf3-6dc9a610c46b', 'c10e8400-e29b-41d4-a716-446655440100', 'A-12-05', 'Block A', '2025-11-13', '2025-12-13', 4, 6, '2025-12-18 01:00:00.680696+07', '2025-11-23 08:00:00.071545+07', '2025-12-18 01:00:00.753925+07');
INSERT INTO card.card_fee_reminder_state VALUES ('0b1fda01-2cd1-4fe3-9fdc-a0defc43fa71', 'ELEVATOR', '6e735008-6c64-4448-8aee-2e71db29712a', 'f1c8d91a-7c7e-431a-b572-79448d2ca499', '540d6f72-19e3-4196-9674-628df45355cb', '58ff5ef7-f5c6-4f09-88af-70715cb84382', 'A1---01', 'Tòa A', '2025-11-17', '2025-12-17', 2, 6, '2025-12-18 01:00:00.680696+07', '2025-11-23 08:00:00.072551+07', '2025-12-18 01:00:00.755681+07');
INSERT INTO card.card_fee_reminder_state VALUES ('60bf2d96-c00e-4481-9572-d7b27965cac8', 'ELEVATOR', '520cea2b-be49-4089-899e-b9c18f3e4272', 'f1c8d91a-7c7e-431a-b572-79448d2ca499', '540d6f72-19e3-4196-9674-628df45355cb', '58ff5ef7-f5c6-4f09-88af-70715cb84382', 'A1---01', 'Tòa A', '2025-11-17', '2025-12-17', 2, 6, '2025-12-18 01:00:00.680696+07', '2025-11-23 08:00:00.079559+07', '2025-12-18 01:00:00.75683+07');
INSERT INTO card.card_fee_reminder_state VALUES ('3a04b42d-73db-455b-9187-ee4d8fd195c4', 'RESIDENT', '5720a842-bea0-4e37-8290-60ef0b42bb98', '44659352-05e8-4209-9c65-893068fe08a7', '60f87622-5f0f-47f2-803d-de5781319ff8', '671dc302-7a93-42b5-9687-f42ba689df51', 'C---03', 'C', '2025-12-18', '2028-06-18', 0, 6, NULL, '2025-12-18 03:40:24.743849+07', '2025-12-18 03:40:24.743849+07');
INSERT INTO card.card_fee_reminder_state VALUES ('2f2f2eb1-6653-4f1d-bffb-91fab3a8f950', 'VEHICLE', '9144421f-4ff1-48fb-97e4-109897369604', '44659352-05e8-4209-9c65-893068fe08a7', '60f87622-5f0f-47f2-803d-de5781319ff8', '671dc302-7a93-42b5-9687-f42ba689df51', 'C---03', 'C', '2025-12-18', '2028-06-18', 0, 6, NULL, '2025-12-18 03:49:21.879091+07', '2025-12-18 03:49:21.879641+07');
INSERT INTO card.card_fee_reminder_state VALUES ('1834bda4-ab54-4968-8f31-9503f0de2976', 'RESIDENT', 'b3438422-aec0-4442-81c4-3aa721d64523', '44659352-05e8-4209-9c65-893068fe08a7', '60f87622-5f0f-47f2-803d-de5781319ff8', '671dc302-7a93-42b5-9687-f42ba689df51', 'C---03', 'C', '2025-12-17', '2028-06-17', 0, 6, NULL, '2025-12-18 10:00:00.063331+07', '2025-12-18 10:00:00.063331+07');
INSERT INTO card.card_fee_reminder_state VALUES ('9634d314-df22-43c4-8f02-e312cdc1bd75', 'RESIDENT', '508a200b-b763-40c2-a9b3-e29bae9b8a5b', '1cec319c-cf08-496d-af78-e83d74c258c7', '50bad366-9702-4c22-8489-c7e5f3b98a6e', '1344504a-4d44-4864-aac9-82610f8a469a', 'C---01', 'C', '2025-12-16', '2028-06-16', 0, 6, NULL, '2025-12-18 10:00:00.074443+07', '2025-12-18 10:00:00.074443+07');
INSERT INTO card.card_fee_reminder_state VALUES ('e501dd31-945d-46f8-a69b-c438f60c9acd', 'RESIDENT', '94ece5bb-a091-4960-9f4d-82f56f413d8b', '07afa443-915c-41f6-a6f3-ad2ba790b70e', '3a024fba-647e-4fba-8b90-e7d688a2ec00', 'ec8d7802-e711-4182-a0d6-77406fd506d1', 'C---04', 'C', '2025-12-15', '2028-06-15', 0, 6, NULL, '2025-12-18 10:00:00.076445+07', '2025-12-18 10:00:00.076445+07');
INSERT INTO card.card_fee_reminder_state VALUES ('605ae185-38a9-4aef-acaa-aed53c40896f', 'RESIDENT', 'f477de27-27e6-4e0e-be3f-e6a6bfc99353', '1cec319c-cf08-496d-af78-e83d74c258c7', '50bad366-9702-4c22-8489-c7e5f3b98a6e', '1344504a-4d44-4864-aac9-82610f8a469a', 'C---01', 'C', '2025-12-14', '2028-06-14', 0, 6, NULL, '2025-12-18 10:00:00.081395+07', '2025-12-18 10:00:00.081395+07');
INSERT INTO card.card_fee_reminder_state VALUES ('857402e9-1a56-42b2-9d8b-0fb7069b1429', 'RESIDENT', '253a1bdb-445b-4234-9823-6865ad53c956', '6bef281e-c202-4450-93a7-8f9492745ace', '531555d4-ccdf-43c3-b970-fad9683e72d8', '04216c0e-acf9-4345-b023-761e0a4ce6ae', 'J---02', 'J', '2025-12-13', '2028-06-13', 0, 6, NULL, '2025-12-18 10:00:00.084397+07', '2025-12-18 10:00:00.084397+07');
INSERT INTO card.card_fee_reminder_state VALUES ('cc5d7d49-7291-4df5-994b-34669466b522', 'RESIDENT', '4c0cb580-72aa-4941-bafc-5498aa4ffa4c', '4c82073a-5cd9-412f-971e-fe90b3f014b8', '1fb07f05-a7e9-416e-8925-c33b11a6ed60', 'b81a6193-a6d9-494a-8f8c-64249329904c', 'C---02', 'C', '2025-12-12', '2028-06-12', 0, 6, NULL, '2025-12-18 10:00:00.087395+07', '2025-12-18 10:00:00.087395+07');
INSERT INTO card.card_fee_reminder_state VALUES ('c64fef3f-7651-47f3-af72-ffdb57480a05', 'RESIDENT', '2dd81dbc-7007-4059-9aac-9de280abfe32', '4c82073a-5cd9-412f-971e-fe90b3f014b8', '1fb07f05-a7e9-416e-8925-c33b11a6ed60', 'b81a6193-a6d9-494a-8f8c-64249329904c', 'C---02', 'C', '2025-12-11', '2028-06-11', 0, 6, NULL, '2025-12-18 10:00:00.090396+07', '2025-12-18 10:00:00.090396+07');
INSERT INTO card.card_fee_reminder_state VALUES ('b83b0962-c174-4c2a-99b8-d5e9c5d27795', 'RESIDENT', '81970211-71e3-4b89-b58c-c31373171064', '07afa443-915c-41f6-a6f3-ad2ba790b70e', '3a024fba-647e-4fba-8b90-e7d688a2ec00', 'ec8d7802-e711-4182-a0d6-77406fd506d1', 'C---04', 'C', '2025-12-10', '2028-06-10', 0, 6, NULL, '2025-12-18 10:00:00.092396+07', '2025-12-18 10:00:00.092396+07');
INSERT INTO card.card_fee_reminder_state VALUES ('672ab982-3fa1-4ab8-83ca-9b25dcec2c54', 'RESIDENT', 'cf6e23b4-c533-4955-a6bc-13b241f95a4b', '6bef281e-c202-4450-93a7-8f9492745ace', '531555d4-ccdf-43c3-b970-fad9683e72d8', '04216c0e-acf9-4345-b023-761e0a4ce6ae', 'J---02', 'J', '2025-12-09', '2028-06-09', 0, 6, NULL, '2025-12-18 10:00:00.094401+07', '2025-12-18 10:00:00.094401+07');
INSERT INTO card.card_fee_reminder_state VALUES ('a2cb56f2-7cc4-448c-9d52-08f7fd30e428', 'RESIDENT', '56b33a79-a069-4638-b0c8-174bd12aeff8', '07afa443-915c-41f6-a6f3-ad2ba790b70e', '3a024fba-647e-4fba-8b90-e7d688a2ec00', 'ec8d7802-e711-4182-a0d6-77406fd506d1', 'C---04', 'C', '2025-12-08', '2028-06-08', 0, 6, NULL, '2025-12-18 10:00:00.097406+07', '2025-12-18 10:00:00.097406+07');
INSERT INTO card.card_fee_reminder_state VALUES ('d3fea8f5-2e50-46f9-80b1-9537cd8fdfc1', 'RESIDENT', '22981b34-a485-4d9d-b65b-be80e7b88aa5', '1cec319c-cf08-496d-af78-e83d74c258c7', '50bad366-9702-4c22-8489-c7e5f3b98a6e', '1344504a-4d44-4864-aac9-82610f8a469a', 'C---01', 'C', '2025-12-07', '2028-06-07', 0, 6, NULL, '2025-12-18 10:00:00.101117+07', '2025-12-18 10:00:00.101117+07');
INSERT INTO card.card_fee_reminder_state VALUES ('be3f2cfc-44ba-47ca-85e5-619599feca51', 'RESIDENT', '4cd36ca9-a411-41d7-a8a1-d4b4548e5f6c', '4c82073a-5cd9-412f-971e-fe90b3f014b8', '1fb07f05-a7e9-416e-8925-c33b11a6ed60', 'b81a6193-a6d9-494a-8f8c-64249329904c', 'C---02', 'C', '2025-12-06', '2028-06-06', 0, 6, NULL, '2025-12-18 10:00:00.104125+07', '2025-12-18 10:00:00.104125+07');
INSERT INTO card.card_fee_reminder_state VALUES ('47ae4d3d-d924-4bc9-b564-489ba5225d36', 'RESIDENT', 'f404838b-54af-4a7b-a709-cdc570adccfe', '6bef281e-c202-4450-93a7-8f9492745ace', '531555d4-ccdf-43c3-b970-fad9683e72d8', '04216c0e-acf9-4345-b023-761e0a4ce6ae', 'J---02', 'J', '2025-12-05', '2028-06-05', 0, 6, NULL, '2025-12-18 10:00:00.106123+07', '2025-12-18 10:00:00.106123+07');
INSERT INTO card.card_fee_reminder_state VALUES ('60c3af96-4110-4b3e-8608-09f9e4072451', 'RESIDENT', 'f0988539-475a-4f48-9286-16476c6ca254', '44659352-05e8-4209-9c65-893068fe08a7', '60f87622-5f0f-47f2-803d-de5781319ff8', '671dc302-7a93-42b5-9687-f42ba689df51', 'C---03', 'C', '2025-12-04', '2028-06-04', 0, 6, NULL, '2025-12-18 10:00:00.108633+07', '2025-12-18 10:00:00.108633+07');
INSERT INTO card.card_fee_reminder_state VALUES ('7cb95c39-a63d-4393-a532-f1678b1543f4', 'RESIDENT', '3fd8aaf8-f4d8-4e92-a6f0-a498d9f5fcc9', '4c82073a-5cd9-412f-971e-fe90b3f014b8', '1fb07f05-a7e9-416e-8925-c33b11a6ed60', 'b81a6193-a6d9-494a-8f8c-64249329904c', 'C---02', 'C', '2025-12-03', '2028-06-03', 0, 6, NULL, '2025-12-18 10:00:00.117065+07', '2025-12-18 10:00:00.117065+07');
INSERT INTO card.card_fee_reminder_state VALUES ('cdb182c0-c6aa-44b1-873f-e1f76aa02c43', 'ELEVATOR', '7b39ac07-4b67-4f68-afe0-58745667e8c3', '07afa443-915c-41f6-a6f3-ad2ba790b70e', '3a024fba-647e-4fba-8b90-e7d688a2ec00', 'ec8d7802-e711-4182-a0d6-77406fd506d1', 'C---04', 'C', '2025-12-17', '2028-06-17', 0, 6, NULL, '2025-12-18 10:00:00.119717+07', '2025-12-18 10:00:00.119717+07');
INSERT INTO card.card_fee_reminder_state VALUES ('2c8ff829-98c4-4e67-b831-38a2a8da3cf1', 'ELEVATOR', '382eae3f-5f7c-4365-97c7-2d3b2f24d984', '44659352-05e8-4209-9c65-893068fe08a7', '60f87622-5f0f-47f2-803d-de5781319ff8', '671dc302-7a93-42b5-9687-f42ba689df51', 'C---03', 'C', '2025-12-16', '2028-06-16', 0, 6, NULL, '2025-12-18 10:00:00.122949+07', '2025-12-18 10:00:00.122949+07');
INSERT INTO card.card_fee_reminder_state VALUES ('850c6bca-334f-4cc5-956b-c45ac0914cda', 'ELEVATOR', '84e67fd5-0433-4cf1-94cf-c667f34361a5', '4c82073a-5cd9-412f-971e-fe90b3f014b8', '1fb07f05-a7e9-416e-8925-c33b11a6ed60', 'b81a6193-a6d9-494a-8f8c-64249329904c', 'C---02', 'C', '2025-12-15', '2028-06-15', 0, 6, NULL, '2025-12-18 10:00:00.124952+07', '2025-12-18 10:00:00.124952+07');
INSERT INTO card.card_fee_reminder_state VALUES ('9391e4a1-1c21-4d51-9723-ad4fe323c597', 'ELEVATOR', '1ac6eb7c-1724-48da-8307-feb532c672f6', '44659352-05e8-4209-9c65-893068fe08a7', '60f87622-5f0f-47f2-803d-de5781319ff8', '671dc302-7a93-42b5-9687-f42ba689df51', 'C---03', 'C', '2025-12-14', '2028-06-14', 0, 6, NULL, '2025-12-18 10:00:00.128998+07', '2025-12-18 10:00:00.128998+07');
INSERT INTO card.card_fee_reminder_state VALUES ('bacafa53-1ea4-438a-b368-9bf754a194ba', 'ELEVATOR', '5d28d89b-32a3-4e3a-bb40-42d1fffe8283', '44659352-05e8-4209-9c65-893068fe08a7', '60f87622-5f0f-47f2-803d-de5781319ff8', '671dc302-7a93-42b5-9687-f42ba689df51', 'C---03', 'C', '2025-12-13', '2028-06-13', 0, 6, NULL, '2025-12-18 10:00:00.132807+07', '2025-12-18 10:00:00.132807+07');
INSERT INTO card.card_fee_reminder_state VALUES ('d4d93e39-d1d1-464b-a1d5-3718e340af70', 'ELEVATOR', '75013252-d0ca-4c66-b782-02d3bb1429f3', '4c82073a-5cd9-412f-971e-fe90b3f014b8', '1fb07f05-a7e9-416e-8925-c33b11a6ed60', 'b81a6193-a6d9-494a-8f8c-64249329904c', 'C---02', 'C', '2025-12-12', '2028-06-12', 0, 6, NULL, '2025-12-18 10:00:00.135801+07', '2025-12-18 10:00:00.135801+07');
INSERT INTO card.card_fee_reminder_state VALUES ('fb04f074-f10f-4d6d-95dc-1e6d15986a69', 'ELEVATOR', '8014dd63-3987-48ef-9ccb-a46d15074242', '6bef281e-c202-4450-93a7-8f9492745ace', '531555d4-ccdf-43c3-b970-fad9683e72d8', '04216c0e-acf9-4345-b023-761e0a4ce6ae', 'J---02', 'J', '2025-12-11', '2028-06-11', 0, 6, NULL, '2025-12-18 10:00:00.137306+07', '2025-12-18 10:00:00.137306+07');
INSERT INTO card.card_fee_reminder_state VALUES ('60de02b1-cc1d-48b7-8926-118b0158537c', 'ELEVATOR', '105f18ff-b5b7-492d-956f-c4c431b9bb49', '1cec319c-cf08-496d-af78-e83d74c258c7', '50bad366-9702-4c22-8489-c7e5f3b98a6e', '1344504a-4d44-4864-aac9-82610f8a469a', 'C---01', 'C', '2025-12-10', '2028-06-10', 0, 6, NULL, '2025-12-18 10:00:00.139312+07', '2025-12-18 10:00:00.139312+07');
INSERT INTO card.card_fee_reminder_state VALUES ('e15fc191-a2bd-4f06-8078-f7126cceb653', 'ELEVATOR', 'd1c5e805-6654-4ea1-8a03-94d7ceb2f4f4', '07afa443-915c-41f6-a6f3-ad2ba790b70e', '3a024fba-647e-4fba-8b90-e7d688a2ec00', 'ec8d7802-e711-4182-a0d6-77406fd506d1', 'C---04', 'C', '2025-12-09', '2028-06-09', 0, 6, NULL, '2025-12-18 10:00:00.142311+07', '2025-12-18 10:00:00.142311+07');
INSERT INTO card.card_fee_reminder_state VALUES ('eefeacc4-529c-4bfb-8cb8-b44c469e62c1', 'ELEVATOR', '8512b02c-ebb6-4844-aa3c-394bb2963eb6', '6bef281e-c202-4450-93a7-8f9492745ace', '531555d4-ccdf-43c3-b970-fad9683e72d8', '04216c0e-acf9-4345-b023-761e0a4ce6ae', 'J---02', 'J', '2025-12-08', '2028-06-08', 0, 6, NULL, '2025-12-18 10:00:00.144316+07', '2025-12-18 10:00:00.144316+07');
INSERT INTO card.card_fee_reminder_state VALUES ('74f8e8fe-0c26-4bb0-b898-a87a765bee95', 'ELEVATOR', 'de526d8f-bd5a-4974-94e4-867b142dd425', '44659352-05e8-4209-9c65-893068fe08a7', '60f87622-5f0f-47f2-803d-de5781319ff8', '671dc302-7a93-42b5-9687-f42ba689df51', 'C---03', 'C', '2025-12-07', '2028-06-07', 0, 6, NULL, '2025-12-18 10:00:00.146707+07', '2025-12-18 10:00:00.146707+07');
INSERT INTO card.card_fee_reminder_state VALUES ('8bbecd7e-17ff-4c56-adf1-b13dc642c853', 'ELEVATOR', '9874035d-2b67-4ed0-b8b9-127091485de9', '6bef281e-c202-4450-93a7-8f9492745ace', '531555d4-ccdf-43c3-b970-fad9683e72d8', '04216c0e-acf9-4345-b023-761e0a4ce6ae', 'J---02', 'J', '2025-12-06', '2028-06-06', 0, 6, NULL, '2025-12-18 10:00:00.148713+07', '2025-12-18 10:00:00.148713+07');
INSERT INTO card.card_fee_reminder_state VALUES ('7cd3c7ef-ce4e-45f0-ae49-cbce175587db', 'ELEVATOR', '1b62088f-e99e-4f3e-8fca-bd7bd5ea3ddd', '44659352-05e8-4209-9c65-893068fe08a7', '60f87622-5f0f-47f2-803d-de5781319ff8', '671dc302-7a93-42b5-9687-f42ba689df51', 'C---03', 'C', '2025-12-05', '2028-06-05', 0, 6, NULL, '2025-12-18 10:00:00.150713+07', '2025-12-18 10:00:00.150713+07');
INSERT INTO card.card_fee_reminder_state VALUES ('5e473411-2fea-4ad9-83c8-284092a0d824', 'ELEVATOR', '8a219784-d879-4539-950a-f6a60477ff14', '4c82073a-5cd9-412f-971e-fe90b3f014b8', '1fb07f05-a7e9-416e-8925-c33b11a6ed60', 'b81a6193-a6d9-494a-8f8c-64249329904c', 'C---02', 'C', '2025-12-04', '2028-06-04', 0, 6, NULL, '2025-12-18 10:00:00.152713+07', '2025-12-18 10:00:00.152713+07');
INSERT INTO card.card_fee_reminder_state VALUES ('579027c2-3e18-4055-b6cb-ab27c9015197', 'ELEVATOR', '66e220e9-9b36-4f56-8c02-8cb8a3c74137', '1cec319c-cf08-496d-af78-e83d74c258c7', '50bad366-9702-4c22-8489-c7e5f3b98a6e', '1344504a-4d44-4864-aac9-82610f8a469a', 'C---01', 'C', '2025-12-03', '2028-06-03', 0, 6, NULL, '2025-12-18 10:00:00.17121+07', '2025-12-18 10:00:00.17121+07');
INSERT INTO card.card_fee_reminder_state VALUES ('e0a0478a-ebe4-44d0-88fc-8391813e1ef1', 'VEHICLE', '699ee502-e830-4c56-9696-cc4f5bd93da2', '6bef281e-c202-4450-93a7-8f9492745ace', '531555d4-ccdf-43c3-b970-fad9683e72d8', '04216c0e-acf9-4345-b023-761e0a4ce6ae', 'J---02', 'J', '2025-12-16', '2028-06-16', 0, 6, NULL, '2025-12-18 10:00:00.217543+07', '2025-12-18 10:00:00.217543+07');
INSERT INTO card.card_fee_reminder_state VALUES ('d2367e94-1b2d-4933-bf1e-37d77cd05e7f', 'VEHICLE', '13555042-6caf-4273-91d4-24ee4b571c94', '44659352-05e8-4209-9c65-893068fe08a7', '60f87622-5f0f-47f2-803d-de5781319ff8', '671dc302-7a93-42b5-9687-f42ba689df51', 'C---03', 'C', '2025-12-15', '2028-06-15', 0, 6, NULL, '2025-12-18 10:00:00.222159+07', '2025-12-18 10:00:00.222159+07');
INSERT INTO card.card_fee_reminder_state VALUES ('54a1efcd-70b7-42a5-8890-e6f48a9976f8', 'VEHICLE', '4b5aa0aa-1e3d-4c56-baa6-3209546eed30', '4c82073a-5cd9-412f-971e-fe90b3f014b8', '1fb07f05-a7e9-416e-8925-c33b11a6ed60', 'b81a6193-a6d9-494a-8f8c-64249329904c', 'C---02', 'C', '2025-12-14', '2028-06-14', 0, 6, NULL, '2025-12-18 10:00:00.226478+07', '2025-12-18 10:00:00.226478+07');
INSERT INTO card.card_fee_reminder_state VALUES ('9e33a612-91dc-46bd-b58d-257714213180', 'VEHICLE', '519b1cf7-76ac-4027-8415-6ac540204c2b', '4c82073a-5cd9-412f-971e-fe90b3f014b8', '1fb07f05-a7e9-416e-8925-c33b11a6ed60', 'b81a6193-a6d9-494a-8f8c-64249329904c', 'C---02', 'C', '2025-12-13', '2028-06-13', 0, 6, NULL, '2025-12-18 10:00:00.23415+07', '2025-12-18 10:00:00.23415+07');
INSERT INTO card.card_fee_reminder_state VALUES ('da17a9d3-0cd9-4e0f-92d3-34d81d1da3f3', 'VEHICLE', '2ea5dc8e-a14a-4231-a14e-eee4ae7e1094', '44659352-05e8-4209-9c65-893068fe08a7', '60f87622-5f0f-47f2-803d-de5781319ff8', '671dc302-7a93-42b5-9687-f42ba689df51', 'C---03', 'C', '2025-12-12', '2028-06-12', 0, 6, NULL, '2025-12-18 10:00:00.240177+07', '2025-12-18 10:00:00.240177+07');
INSERT INTO card.card_fee_reminder_state VALUES ('880752cb-4c37-4c61-a548-0597af33f39c', 'VEHICLE', 'dad074a1-5962-4ce0-b39e-43b8825b3709', '4c82073a-5cd9-412f-971e-fe90b3f014b8', '1fb07f05-a7e9-416e-8925-c33b11a6ed60', 'b81a6193-a6d9-494a-8f8c-64249329904c', 'C---02', 'C', '2025-12-11', '2028-06-11', 0, 6, NULL, '2025-12-18 10:00:00.244512+07', '2025-12-18 10:00:00.244512+07');
INSERT INTO card.card_fee_reminder_state VALUES ('bf25c275-8952-4121-9c38-358ca158266d', 'VEHICLE', 'c25e630d-51ce-4d61-84fe-b97f5781687e', '44659352-05e8-4209-9c65-893068fe08a7', '60f87622-5f0f-47f2-803d-de5781319ff8', '671dc302-7a93-42b5-9687-f42ba689df51', 'C---03', 'C', '2025-12-10', '2028-06-10', 0, 6, NULL, '2025-12-18 10:00:00.249987+07', '2025-12-18 10:00:00.249987+07');
INSERT INTO card.card_fee_reminder_state VALUES ('1d61e124-e307-4947-8f6c-cb859d14b7bd', 'VEHICLE', '84fe117b-34c5-48d8-bc3e-9f65652b6239', '6bef281e-c202-4450-93a7-8f9492745ace', '531555d4-ccdf-43c3-b970-fad9683e72d8', '04216c0e-acf9-4345-b023-761e0a4ce6ae', 'J---02', 'J', '2025-12-09', '2028-06-09', 0, 6, NULL, '2025-12-18 10:00:00.267541+07', '2025-12-18 10:00:00.267541+07');
INSERT INTO card.card_fee_reminder_state VALUES ('2b8f1d3c-0c45-49bd-b2d0-3e432eaa3eea', 'VEHICLE', '2011d282-c599-4492-bb34-0101deba3a72', '1cec319c-cf08-496d-af78-e83d74c258c7', '50bad366-9702-4c22-8489-c7e5f3b98a6e', '1344504a-4d44-4864-aac9-82610f8a469a', 'C---01', 'C', '2025-12-08', '2028-06-08', 0, 6, NULL, '2025-12-18 10:00:00.273795+07', '2025-12-18 10:00:00.273795+07');
INSERT INTO card.card_fee_reminder_state VALUES ('db2a0eac-44e0-4d45-8754-04f398d60e63', 'VEHICLE', '8006717a-4f5e-4deb-83a2-49b5f7a89988', '4c82073a-5cd9-412f-971e-fe90b3f014b8', '1fb07f05-a7e9-416e-8925-c33b11a6ed60', 'b81a6193-a6d9-494a-8f8c-64249329904c', 'C---02', 'C', '2025-12-07', '2028-06-07', 0, 6, NULL, '2025-12-18 10:00:00.278927+07', '2025-12-18 10:00:00.278927+07');
INSERT INTO card.card_fee_reminder_state VALUES ('51bc73ea-f65c-463a-8fcf-12edbd603690', 'VEHICLE', '9e87def7-2333-4b7f-9510-616daeb08950', '07afa443-915c-41f6-a6f3-ad2ba790b70e', '3a024fba-647e-4fba-8b90-e7d688a2ec00', 'ec8d7802-e711-4182-a0d6-77406fd506d1', 'C---04', 'C', '2025-12-06', '2028-06-06', 0, 6, NULL, '2025-12-18 10:00:00.28401+07', '2025-12-18 10:00:00.28401+07');
INSERT INTO card.card_fee_reminder_state VALUES ('dd93a128-4f0d-4054-a50e-417215990dc8', 'VEHICLE', '9515cbae-b851-4ef6-bc14-a9949819182f', '44659352-05e8-4209-9c65-893068fe08a7', '60f87622-5f0f-47f2-803d-de5781319ff8', '671dc302-7a93-42b5-9687-f42ba689df51', 'C---03', 'C', '2025-12-05', '2028-06-05', 0, 6, NULL, '2025-12-18 10:00:00.288023+07', '2025-12-18 10:00:00.288023+07');
INSERT INTO card.card_fee_reminder_state VALUES ('d58082d9-848f-4c24-9556-ba439466c3ca', 'VEHICLE', 'a62aec33-562d-4cec-b17d-a4bea31bf866', '07afa443-915c-41f6-a6f3-ad2ba790b70e', '3a024fba-647e-4fba-8b90-e7d688a2ec00', 'ec8d7802-e711-4182-a0d6-77406fd506d1', 'C---04', 'C', '2025-12-04', '2028-06-04', 0, 6, NULL, '2025-12-18 10:00:00.293019+07', '2025-12-18 10:00:00.293019+07');
INSERT INTO card.card_fee_reminder_state VALUES ('ef302239-d47e-49de-839c-eeecbdf1bcde', 'VEHICLE', '13e1aaaf-469d-48e0-a1b8-e73d0f94886f', '1cec319c-cf08-496d-af78-e83d74c258c7', '50bad366-9702-4c22-8489-c7e5f3b98a6e', '1344504a-4d44-4864-aac9-82610f8a469a', 'C---01', 'C', '2025-12-03', '2028-06-03', 0, 6, NULL, '2025-12-18 10:00:00.297528+07', '2025-12-18 10:00:00.297528+07');
INSERT INTO card.card_fee_reminder_state VALUES ('6110bbea-d571-4d5e-8bdc-b6c6cc4e710b', 'VEHICLE', '1075d05c-f7b7-4968-99dd-305d2b156af6', '811fd21a-0a7b-45e1-ae64-f7dfd1da4101', '3b414894-4fbb-425a-ab2a-2b704573d39c', 'f0e6293d-4b28-4854-9873-fcea8ca7e20e', 'J---03', 'Tòa nhà J', '2025-12-18', '2028-06-18', 0, 6, NULL, '2025-12-18 15:45:46.117101+07', '2025-12-18 15:45:46.117101+07');
INSERT INTO card.card_fee_reminder_state VALUES ('16b9ad56-3ab1-42bd-be88-f82a10afda49', 'ELEVATOR', 'dbf74786-ed58-468a-af72-bd536e1f8ccf', '811fd21a-0a7b-45e1-ae64-f7dfd1da4101', '3b414894-4fbb-425a-ab2a-2b704573d39c', 'f0e6293d-4b28-4854-9873-fcea8ca7e20e', 'J---03', 'Tòa nhà J', '2025-12-18', '2028-06-18', 0, 6, NULL, '2025-12-18 15:48:49.215465+07', '2025-12-18 15:48:49.215465+07');
 
INSERT INTO card.card_pricing VALUES ('d17345d1-f17b-43ba-a256-8b5476cc5237', 'RESIDENT', 30000.00, 'VND', 'Phí đăng ký thẻ cư dân', true, '2025-11-26 02:40:44.071881+07', '2025-11-26 02:40:44.071881+07', NULL, NULL);
INSERT INTO card.card_pricing VALUES ('fcc9de79-4e7e-4a6b-915f-828d1618f20a', 'ELEVATOR', 30000.00, 'VND', 'Phí đăng ký thẻ thang máy', true, '2025-11-26 02:40:44.071881+07', '2025-11-26 02:40:44.071881+07', NULL, NULL);
INSERT INTO card.card_pricing VALUES ('eaf81cf4-c085-4167-91aa-a203162082f0', 'VEHICLE', 35000.00, 'VND', 'Phí đăng ký thẻ xe', true, '2025-11-26 02:40:44.071881+07', '2025-11-26 02:55:07.11429+07', 'c10e8400-e29b-41d4-a716-446655440100', 'c10e8400-e29b-41d4-a716-446655440100');
 

INSERT INTO card.elevator_card_registration VALUES ('7b39ac07-4b67-4f68-afe0-58745667e8c3', 'ec8d7802-e711-4182-a0d6-77406fd506d1', '07afa443-915c-41f6-a6f3-ad2ba790b70e', 'NEW_CARD', '3a024fba-647e-4fba-8b90-e7d688a2ec00', '0901000004', 'Thẻ thang máy mới', 'PENDING', 'PAID', 30000.00, '2025-12-17 03:49:04.89055+07', 'VNPAY', 'VNPAY_1b5c276a-cab0-4959-b3f1-2e74baa4f42d', '2025-12-15 03:49:04.89055+07', '2025-12-17 03:49:04.89055+07', 'Hoàng Thị C04', 'C---04', 'C', '001001000004', NULL, NULL, NULL, NULL, NULL);
INSERT INTO card.elevator_card_registration VALUES ('382eae3f-5f7c-4365-97c7-2d3b2f24d984', '671dc302-7a93-42b5-9687-f42ba689df51', '44659352-05e8-4209-9c65-893068fe08a7', 'NEW_CARD', '60f87622-5f0f-47f2-803d-de5781319ff8', '0901000003', 'Thay thẻ bị hỏng', 'PENDING', 'PAID', 30000.00, '2025-12-16 03:49:04.89055+07', 'VNPAY', 'VNPAY_162528bf-feba-4265-876a-c1946b42f65a', '2025-12-12 03:49:04.89055+07', '2025-12-16 03:49:04.89055+07', 'Phạm Văn C03', 'C---03', 'C', '001001000003', NULL, NULL, NULL, NULL, NULL);
INSERT INTO card.elevator_card_registration VALUES ('84e67fd5-0433-4cf1-94cf-c667f34361a5', 'b81a6193-a6d9-494a-8f8c-64249329904c', '4c82073a-5cd9-412f-971e-fe90b3f014b8', 'NEW_CARD', '1fb07f05-a7e9-416e-8925-c33b11a6ed60', '0901000002', 'Mất thẻ, cần cấp lại', 'PENDING', 'PAID', 30000.00, '2025-12-15 03:49:04.89055+07', 'VNPAY', 'VNPAY_9425dd8d-e168-400f-9add-33542e509146', '2025-12-09 03:49:04.89055+07', '2025-12-15 03:49:04.89055+07', 'Lê Thị C02', 'C---02', 'C', '001001000002', NULL, NULL, NULL, NULL, NULL);
INSERT INTO card.elevator_card_registration VALUES ('1ac6eb7c-1724-48da-8307-feb532c672f6', '671dc302-7a93-42b5-9687-f42ba689df51', '44659352-05e8-4209-9c65-893068fe08a7', 'NEW_CARD', '60f87622-5f0f-47f2-803d-de5781319ff8', '0901000003', NULL, 'PENDING', 'PAID', 30000.00, '2025-12-14 03:49:04.89055+07', 'VNPAY', 'VNPAY_cb135360-9a7f-4ecc-9411-66269836959a', '2025-12-06 03:49:04.89055+07', '2025-12-14 03:49:04.89055+07', 'Phạm Văn C03', 'C---03', 'C', '001001000003', NULL, NULL, NULL, NULL, NULL);
INSERT INTO card.elevator_card_registration VALUES ('5d28d89b-32a3-4e3a-bb40-42d1fffe8283', '671dc302-7a93-42b5-9687-f42ba689df51', '44659352-05e8-4209-9c65-893068fe08a7', 'NEW_CARD', '60f87622-5f0f-47f2-803d-de5781319ff8', '0901000003', NULL, 'PENDING', 'PAID', 30000.00, '2025-12-13 03:49:04.89055+07', 'VNPAY', 'VNPAY_22d6e44b-71b3-485e-8ddd-e463d68b0da4', '2025-12-03 03:49:04.89055+07', '2025-12-13 03:49:04.89055+07', 'Phạm Văn C03', 'C---03', 'C', '001001000003', NULL, NULL, NULL, NULL, NULL);
INSERT INTO card.elevator_card_registration VALUES ('75013252-d0ca-4c66-b782-02d3bb1429f3', 'b81a6193-a6d9-494a-8f8c-64249329904c', '4c82073a-5cd9-412f-971e-fe90b3f014b8', 'REPLACE_CARD', '1fb07f05-a7e9-416e-8925-c33b11a6ed60', '0901000002', NULL, 'PENDING', 'PAID', 30000.00, '2025-12-12 03:49:04.89055+07', 'VNPAY', 'VNPAY_62116f87-36c5-4f97-9e27-50b269e0b81f', '2025-11-30 03:49:04.89055+07', '2025-12-12 03:49:04.89055+07', 'Lê Thị C02', 'C---02', 'C', '001001000002', NULL, NULL, NULL, NULL, NULL);
INSERT INTO card.elevator_card_registration VALUES ('8014dd63-3987-48ef-9ccb-a46d15074242', '04216c0e-acf9-4345-b023-761e0a4ce6ae', '6bef281e-c202-4450-93a7-8f9492745ace', 'REPLACE_CARD', '531555d4-ccdf-43c3-b970-fad9683e72d8', '0312312321', NULL, 'PENDING', 'PAID', 30000.00, '2025-12-11 03:49:04.89055+07', 'VNPAY', 'VNPAY_f0912399-67d1-4037-8af2-a11d172f6bb9', '2025-11-27 03:49:04.89055+07', '2025-12-11 03:49:04.89055+07', 'Thànhh', 'J---02', 'J', '111111116911', NULL, NULL, NULL, NULL, NULL);
INSERT INTO card.elevator_card_registration VALUES ('105f18ff-b5b7-492d-956f-c4c431b9bb49', '1344504a-4d44-4864-aac9-82610f8a469a', '1cec319c-cf08-496d-af78-e83d74c258c7', 'REPLACE_CARD', '50bad366-9702-4c22-8489-c7e5f3b98a6e', '0901000001', NULL, 'PENDING', 'PAID', 30000.00, '2025-12-10 03:49:04.89055+07', 'VNPAY', 'VNPAY_6110ad96-876e-4f7a-a166-42b949ce2398', '2025-11-24 03:49:04.89055+07', '2025-12-10 03:49:04.89055+07', 'Trần Văn C01', 'C---01', 'C', '001001000001', NULL, NULL, NULL, NULL, NULL);
INSERT INTO card.elevator_card_registration VALUES ('d1c5e805-6654-4ea1-8a03-94d7ceb2f4f4', 'ec8d7802-e711-4182-a0d6-77406fd506d1', '07afa443-915c-41f6-a6f3-ad2ba790b70e', 'REPLACE_CARD', '3a024fba-647e-4fba-8b90-e7d688a2ec00', '0901000004', NULL, 'PENDING', 'PAID', 30000.00, '2025-12-09 03:49:04.89055+07', 'VNPAY', 'VNPAY_ac377885-bcae-4505-8cf2-2b844e6d807b', '2025-11-21 03:49:04.89055+07', '2025-12-09 03:49:04.89055+07', 'Hoàng Thị C04', 'C---04', 'C', '001001000004', NULL, NULL, NULL, NULL, NULL);
INSERT INTO card.elevator_card_registration VALUES ('8512b02c-ebb6-4844-aa3c-394bb2963eb6', '04216c0e-acf9-4345-b023-761e0a4ce6ae', '6bef281e-c202-4450-93a7-8f9492745ace', 'REPLACE_CARD', '531555d4-ccdf-43c3-b970-fad9683e72d8', '0312312321', NULL, 'PENDING', 'PAID', 30000.00, '2025-12-08 03:49:04.89055+07', 'VNPAY', 'VNPAY_89dfe19b-9394-48d6-9a2c-60867914076d', '2025-11-18 03:49:04.89055+07', '2025-12-08 03:49:04.89055+07', 'Thànhh', 'J---02', 'J', '111111116911', NULL, NULL, NULL, NULL, NULL);
INSERT INTO card.elevator_card_registration VALUES ('de526d8f-bd5a-4974-94e4-867b142dd425', '671dc302-7a93-42b5-9687-f42ba689df51', '44659352-05e8-4209-9c65-893068fe08a7', 'LOST_CARD', '60f87622-5f0f-47f2-803d-de5781319ff8', '0901000003', NULL, 'PENDING', 'PAID', 30000.00, '2025-12-07 03:49:04.89055+07', 'VNPAY', 'VNPAY_62bc422f-43ae-4854-9edb-423fa2a86f50', '2025-11-15 03:49:04.89055+07', '2025-12-07 03:49:04.89055+07', 'Phạm Văn C03', 'C---03', 'C', '001001000003', NULL, NULL, NULL, NULL, NULL);
INSERT INTO card.elevator_card_registration VALUES ('9874035d-2b67-4ed0-b8b9-127091485de9', '04216c0e-acf9-4345-b023-761e0a4ce6ae', '6bef281e-c202-4450-93a7-8f9492745ace', 'LOST_CARD', '531555d4-ccdf-43c3-b970-fad9683e72d8', '0312312321', NULL, 'PENDING', 'PAID', 30000.00, '2025-12-06 03:49:04.89055+07', 'VNPAY', 'VNPAY_715dc4d7-326f-4e37-bdee-ab5f57780d48', '2025-11-12 03:49:04.89055+07', '2025-12-06 03:49:04.89055+07', 'Thànhh', 'J---02', 'J', '111111116911', NULL, NULL, NULL, NULL, NULL);
INSERT INTO card.elevator_card_registration VALUES ('1b62088f-e99e-4f3e-8fca-bd7bd5ea3ddd', '671dc302-7a93-42b5-9687-f42ba689df51', '44659352-05e8-4209-9c65-893068fe08a7', 'LOST_CARD', '60f87622-5f0f-47f2-803d-de5781319ff8', '0901000003', NULL, 'PENDING', 'PAID', 30000.00, '2025-12-05 03:49:04.89055+07', 'VNPAY', 'VNPAY_24ca4518-8c93-4342-bc02-f5b8f25202c9', '2025-11-09 03:49:04.89055+07', '2025-12-05 03:49:04.89055+07', 'Phạm Văn C03', 'C---03', 'C', '001001000003', NULL, NULL, NULL, NULL, NULL);
INSERT INTO card.elevator_card_registration VALUES ('8a219784-d879-4539-950a-f6a60477ff14', 'b81a6193-a6d9-494a-8f8c-64249329904c', '4c82073a-5cd9-412f-971e-fe90b3f014b8', 'LOST_CARD', '1fb07f05-a7e9-416e-8925-c33b11a6ed60', '0901000002', NULL, 'PENDING', 'PAID', 30000.00, '2025-12-04 03:49:04.89055+07', 'VNPAY', 'VNPAY_8205b9fb-c82b-456b-8cd3-243653ea6bf4', '2025-11-06 03:49:04.89055+07', '2025-12-04 03:49:04.89055+07', 'Lê Thị C02', 'C---02', 'C', '001001000002', NULL, NULL, NULL, NULL, NULL);
INSERT INTO card.elevator_card_registration VALUES ('66e220e9-9b36-4f56-8c02-8cb8a3c74137', '1344504a-4d44-4864-aac9-82610f8a469a', '1cec319c-cf08-496d-af78-e83d74c258c7', 'LOST_CARD', '50bad366-9702-4c22-8489-c7e5f3b98a6e', '0901000001', NULL, 'PENDING', 'PAID', 30000.00, '2025-12-03 03:49:04.89055+07', 'VNPAY', 'VNPAY_a2b0c15a-bc8c-4489-96f7-d6755286ac26', '2025-11-03 03:49:04.89055+07', '2025-12-03 03:49:04.89055+07', 'Trần Văn C01', 'C---01', 'C', '001001000001', NULL, NULL, NULL, NULL, NULL);
INSERT INTO card.elevator_card_registration VALUES ('dbf74786-ed58-468a-af72-bd536e1f8ccf', 'f0e6293d-4b28-4854-9873-fcea8ca7e20e', '811fd21a-0a7b-45e1-ae64-f7dfd1da4101', 'NEW_CARD', '3b414894-4fbb-425a-ab2a-2b704573d39c', '0131321313', NULL, 'APPROVED', 'PAID', 30000.00, '2025-12-18 15:48:44.495076+07', 'VNPAY', '138268528_1766047698080', '2025-12-18 15:48:18.07507+07', '2025-12-18 15:49:07.560474+07', 'Thành', 'J---03', 'Tòa nhà J', '013123123131', 'ok', 'c10e8400-e29b-41d4-a716-446655440100', '2025-12-18 15:49:07.555474+07', NULL, NULL);
 

INSERT INTO card.register_vehicle VALUES ('699ee502-e830-4c56-9696-cc4f5bd93da2', '04216c0e-acf9-4345-b023-761e0a4ce6ae', 'VEHICLE_REGISTRATION', 'NEW_CARD', 'Thay thẻ bị hỏng', 'PENDING', 'Xe máy', '3000001202', 'Honda', 'Đỏ', 'PAID', 30000.00, '2025-12-16 03:49:04.89055+07', 'VNPAY', 'VNPAY_27831655-6950-4623-a0a1-f55beac4fcb3', '2025-12-12 03:49:04.89055+07', '2025-12-16 03:49:04.89055+07', '6bef281e-c202-4450-93a7-8f9492745ace', 'J---02', 'J', NULL, NULL, NULL, NULL, NULL, NULL);
INSERT INTO card.register_vehicle VALUES ('13555042-6caf-4273-91d4-24ee4b571c94', '671dc302-7a93-42b5-9687-f42ba689df51', 'VEHICLE_REGISTRATION', 'NEW_CARD', 'Mất thẻ, cần cấp lại', 'PENDING', 'Xe máy', '3000001303', 'Honda', 'Đỏ', 'PAID', 30000.00, '2025-12-15 03:49:04.89055+07', 'VNPAY', 'VNPAY_f91ebed0-eadd-409e-8060-61631557035b', '2025-12-09 03:49:04.89055+07', '2025-12-15 03:49:04.89055+07', '44659352-05e8-4209-9c65-893068fe08a7', 'C---03', 'C', NULL, NULL, NULL, NULL, NULL, NULL);
INSERT INTO card.register_vehicle VALUES ('4b5aa0aa-1e3d-4c56-baa6-3209546eed30', 'b81a6193-a6d9-494a-8f8c-64249329904c', 'VEHICLE_REGISTRATION', 'NEW_CARD', NULL, 'PENDING', 'Xe máy', '3000001404', 'Honda', 'Đỏ', 'PAID', 30000.00, '2025-12-14 03:49:04.89055+07', 'VNPAY', 'VNPAY_e268bd64-fb67-4998-9d18-e8c599e1c026', '2025-12-06 03:49:04.89055+07', '2025-12-14 03:49:04.89055+07', '4c82073a-5cd9-412f-971e-fe90b3f014b8', 'C---02', 'C', NULL, NULL, NULL, NULL, NULL, NULL);
INSERT INTO card.register_vehicle VALUES ('519b1cf7-76ac-4027-8415-6ac540204c2b', 'b81a6193-a6d9-494a-8f8c-64249329904c', 'VEHICLE_REGISTRATION', 'NEW_CARD', NULL, 'PENDING', 'Xe máy', '3000001505', 'Honda', 'Đỏ', 'PAID', 30000.00, '2025-12-13 03:49:04.89055+07', 'VNPAY', 'VNPAY_135cacfa-e3b9-4b0e-b327-3ba66808bcfa', '2025-12-03 03:49:04.89055+07', '2025-12-13 03:49:04.89055+07', '4c82073a-5cd9-412f-971e-fe90b3f014b8', 'C---02', 'C', NULL, NULL, NULL, NULL, NULL, NULL);
INSERT INTO card.register_vehicle VALUES ('2ea5dc8e-a14a-4231-a14e-eee4ae7e1094', '671dc302-7a93-42b5-9687-f42ba689df51', 'VEHICLE_REGISTRATION', 'REPLACE_CARD', NULL, 'PENDING', 'Ô tô', '5100001106', 'Yamaha', 'Xanh', 'PAID', 30000.00, '2025-12-12 03:49:04.89055+07', 'VNPAY', 'VNPAY_7aa5eb14-eb17-434a-8a83-e34a4dc43888', '2025-11-30 03:49:04.89055+07', '2025-12-12 03:49:04.89055+07', '44659352-05e8-4209-9c65-893068fe08a7', 'C---03', 'C', NULL, NULL, NULL, NULL, NULL, NULL);
INSERT INTO card.register_vehicle VALUES ('dad074a1-5962-4ce0-b39e-43b8825b3709', 'b81a6193-a6d9-494a-8f8c-64249329904c', 'VEHICLE_REGISTRATION', 'REPLACE_CARD', NULL, 'PENDING', 'Ô tô', '5100001207', 'Yamaha', 'Xanh', 'PAID', 30000.00, '2025-12-11 03:49:04.89055+07', 'VNPAY', 'VNPAY_5cefb8e6-ac76-4999-a7d1-a918da07fcab', '2025-11-27 03:49:04.89055+07', '2025-12-11 03:49:04.89055+07', '4c82073a-5cd9-412f-971e-fe90b3f014b8', 'C---02', 'C', NULL, NULL, NULL, NULL, NULL, NULL);
INSERT INTO card.register_vehicle VALUES ('c25e630d-51ce-4d61-84fe-b97f5781687e', '671dc302-7a93-42b5-9687-f42ba689df51', 'VEHICLE_REGISTRATION', 'REPLACE_CARD', NULL, 'PENDING', 'Ô tô', '5100001308', 'Yamaha', 'Xanh', 'PAID', 30000.00, '2025-12-10 03:49:04.89055+07', 'VNPAY', 'VNPAY_387e6323-5eaf-4350-91bc-af3d37fbe1c3', '2025-11-24 03:49:04.89055+07', '2025-12-10 03:49:04.89055+07', '44659352-05e8-4209-9c65-893068fe08a7', 'C---03', 'C', NULL, NULL, NULL, NULL, NULL, NULL);
INSERT INTO card.register_vehicle VALUES ('84fe117b-34c5-48d8-bc3e-9f65652b6239', '04216c0e-acf9-4345-b023-761e0a4ce6ae', 'VEHICLE_REGISTRATION', 'REPLACE_CARD', NULL, 'PENDING', 'Ô tô', '5100001409', 'Toyota', 'Trắng', 'PAID', 30000.00, '2025-12-09 03:49:04.89055+07', 'VNPAY', 'VNPAY_b944a02d-e165-4d11-9f1c-24ad08dff68b', '2025-11-21 03:49:04.89055+07', '2025-12-09 03:49:04.89055+07', '6bef281e-c202-4450-93a7-8f9492745ace', 'J---02', 'J', NULL, NULL, NULL, NULL, NULL, NULL);
INSERT INTO card.register_vehicle VALUES ('2011d282-c599-4492-bb34-0101deba3a72', '1344504a-4d44-4864-aac9-82610f8a469a', 'VEHICLE_REGISTRATION', 'REPLACE_CARD', NULL, 'PENDING', 'Ô tô', '5100001510', 'Toyota', 'Trắng', 'PAID', 30000.00, '2025-12-08 03:49:04.89055+07', 'VNPAY', 'VNPAY_98c7509c-69aa-4dce-b6e6-984ba2f803b2', '2025-11-18 03:49:04.89055+07', '2025-12-08 03:49:04.89055+07', '1cec319c-cf08-496d-af78-e83d74c258c7', 'C---01', 'C', NULL, NULL, NULL, NULL, NULL, NULL);
INSERT INTO card.register_vehicle VALUES ('8006717a-4f5e-4deb-83a2-49b5f7a89988', 'b81a6193-a6d9-494a-8f8c-64249329904c', 'VEHICLE_REGISTRATION', 'LOST_CARD', NULL, 'PENDING', 'Xe đạp', '2900001111', 'Honda', 'Đen', 'PAID', 30000.00, '2025-12-07 03:49:04.89055+07', 'VNPAY', 'VNPAY_b2abf11c-1d3f-4c54-a457-19ba3815744a', '2025-11-15 03:49:04.89055+07', '2025-12-07 03:49:04.89055+07', '4c82073a-5cd9-412f-971e-fe90b3f014b8', 'C---02', 'C', NULL, NULL, NULL, NULL, NULL, NULL);
INSERT INTO card.register_vehicle VALUES ('9e87def7-2333-4b7f-9510-616daeb08950', 'ec8d7802-e711-4182-a0d6-77406fd506d1', 'VEHICLE_REGISTRATION', 'LOST_CARD', NULL, 'PENDING', 'Xe đạp', '2900001212', 'Honda', 'Đen', 'PAID', 30000.00, '2025-12-06 03:49:04.89055+07', 'VNPAY', 'VNPAY_1f2a9cba-f164-4c7e-bb5f-f8bc182f6fc4', '2025-11-12 03:49:04.89055+07', '2025-12-06 03:49:04.89055+07', '07afa443-915c-41f6-a6f3-ad2ba790b70e', 'C---04', 'C', NULL, NULL, NULL, NULL, NULL, NULL);
INSERT INTO card.register_vehicle VALUES ('9515cbae-b851-4ef6-bc14-a9949819182f', '671dc302-7a93-42b5-9687-f42ba689df51', 'VEHICLE_REGISTRATION', 'LOST_CARD', NULL, 'PENDING', 'Xe đạp', '2900001313', 'VinFast', 'Bạc', 'PAID', 30000.00, '2025-12-05 03:49:04.89055+07', 'VNPAY', 'VNPAY_750e90fe-c7db-48d5-962d-c2aadbf8579d', '2025-11-09 03:49:04.89055+07', '2025-12-05 03:49:04.89055+07', '44659352-05e8-4209-9c65-893068fe08a7', 'C---03', 'C', NULL, NULL, NULL, NULL, NULL, NULL);
INSERT INTO card.register_vehicle VALUES ('a62aec33-562d-4cec-b17d-a4bea31bf866', 'ec8d7802-e711-4182-a0d6-77406fd506d1', 'VEHICLE_REGISTRATION', 'LOST_CARD', NULL, 'PENDING', 'Xe đạp', '2900001414', 'VinFast', 'Bạc', 'PAID', 30000.00, '2025-12-04 03:49:04.89055+07', 'VNPAY', 'VNPAY_98a0354e-d1be-4fb3-8f41-15be20bf2958', '2025-11-06 03:49:04.89055+07', '2025-12-04 03:49:04.89055+07', '07afa443-915c-41f6-a6f3-ad2ba790b70e', 'C---04', 'C', NULL, NULL, NULL, NULL, NULL, NULL);
INSERT INTO card.register_vehicle VALUES ('13e1aaaf-469d-48e0-a1b8-e73d0f94886f', '1344504a-4d44-4864-aac9-82610f8a469a', 'VEHICLE_REGISTRATION', 'LOST_CARD', NULL, 'PENDING', 'Xe đạp', '2900001515', 'VinFast', 'Bạc', 'PAID', 30000.00, '2025-12-03 03:49:04.89055+07', 'VNPAY', 'VNPAY_d3c51ddd-af54-4b57-bf07-62957e96d434', '2025-11-03 03:49:04.89055+07', '2025-12-03 03:49:04.89055+07', '1cec319c-cf08-496d-af78-e83d74c258c7', 'C---01', 'C', NULL, NULL, NULL, NULL, NULL, NULL);
INSERT INTO card.register_vehicle VALUES ('9144421f-4ff1-48fb-97e4-109897369604', '671dc302-7a93-42b5-9687-f42ba689df51', 'VEHICLE_REGISTRATION', 'NEW_CARD', 'Đăng ký thẻ xe mới', 'APPROVED', 'Xe máy', '3000001101', 'Honda', 'Đỏ', 'PAID', 30000.00, '2025-12-17 03:49:04.89055+07', 'VNPAY', 'VNPAY_2eb4ec0a-8bc1-4073-ab13-f9776ba71414', '2025-12-15 03:49:04.89055+07', '2025-12-18 03:49:21.89095+07', '44659352-05e8-4209-9c65-893068fe08a7', 'C---03', 'C', 'hehe', 'c10e8400-e29b-41d4-a716-446655440100', '2025-12-18 03:49:21.75928+07', NULL, NULL, NULL);
INSERT INTO card.register_vehicle VALUES ('1075d05c-f7b7-4968-99dd-305d2b156af6', 'f0e6293d-4b28-4854-9873-fcea8ca7e20e', 'VEHICLE_REGISTRATION', 'NEW_CARD', NULL, 'APPROVED', 'CAR', '30A74374', 'Vinfast', 'Ddor', 'PAID', 35000.00, '2025-12-18 15:45:40.557871+07', 'VNPAY', '1426768799_1766047455261', '2025-12-18 15:44:15.248588+07', '2025-12-18 15:46:22.180731+07', '811fd21a-0a7b-45e1-ae64-f7dfd1da4101', 'J---03', 'Tòa nhà J', 'tzo fnh vsp', 'c10e8400-e29b-41d4-a716-446655440100', '2025-12-18 15:46:22.170217+07', NULL, '2025-12-18 15:44:15.258592+07', NULL);
 
INSERT INTO card.register_vehicle_image VALUES ('598132ac-7e7b-40b3-a103-4e391a52a708', '1075d05c-f7b7-4968-99dd-305d2b156af6', 'https://ik.imagekit.io/fbxjffpvr/vehicle-registration/e539114f-d896-4325-9ec2-f53a34747709_OObO15va-.jpg', '2025-12-18 15:44:15.250588+07');
INSERT INTO card.register_vehicle_image VALUES ('30331a0e-be90-40ba-bb92-1b3ae24993eb', '1075d05c-f7b7-4968-99dd-305d2b156af6', 'https://ik.imagekit.io/fbxjffpvr/vehicle-registration/b34de7f9-3eab-40b6-b8d6-3ee033c99ecf_va1avVqNs.jpg', '2025-12-18 15:44:15.25459+07');

 

INSERT INTO card.resident_card_registration VALUES ('b3438422-aec0-4442-81c4-3aa721d64523', '671dc302-7a93-42b5-9687-f42ba689df51', '44659352-05e8-4209-9c65-893068fe08a7', 'NEW_CARD', '60f87622-5f0f-47f2-803d-de5781319ff8', '0901000003', 'Thẻ mới cho cư dân mới', 'PENDING', 'PAID', 30000.00, '2025-12-17 03:49:04.89055+07', 'VNPAY', 'VNPAY_342f62dc-5b7b-445b-8bde-abb5d5f40b95', '2025-12-15 03:49:04.89055+07', '2025-12-17 03:49:04.89055+07', 'Phạm Văn C03', 'C---03', 'C', '001001000003', NULL, NULL, NULL, NULL, NULL);
INSERT INTO card.resident_card_registration VALUES ('508a200b-b763-40c2-a9b3-e29bae9b8a5b', '1344504a-4d44-4864-aac9-82610f8a469a', '1cec319c-cf08-496d-af78-e83d74c258c7', 'NEW_CARD', '50bad366-9702-4c22-8489-c7e5f3b98a6e', '0901000001', 'Thay thẻ bị hỏng', 'PENDING', 'PAID', 30000.00, '2025-12-16 03:49:04.89055+07', 'VNPAY', 'VNPAY_19114a06-3d6e-42cc-bb3b-aa74ac99be7f', '2025-12-12 03:49:04.89055+07', '2025-12-16 03:49:04.89055+07', 'Trần Văn C01', 'C---01', 'C', '001001000001', NULL, NULL, NULL, NULL, NULL);
INSERT INTO card.resident_card_registration VALUES ('94ece5bb-a091-4960-9f4d-82f56f413d8b', 'ec8d7802-e711-4182-a0d6-77406fd506d1', '07afa443-915c-41f6-a6f3-ad2ba790b70e', 'NEW_CARD', '3a024fba-647e-4fba-8b90-e7d688a2ec00', '0901000004', 'Mất thẻ, cần cấp lại', 'PENDING', 'PAID', 30000.00, '2025-12-15 03:49:04.89055+07', 'VNPAY', 'VNPAY_6da6d053-e660-4237-84d1-711794b05d81', '2025-12-09 03:49:04.89055+07', '2025-12-15 03:49:04.89055+07', 'Hoàng Thị C04', 'C---04', 'C', '001001000004', NULL, NULL, NULL, NULL, NULL);
INSERT INTO card.resident_card_registration VALUES ('f477de27-27e6-4e0e-be3f-e6a6bfc99353', '1344504a-4d44-4864-aac9-82610f8a469a', '1cec319c-cf08-496d-af78-e83d74c258c7', 'NEW_CARD', '50bad366-9702-4c22-8489-c7e5f3b98a6e', '0901000001', NULL, 'PENDING', 'PAID', 30000.00, '2025-12-14 03:49:04.89055+07', 'VNPAY', 'VNPAY_2689c849-1c74-43e5-934e-96b92e5f8f5b', '2025-12-06 03:49:04.89055+07', '2025-12-14 03:49:04.89055+07', 'Trần Văn C01', 'C---01', 'C', '001001000001', NULL, NULL, NULL, NULL, NULL);
INSERT INTO card.resident_card_registration VALUES ('253a1bdb-445b-4234-9823-6865ad53c956', '04216c0e-acf9-4345-b023-761e0a4ce6ae', '6bef281e-c202-4450-93a7-8f9492745ace', 'NEW_CARD', '531555d4-ccdf-43c3-b970-fad9683e72d8', '0312312321', NULL, 'PENDING', 'PAID', 30000.00, '2025-12-13 03:49:04.89055+07', 'VNPAY', 'VNPAY_ed8c1f49-6fb4-485d-a0ce-0ce4e70e792a', '2025-12-03 03:49:04.89055+07', '2025-12-13 03:49:04.89055+07', 'Thànhh', 'J---02', 'J', '111111116911', NULL, NULL, NULL, NULL, NULL);
INSERT INTO card.resident_card_registration VALUES ('4c0cb580-72aa-4941-bafc-5498aa4ffa4c', 'b81a6193-a6d9-494a-8f8c-64249329904c', '4c82073a-5cd9-412f-971e-fe90b3f014b8', 'REPLACE_CARD', '1fb07f05-a7e9-416e-8925-c33b11a6ed60', '0901000002', NULL, 'PENDING', 'PAID', 30000.00, '2025-12-12 03:49:04.89055+07', 'VNPAY', 'VNPAY_c3b194f2-6f9e-46ab-9a38-b1a1f4996f79', '2025-11-30 03:49:04.89055+07', '2025-12-12 03:49:04.89055+07', 'Lê Thị C02', 'C---02', 'C', '001001000002', NULL, NULL, NULL, NULL, NULL);
INSERT INTO card.resident_card_registration VALUES ('2dd81dbc-7007-4059-9aac-9de280abfe32', 'b81a6193-a6d9-494a-8f8c-64249329904c', '4c82073a-5cd9-412f-971e-fe90b3f014b8', 'REPLACE_CARD', '1fb07f05-a7e9-416e-8925-c33b11a6ed60', '0901000002', NULL, 'PENDING', 'PAID', 30000.00, '2025-12-11 03:49:04.89055+07', 'VNPAY', 'VNPAY_8bf9e04b-7bb1-4db6-abe3-568fd50b2f0e', '2025-11-27 03:49:04.89055+07', '2025-12-11 03:49:04.89055+07', 'Lê Thị C02', 'C---02', 'C', '001001000002', NULL, NULL, NULL, NULL, NULL);
INSERT INTO card.resident_card_registration VALUES ('81970211-71e3-4b89-b58c-c31373171064', 'ec8d7802-e711-4182-a0d6-77406fd506d1', '07afa443-915c-41f6-a6f3-ad2ba790b70e', 'REPLACE_CARD', '3a024fba-647e-4fba-8b90-e7d688a2ec00', '0901000004', NULL, 'PENDING', 'PAID', 30000.00, '2025-12-10 03:49:04.89055+07', 'VNPAY', 'VNPAY_fbb80cb7-b04f-4305-ac99-81b6cb625b0f', '2025-11-24 03:49:04.89055+07', '2025-12-10 03:49:04.89055+07', 'Hoàng Thị C04', 'C---04', 'C', '001001000004', NULL, NULL, NULL, NULL, NULL);
INSERT INTO card.resident_card_registration VALUES ('cf6e23b4-c533-4955-a6bc-13b241f95a4b', '04216c0e-acf9-4345-b023-761e0a4ce6ae', '6bef281e-c202-4450-93a7-8f9492745ace', 'REPLACE_CARD', '531555d4-ccdf-43c3-b970-fad9683e72d8', '0312312321', NULL, 'PENDING', 'PAID', 30000.00, '2025-12-09 03:49:04.89055+07', 'VNPAY', 'VNPAY_8055af0d-b3da-4435-86c7-e3855a557366', '2025-11-21 03:49:04.89055+07', '2025-12-09 03:49:04.89055+07', 'Thànhh', 'J---02', 'J', '111111116911', NULL, NULL, NULL, NULL, NULL);
INSERT INTO card.resident_card_registration VALUES ('56b33a79-a069-4638-b0c8-174bd12aeff8', 'ec8d7802-e711-4182-a0d6-77406fd506d1', '07afa443-915c-41f6-a6f3-ad2ba790b70e', 'REPLACE_CARD', '3a024fba-647e-4fba-8b90-e7d688a2ec00', '0901000004', NULL, 'PENDING', 'PAID', 30000.00, '2025-12-08 03:49:04.89055+07', 'VNPAY', 'VNPAY_01839dca-821f-4165-aadc-f8bdef6ec084', '2025-11-18 03:49:04.89055+07', '2025-12-08 03:49:04.89055+07', 'Hoàng Thị C04', 'C---04', 'C', '001001000004', NULL, NULL, NULL, NULL, NULL);
INSERT INTO card.resident_card_registration VALUES ('22981b34-a485-4d9d-b65b-be80e7b88aa5', '1344504a-4d44-4864-aac9-82610f8a469a', '1cec319c-cf08-496d-af78-e83d74c258c7', 'LOST_CARD', '50bad366-9702-4c22-8489-c7e5f3b98a6e', '0901000001', NULL, 'PENDING', 'PAID', 30000.00, '2025-12-07 03:49:04.89055+07', 'VNPAY', 'VNPAY_8bb32aa9-adbc-4282-a452-869d507a7b87', '2025-11-15 03:49:04.89055+07', '2025-12-07 03:49:04.89055+07', 'Trần Văn C01', 'C---01', 'C', '001001000001', NULL, NULL, NULL, NULL, NULL);
INSERT INTO card.resident_card_registration VALUES ('4cd36ca9-a411-41d7-a8a1-d4b4548e5f6c', 'b81a6193-a6d9-494a-8f8c-64249329904c', '4c82073a-5cd9-412f-971e-fe90b3f014b8', 'LOST_CARD', '1fb07f05-a7e9-416e-8925-c33b11a6ed60', '0901000002', NULL, 'PENDING', 'PAID', 30000.00, '2025-12-06 03:49:04.89055+07', 'VNPAY', 'VNPAY_d0f52eff-4cd3-45a8-98cc-96b59a7272dd', '2025-11-12 03:49:04.89055+07', '2025-12-06 03:49:04.89055+07', 'Lê Thị C02', 'C---02', 'C', '001001000002', NULL, NULL, NULL, NULL, NULL);
INSERT INTO card.resident_card_registration VALUES ('f404838b-54af-4a7b-a709-cdc570adccfe', '04216c0e-acf9-4345-b023-761e0a4ce6ae', '6bef281e-c202-4450-93a7-8f9492745ace', 'LOST_CARD', '531555d4-ccdf-43c3-b970-fad9683e72d8', '0312312321', NULL, 'PENDING', 'PAID', 30000.00, '2025-12-05 03:49:04.89055+07', 'VNPAY', 'VNPAY_c8cc5647-f6ca-44fe-9556-b14a64d5e659', '2025-11-09 03:49:04.89055+07', '2025-12-05 03:49:04.89055+07', 'Thànhh', 'J---02', 'J', '111111116911', NULL, NULL, NULL, NULL, NULL);
INSERT INTO card.resident_card_registration VALUES ('f0988539-475a-4f48-9286-16476c6ca254', '671dc302-7a93-42b5-9687-f42ba689df51', '44659352-05e8-4209-9c65-893068fe08a7', 'LOST_CARD', '60f87622-5f0f-47f2-803d-de5781319ff8', '0901000003', NULL, 'PENDING', 'PAID', 30000.00, '2025-12-04 03:49:04.89055+07', 'VNPAY', 'VNPAY_61d0fe20-3f78-454c-b891-baea33634dc1', '2025-11-06 03:49:04.89055+07', '2025-12-04 03:49:04.89055+07', 'Phạm Văn C03', 'C---03', 'C', '001001000003', NULL, NULL, NULL, NULL, NULL);
INSERT INTO card.resident_card_registration VALUES ('3fd8aaf8-f4d8-4e92-a6f0-a498d9f5fcc9', 'b81a6193-a6d9-494a-8f8c-64249329904c', '4c82073a-5cd9-412f-971e-fe90b3f014b8', 'LOST_CARD', '1fb07f05-a7e9-416e-8925-c33b11a6ed60', '0901000002', NULL, 'PENDING', 'PAID', 30000.00, '2025-12-03 03:49:04.89055+07', 'VNPAY', 'VNPAY_ef8ddfec-7991-4cad-be2f-4fc3367845af', '2025-11-03 03:49:04.89055+07', '2025-12-03 03:49:04.89055+07', 'Lê Thị C02', 'C---02', 'C', '001001000002', NULL, NULL, NULL, NULL, NULL);
INSERT INTO card.resident_card_registration VALUES ('c3d40ec7-eb88-43a3-88a5-207ad9160412', '92524e9b-0761-48f1-a591-cc46b6f9699a', '3d955d0a-02c8-426c-a71b-4fc1eaa749bc', 'NEW_CARD', 'e0115e01-0f68-4237-8417-e696a5d2c257', '0891378818', NULL, 'CANCELLED', 'UNPAID', 30000.00, NULL, 'VNPAY', '2045733132_1766040321470', '2025-12-18 13:45:21.452552+07', '2025-12-18 14:06:00.963416+07', 'Vu Viet Thanh', 'F---01', 'Tòa nhà F', '012313123123', 'Auto-expired payment after 10 minutes', NULL, NULL, NULL, NULL);
INSERT INTO card.resident_card_registration VALUES ('9962319a-62b3-45f5-9d31-a4ec0b4de6ba', 'f0e6293d-4b28-4854-9873-fcea8ca7e20e', '811fd21a-0a7b-45e1-ae64-f7dfd1da4101', 'NEW_CARD', '3b414894-4fbb-425a-ab2a-2b704573d39c', '0131321313', NULL, 'CANCELLED', 'UNPAID', 30000.00, NULL, 'VNPAY', '1840068153_1766047402124', '2025-12-18 15:43:22.108779+07', '2025-12-18 16:03:29.475104+07', 'Thành', 'J---03', 'Tòa nhà J', '013123123131', 'Auto-expired payment after 10 minutes', NULL, NULL, NULL, NULL);
 

INSERT INTO content.news VALUES ('4fa4ad06-8bec-4ab2-806b-d175d2115cc5', 'Thông báo về dịch vụ bảo trì tòa nhà', 'Tòa nhà sẽ được bảo trì định kỳ vào tháng tới. Vui lòng chú ý các thông báo tiếp theo.', '<p>Tòa nhà sẽ được bảo trì định kỳ vào tháng tới. Vui lòng chú ý các thông báo tiếp theo.</p><p>Thời gian: Từ 8:00 - 17:00</p><p>Mọi thắc mắc xin liên hệ ban quản lý.</p>', 'https://example.com/images/maintenance.jpg', 'PUBLISHED', '2025-12-13 02:28:54.235443+07', '2026-01-17 02:28:54.235443+07', 1, 125, '2025-12-13 02:28:54.235443+07', '00000000-0000-0000-0000-000000000001', '2025-12-13 02:28:54.235443+07', '00000000-0000-0000-0000-000000000001', 'EXTERNAL', NULL, NULL);
INSERT INTO content.news VALUES ('6d4d9d6c-2c8f-4e97-aa03-3189c4d51acc', 'Thông báo về hệ thống thang máy tòa nhà A', 'Hệ thống thang máy tòa nhà A sẽ được nâng cấp vào tuần tới.', '<p>Hệ thống thang máy tòa nhà A sẽ được nâng cấp vào tuần tới.</p><p>Thời gian: 7:00 - 18:00</p><p>Xin lỗi vì sự bất tiện này.</p>', 'https://example.com/images/elevator.jpg', 'PUBLISHED', '2025-12-16 02:28:54.235443+07', '2026-01-02 02:28:54.235443+07', 2, 89, '2025-12-16 02:28:54.235443+07', '00000000-0000-0000-0000-000000000001', '2025-12-16 02:28:54.235443+07', '00000000-0000-0000-0000-000000000001', 'EXTERNAL', NULL, 'dc7f86b1-d05c-4184-bb08-689e79dddf68');
INSERT INTO content.news VALUES ('ec5cf675-d7aa-4172-b6be-68b98c4235d6', 'Hướng dẫn sử dụng hệ thống quản lý mới', 'Hệ thống quản lý đã được cập nhật với nhiều tính năng mới.', '<p>Hệ thống quản lý đã được cập nhật với nhiều tính năng mới.</p><p>Vui lòng đọc tài liệu hướng dẫn để nắm rõ các thay đổi.</p>', 'https://example.com/images/system-guide.jpg', 'PUBLISHED', '2025-12-08 02:28:54.235443+07', NULL, 3, 234, '2025-12-08 02:28:54.235443+07', '00000000-0000-0000-0000-000000000001', '2025-12-08 02:28:54.235443+07', '00000000-0000-0000-0000-000000000001', 'INTERNAL', 'ALL', NULL);
INSERT INTO content.news VALUES ('7a1a7c03-cb6e-44b9-bcfe-6a4abd4e1b70', 'Báo cáo tài chính tháng 11', 'Báo cáo tài chính tháng 11 đã được cập nhật trong hệ thống.', '<p>Báo cáo tài chính tháng 11 đã được cập nhật trong hệ thống.</p><p>Vui lòng xem xét và phê duyệt.</p>', NULL, 'PUBLISHED', '2025-12-17 02:28:54.235443+07', NULL, 5, 12, '2025-12-17 02:28:54.235443+07', '00000000-0000-0000-0000-000000000001', '2025-12-17 02:28:54.235443+07', '00000000-0000-0000-0000-000000000001', 'INTERNAL', 'ADMIN', NULL);
INSERT INTO content.news VALUES ('653b865b-a130-4147-9774-9865a7af2b67', 'Thông báo về việc sửa chữa hệ thống nước tòa nhà B', 'Hệ thống nước tòa nhà B sẽ được sửa chữa vào ngày mai.', '<p>Hệ thống nước tòa nhà B sẽ được sửa chữa vào ngày mai.</p><p>Thời gian: 9:00 - 16:00</p><p>Nước sẽ bị ngắt trong thời gian này.</p>', 'https://example.com/images/water-repair.jpg', 'PUBLISHED', '2025-12-17 02:28:54.235443+07', '2025-12-20 02:28:54.235443+07', 6, 156, '2025-12-17 02:28:54.235443+07', '00000000-0000-0000-0000-000000000001', '2025-12-17 02:28:54.235443+07', '00000000-0000-0000-0000-000000000001', 'EXTERNAL', NULL, '9358cc1a-4227-4bac-b42d-f4398d86e024');
INSERT INTO content.news VALUES ('097e7df8-5e38-41d0-9a81-ffec5b3a5dcf', 'Thông báo về sự kiện năm mới (Draft)', 'Sự kiện chào mừng năm mới sẽ được tổ chức vào cuối tháng 12.', '<p>Sự kiện chào mừng năm mới sẽ được tổ chức vào cuối tháng 12.</p><p>Thời gian và địa điểm sẽ được thông báo sau.</p>', 'https://example.com/images/new-year.jpg', 'DRAFT', NULL, NULL, 7, 0, '2025-12-18 02:28:54.235443+07', '00000000-0000-0000-0000-000000000001', '2025-12-18 02:28:54.235443+07', '00000000-0000-0000-0000-000000000001', 'EXTERNAL', NULL, NULL);
INSERT INTO content.news VALUES ('e5c53ca7-2ecd-4f28-ab6d-447448a16d6b', 'Hướng dẫn bảo trì thiết bị mới', 'Các thiết bị bảo trì mới đã được cập nhật. Vui lòng xem hướng dẫn sử dụng.', '<p>Các thiết bị bảo trì mới đã được cập nhật.</p><p>Vui lòng xem hướng dẫn sử dụng trong tài liệu đính kèm.</p>', NULL, 'PUBLISHED', '2025-12-11 02:28:54.235443+07', NULL, 8, 45, '2025-12-11 02:28:54.235443+07', '00000000-0000-0000-0000-000000000001', '2025-12-11 02:28:54.235443+07', '00000000-0000-0000-0000-000000000001', 'INTERNAL', 'TECHNICIAN', NULL);
INSERT INTO content.news VALUES ('f3ff814b-35ae-41c2-8396-59bffec21dab', 'Thông báo về sự kiện đã kết thúc', 'Sự kiện này đã kết thúc.', '<p>Sự kiện này đã kết thúc.</p>', 'https://example.com/images/event-ended.jpg', 'EXPIRED', '2025-10-19 02:28:54.235443+07', '2025-11-18 02:28:54.235443+07', 9, 567, '2025-10-19 02:28:54.235443+07', '00000000-0000-0000-0000-000000000001', '2025-11-18 02:28:54.235443+07', '00000000-0000-0000-0000-000000000001', 'EXTERNAL', NULL, NULL);
INSERT INTO content.news VALUES ('7fb08235-50e5-45a1-ab92-f0a15b613fc1', 'Thông báo về việc lắp đặt camera an ninh tòa nhà C', 'Hệ thống camera an ninh mới sẽ được lắp đặt tại tòa nhà C.', '<p>Hệ thống camera an ninh mới sẽ được lắp đặt tại tòa nhà C.</p><p>Thời gian: Tuần tới</p><p>Mọi thắc mắc xin liên hệ ban quản lý.</p>', 'https://example.com/images/security-camera.jpg', 'PUBLISHED', '2025-12-15 02:28:54.235443+07', '2026-01-07 02:28:54.235443+07', 10, 201, '2025-12-15 02:28:54.235443+07', '00000000-0000-0000-0000-000000000001', '2025-12-15 02:28:54.235443+07', '00000000-0000-0000-0000-000000000001', 'EXTERNAL', NULL, '7c050951-978b-4017-b74c-8eb7e4c45648');
INSERT INTO content.news VALUES ('9e8b991a-a2e1-43f0-848a-63c4b5768186', 'Họp bàn về quy trình thanh toán mới', 'Cuộc họp về quy trình thanh toán mới sẽ được tổ chức vào tuần tới.', '<p>Cuộc họp về quy trình thanh toán mới sẽ được tổ chức vào tuần tới.</p><p>Thời gian: 14:00 - 16:00</p><p>Địa điểm: Phòng họp tầng 1</p>', NULL, 'SCHEDULED', '2025-12-23 02:28:54.235443+07', NULL, 11, 0, '2025-12-18 02:28:54.235443+07', '00000000-0000-0000-0000-000000000001', '2025-12-18 02:28:54.235443+07', '00000000-0000-0000-0000-000000000001', 'INTERNAL', 'ACCOUNTANT', NULL);
INSERT INTO content.news VALUES ('8313d7ab-a87e-467d-b0f1-01bee26c40b5', 'Thông báo về dịch vụ vệ sinh tòa nhà', 'Dịch vụ vệ sinh tòa nhà sẽ được thực hiện vào thứ 7 hàng tuần.', '<p>Dịch vụ vệ sinh tòa nhà sẽ được thực hiện vào thứ 7 hàng tuần.</p><p>Thời gian: 8:00 - 12:00</p><p>Vui lòng dọn dẹp đồ đạc trước giờ vệ sinh.</p>', 'https://example.com/images/cleaning.jpg', 'PUBLISHED', '2025-12-03 02:28:54.235443+07', NULL, 12, 342, '2025-12-03 02:28:54.235443+07', '00000000-0000-0000-0000-000000000001', '2025-12-03 02:28:54.235443+07', '00000000-0000-0000-0000-000000000001', 'EXTERNAL', NULL, NULL);
INSERT INTO content.news VALUES ('ffed08ef-ee26-4441-9202-11242aeb0079', 'Thông báo đã bị ẩn', 'Thông báo này đã bị ẩn khỏi danh sách.', '<p>Thông báo này đã bị ẩn khỏi danh sách.</p>', NULL, 'HIDDEN', '2025-11-28 02:28:54.235443+07', NULL, 13, 89, '2025-11-28 02:28:54.235443+07', '00000000-0000-0000-0000-000000000001', '2025-12-17 02:28:54.235443+07', '00000000-0000-0000-0000-000000000001', 'EXTERNAL', NULL, NULL);
INSERT INTO content.news VALUES ('23d8c5f4-6de2-49fc-8f77-6d0d625ea348', 'Cập nhật chính sách làm việc từ xa', 'Chính sách làm việc từ xa đã được cập nhật. Vui lòng xem chi tiết.', '<p>Chính sách làm việc từ xa đã được cập nhật.</p><p>Vui lòng xem chi tiết trong tài liệu đính kèm.</p>', NULL, 'PUBLISHED', '2025-12-14 02:28:54.235443+07', NULL, 14, 78, '2025-12-14 02:28:54.235443+07', '00000000-0000-0000-0000-000000000001', '2025-12-14 02:28:54.235443+07', '00000000-0000-0000-0000-000000000001', 'INTERNAL', 'ALL', NULL);
INSERT INTO content.news VALUES ('35bc1217-49ba-4f35-bfcb-000acf5743bc', 'Thông báo đã được lưu trữ', 'Thông báo này đã được lưu trữ.', '<p>Thông báo này đã được lưu trữ.</p>', NULL, 'ARCHIVED', '2025-09-19 02:28:54.235443+07', '2025-10-19 02:28:54.235443+07', 15, 1234, '2025-09-19 02:28:54.235443+07', '00000000-0000-0000-0000-000000000001', '2025-10-19 02:28:54.235443+07', '00000000-0000-0000-0000-000000000001', 'EXTERNAL', NULL, NULL);
INSERT INTO content.news VALUES ('638729d4-1fc0-4dac-bd96-7ff2085fa365', 'Thông báo về chương trình khuyến mãi tháng 12', 'Chương trình khuyến mãi đặc biệt dành cho cư dân trong tháng 12.', '<p>Chương trình khuyến mãi đặc biệt dành cho cư dân trong tháng 12.</p><p>Giảm 20% phí dịch vụ cho các hóa đơn thanh toán trước ngày 25/12.</p>', 'https://example.com/images/promotion.jpg', 'PUBLISHED', '2025-12-21 02:28:54.235443+07', '2026-01-17 02:28:54.235443+07', 4, 0, '2025-12-18 02:28:54.235443+07', '00000000-0000-0000-0000-000000000001', '2025-12-21 10:20:00.133656+07', '00000000-0000-0000-0000-000000000001', 'EXTERNAL', NULL, NULL);


INSERT INTO content.news_images VALUES ('7a061027-64c5-4365-8172-6588b063018f', 'a0f4a032-77d1-414f-b7b1-21ead54a5ee3', 'http://localhost:8082/files/news/detail_1.jpg', 'Khu vực bảo trì', 0, '2025-10-24 11:47:58.016094+07', NULL, NULL);
INSERT INTO content.news_images VALUES ('ddf382ea-e0b9-4854-acef-e2c440ef8551', 'a0f4a032-77d1-414f-b7b1-21ead54a5ee3', 'http://localhost:8082/files/news/detail_2.jpg', 'Lịch trình chi tiết', 1, '2025-10-24 11:47:58.016094+07', NULL, NULL);
INSERT INTO content.news_images VALUES ('e2f3ff4f-2b77-4012-b06c-e49f1035aa6c', '6fa0757b-c7bb-45ac-841c-123da5a9328c', 'http://localhost:8082/files/news/detail_1.jpg', 'Khu vực bảo trì', 0, '2025-10-24 12:09:45.064889+07', NULL, NULL);
INSERT INTO content.news_images VALUES ('f0103deb-370e-49ab-94e5-7a2b1875e136', '6fa0757b-c7bb-45ac-841c-123da5a9328c', 'http://localhost:8082/files/news/detail_2.jpg', 'Lịch trình chi tiết', 1, '2025-10-24 12:09:45.064889+07', NULL, NULL);
INSERT INTO content.news_images VALUES ('f22ea990-b8a8-4e34-ad81-860991dc2bf8', 'ad2d7fae-ac5f-4f9a-bc76-48dc66370c56', 'http://localhost:8082/files/news/detail_1.jpg', 'Khu vực bảo trì', 0, '2025-10-24 12:12:19.42882+07', NULL, NULL);
INSERT INTO content.news_images VALUES ('930f89d2-7b7b-4328-8815-78fbb969987c', 'ad2d7fae-ac5f-4f9a-bc76-48dc66370c56', 'http://localhost:8082/files/news/detail_2.jpg', 'Lịch trình chi tiết', 1, '2025-10-24 12:12:19.42882+07', NULL, NULL);
INSERT INTO content.news_images VALUES ('1b91c86a-6895-4ba7-b2c1-a92eebe2e405', '1035fe01-21a8-4df3-8d98-375c37aca76e', 'http://localhost:8082/files/news/detail_1.jpg', 'Khu vực bảo trì', 0, '2025-10-24 12:14:37.861197+07', NULL, NULL);
INSERT INTO content.news_images VALUES ('958156e5-5f57-4d6f-8155-6d3bca81e6b1', '1035fe01-21a8-4df3-8d98-375c37aca76e', 'http://localhost:8082/files/news/detail_2.jpg', 'Lịch trình chi tiết', 1, '2025-10-24 12:14:37.861197+07', NULL, NULL);
INSERT INTO content.news_images VALUES ('a11f6dce-36c7-4386-b1a9-facb0f296d21', '86aec6bf-b087-41ff-9af8-1f0847da169e', 'http://localhost:8082/files/news/detail_1.jpg', 'Khu vực bảo trì', 0, '2025-10-25 04:24:29.523993+07', NULL, NULL);
INSERT INTO content.news_images VALUES ('ffecfb6e-dccd-44b0-87cc-e200c412c888', '86aec6bf-b087-41ff-9af8-1f0847da169e', 'http://localhost:8082/files/news/detail_2.jpg', 'Lịch trình chi tiết', 1, '2025-10-25 04:24:29.523993+07', NULL, NULL);
INSERT INTO content.news_images VALUES ('ce670669-504e-43bd-b07a-e41bb2096478', '7894ba7f-4185-4510-901b-0dfa73c440a4', 'http://localhost:8082/files/news/detail_1.jpg', 'Khu vực bảo trì', 0, '2025-10-25 04:37:41.607687+07', NULL, NULL);
INSERT INTO content.news_images VALUES ('415c24ca-bd69-4dd2-9ab6-1512958b8f89', '7894ba7f-4185-4510-901b-0dfa73c440a4', 'http://localhost:8082/files/news/detail_2.jpg', 'Lịch trình chi tiết', 1, '2025-10-25 04:37:41.607687+07', NULL, NULL);
INSERT INTO content.news_images VALUES ('a8c909b3-da1e-48c4-9cfd-3319c1926a8e', '70c6481d-445f-47bb-8aaf-c1c42cf159af', 'http://localhost:8082/files/news/detail_1.jpg', 'Khu vực bảo trì', 0, '2025-11-02 18:56:08.457785+07', NULL, NULL);
INSERT INTO content.news_images VALUES ('0dd5b901-eb79-4540-b45c-b8a9e9c95bf9', '70c6481d-445f-47bb-8aaf-c1c42cf159af', 'http://localhost:8082/files/news/detail_2.jpg', 'Lịch trình chi tiết', 1, '2025-11-02 18:56:08.457785+07', NULL, NULL);
INSERT INTO content.news_images VALUES ('153c4f9e-4a9a-490e-8cae-29d95d5f1d42', '14084377-cbc6-4664-8c86-5eb85df27cfb', 'http://localhost:8082/files/news/detail_1.jpg', 'Khu vực bảo trì', 0, '2025-11-04 21:48:29.069167+07', NULL, NULL);
INSERT INTO content.news_images VALUES ('0a956bfa-6d6e-45e5-99b1-bf7d290a1333', '14084377-cbc6-4664-8c86-5eb85df27cfb', 'http://localhost:8082/files/news/detail_2.jpg', 'Lịch trình chi tiết', 1, '2025-11-04 21:48:29.069167+07', NULL, NULL);
INSERT INTO content.news_images VALUES ('e58358ab-e6b2-4931-8c2c-598b413903c6', '70217130-3647-403a-9d13-6245c4169421', 'http://localhost:8082/files/news/detail_1.jpg', 'Khu vực bảo trì', 0, '2025-11-10 03:15:34.385377+07', NULL, NULL);
INSERT INTO content.news_images VALUES ('75215686-6b88-4abd-929c-14de44701872', '70217130-3647-403a-9d13-6245c4169421', 'http://localhost:8082/files/news/detail_2.jpg', 'Lịch trình chi tiết', 1, '2025-11-10 03:15:34.385377+07', NULL, NULL);


INSERT INTO content.notification_device_token VALUES ('c3b27b8f-3856-4a71-8f1d-cfcb00d39196', '92524e9b-0761-48f1-a591-cc46b6f9699a', 'e0115e01-0f68-4237-8417-e696a5d2c257', 'ae331b32-9c70-4069-8236-5429a1689910', 'resident', 'epwLihyaS6uf8aDZNswu88:APA91bFmFq7-xmxFytH9hJhjv8dX9pjoq7_9sqY8qcMfEeNnYFGS_DeYtg6hNGVnnLnDT-OWR8gxBHMqOxs0gogwftD4CvrS6uTzC4rB--GapH0gbF_7OLA', 'android', '0.1.0', '2025-12-18 13:41:49.679277+07', '2025-12-18 13:39:37.700865+07', '2025-12-18 13:41:49.677476+07', false);
INSERT INTO content.notification_device_token VALUES ('c20efa39-65d4-4dc6-9482-c703973347c7', '0c7ff939-1341-42ad-ac6a-2f76e829e790', 'abd9ef48-2e78-4ec5-9ac1-c435a64bfe96', '9358cc1a-4227-4bac-b42d-f4398d86e024', 'resident', 'cra0UgPlQDSuLFe-1MYr0t:APA91bHNuWghGCAawe7fYu_4vdUDuoSRSmjDT8jpNtu8QjvDvYuoV1yy4UTfKdXDvIX4QMUeafujeLwNevj2BKfZFBjWGEW6vnejf7SQNk5fEdGQe5CFPC0', 'android', '0.1.0', '2025-12-18 19:43:30.155165+07', '2025-12-18 16:02:58.740064+07', '2025-12-18 19:43:30.154173+07', false);


INSERT INTO content.notifications VALUES ('09d48555-dfe0-4d22-b3f9-e516523d3437', 'INFO', 'Thông báo về dịch vụ bảo trì', 'Tòa nhà sẽ được bảo trì định kỳ vào tháng tới. Vui lòng chú ý các thông báo tiếp theo.', 'EXTERNAL', NULL, NULL, NULL, NULL, '/base/news', 'https://example.com/icons/info.png', '2025-12-13 02:36:54.643569+07', '2025-12-13 02:36:54.643569+07', NULL, NULL, NULL);
INSERT INTO content.notifications VALUES ('824ae8c2-5332-40aa-a245-1c2f3dea24ba', 'BILL', 'Hóa đơn mới đã được phát hành', 'Hóa đơn tháng 12/2025 đã được phát hành. Vui lòng thanh toán trước ngày 25/12/2025.', 'EXTERNAL', NULL, 'dc7f86b1-d05c-4184-bb08-689e79dddf68', '20e5f72d-9aa6-4ff3-b094-6e217eaef6a4', 'INVOICE', '/base/finance/invoices', 'https://example.com/icons/bill.png', '2025-12-16 02:36:54.643569+07', '2025-12-16 02:36:54.643569+07', NULL, NULL, NULL);
INSERT INTO content.notifications VALUES ('cb94dfdc-79c4-4794-b9bb-2adc537d7407', 'CONTRACT', 'Nhắc nhở gia hạn hợp đồng', 'Hợp đồng của bạn sắp hết hạn trong 30 ngày. Vui lòng liên hệ ban quản lý để gia hạn.', 'EXTERNAL', NULL, NULL, '6f637d2c-a9fd-4080-a5da-fc76f5185841', 'CONTRACT', '/base/contract/rental-review', 'https://example.com/icons/contract.png', '2025-12-17 02:36:54.643569+07', '2025-12-17 02:36:54.643569+07', NULL, NULL, '550e8400-e29b-41d4-a716-446655440102');
INSERT INTO content.notifications VALUES ('4361c8d2-06f2-40fa-b868-ae80e95bd5fb', 'ELECTRICITY', 'Thông báo về hóa đơn điện', 'Hóa đơn điện tháng 12/2025 đã được phát hành. Số tiền: 500,000 VNĐ.', 'EXTERNAL', NULL, '9358cc1a-4227-4bac-b42d-f4398d86e024', '20e5f72d-9aa6-4ff3-b094-6e217eaef6a4', 'INVOICE', '/base/finance/invoices', 'https://example.com/icons/electricity.png', '2025-12-15 02:36:54.643569+07', '2025-12-15 02:36:54.643569+07', NULL, NULL, NULL);
INSERT INTO content.notifications VALUES ('606c2942-4233-4f9b-8b04-fcf58a5babed', 'WATER', 'Thông báo về hóa đơn nước', 'Hóa đơn nước tháng 12/2025 đã được phát hành. Số tiền: 300,000 VNĐ.', 'EXTERNAL', NULL, '7c050951-978b-4017-b74c-8eb7e4c45648', '20e5f72d-9aa6-4ff3-b094-6e217eaef6a4', 'INVOICE', '/base/finance/invoices', 'https://example.com/icons/water.png', '2025-12-14 02:36:54.643569+07', '2025-12-14 02:36:54.643569+07', NULL, NULL, NULL);
INSERT INTO content.notifications VALUES ('961be98e-30ee-4c9d-a853-0d268c799e9e', 'SYSTEM', 'Hệ thống đã được cập nhật', 'Hệ thống quản lý đã được cập nhật lên phiên bản mới. Vui lòng đăng nhập lại để sử dụng các tính năng mới.', 'INTERNAL', 'ALL', NULL, NULL, NULL, '/base/dashboard', 'https://example.com/icons/system.png', '2025-12-08 02:36:54.643569+07', '2025-12-08 02:36:54.643569+07', NULL, NULL, NULL);
INSERT INTO content.notifications VALUES ('66415ff2-85d3-479b-8cfd-6fd83c815d85', 'REQUEST', 'Yêu cầu của bạn đã được xử lý', 'Yêu cầu sửa chữa của bạn đã được xử lý. Vui lòng kiểm tra kết quả.', 'EXTERNAL', NULL, NULL, 'f8424ff8-80a4-4125-96b8-9ab08a18786e', 'SERVICE_REQUEST', '/base/services', 'https://example.com/icons/request.png', '2025-12-12 02:36:54.643569+07', '2025-12-12 02:36:54.643569+07', NULL, NULL, NULL);
INSERT INTO content.notifications VALUES ('f0681fba-ef6e-4230-8478-31530fa687ee', 'SYSTEM', 'Báo cáo hàng ngày', 'Báo cáo hoạt động hàng ngày đã được tạo. Vui lòng xem xét.', 'INTERNAL', 'ADMIN', NULL, NULL, NULL, '/base/reports', 'https://example.com/icons/report.png', '2025-12-17 02:36:54.643569+07', '2025-12-17 02:36:54.643569+07', NULL, NULL, NULL);
INSERT INTO content.notifications VALUES ('17a61b06-e886-4c59-a04f-e599c257e286', 'CARD_APPROVED', 'Thẻ của bạn đã được phê duyệt', 'Đơn đăng ký thẻ của bạn đã được phê duyệt. Vui lòng đến ban quản lý để nhận thẻ.', 'EXTERNAL', NULL, NULL, '1a00922c-3fa0-47e4-ba1e-16aa10043d4a', 'CARD_REGISTRATION', '/base/cards', 'https://example.com/icons/card-approved.png', '2025-12-11 02:36:54.643569+07', '2025-12-11 02:36:54.643569+07', NULL, NULL, '550e8400-e29b-41d4-a716-446655440102');
INSERT INTO content.notifications VALUES ('405e57a9-df40-41f1-9a34-d3c774a05a54', 'CARD_REJECTED', 'Đơn đăng ký thẻ của bạn đã bị từ chối', 'Đơn đăng ký thẻ của bạn đã bị từ chối. Vui lòng liên hệ ban quản lý để biết thêm chi tiết.', 'EXTERNAL', NULL, NULL, '0ea878a5-9e3b-4c5d-9758-2afaeaf68e3a', 'CARD_REGISTRATION', '/base/cards', 'https://example.com/icons/card-rejected.png', '2025-12-10 02:36:54.643569+07', '2025-12-10 02:36:54.643569+07', NULL, NULL, '550e8400-e29b-41d4-a716-446655440102');
INSERT INTO content.notifications VALUES ('b32ff7a9-7f79-408d-a937-fcb8610a7f3b', 'CARD_FEE_REMINDER', 'Nhắc nhở phí thẻ', 'Phí thẻ hàng tháng của bạn đã đến hạn thanh toán. Vui lòng thanh toán trước ngày 25/12/2025.', 'EXTERNAL', NULL, NULL, '9fd73d05-635e-4928-9630-f5645a8170df', 'CARD_FEE', '/base/finance/invoices', 'https://example.com/icons/card-fee.png', '2025-12-16 02:36:54.643569+07', '2025-12-16 02:36:54.643569+07', NULL, NULL, NULL);
INSERT INTO content.notifications VALUES ('49ebd03c-8204-4722-9b95-9a59ca0ad9e5', 'SYSTEM', 'Công việc mới được phân công', 'Bạn có một công việc bảo trì mới được phân công. Vui lòng kiểm tra và xử lý.', 'INTERNAL', 'TECHNICIAN', NULL, 'da1c2fdd-127f-41da-a3ad-36bb8c9d5d1e', 'MAINTENANCE_TASK', '/base/maintenance', 'https://example.com/icons/task.png', '2025-12-15 02:36:54.643569+07', '2025-12-15 02:36:54.643569+07', NULL, NULL, NULL);
INSERT INTO content.notifications VALUES ('e0330c94-06f4-4564-a9ca-eacb24314036', 'BILL', 'Hóa đơn đã bị xóa', 'Hóa đơn này đã bị xóa.', 'EXTERNAL', NULL, NULL, '20e5f72d-9aa6-4ff3-b094-6e217eaef6a4', 'INVOICE', '/base/finance/invoices', 'https://example.com/icons/bill.png', '2025-11-28 02:36:54.643569+07', '2025-11-28 02:36:54.643569+07', '2025-12-13 02:36:54.643569+07', '00000000-0000-0000-0000-000000000001', NULL);
INSERT INTO content.notifications VALUES ('7e770120-1c1a-4602-bda7-7c3125d1e4ea', 'INFO', 'Thông báo về sự kiện tòa nhà A', 'Sự kiện giao lưu cư dân tòa nhà A sẽ được tổ chức vào cuối tuần này.', 'EXTERNAL', NULL, 'dc7f86b1-d05c-4184-bb08-689e79dddf68', NULL, NULL, '/base/events', 'https://example.com/icons/event.png', '2025-12-17 02:36:54.643569+07', '2025-12-17 02:36:54.643569+07', NULL, NULL, NULL);
INSERT INTO content.notifications VALUES ('99ddbe66-fc1f-4054-b5d5-4909288555e9', 'SYSTEM', 'Nhắc nhở báo cáo tài chính', 'Báo cáo tài chính tháng 12/2025 cần được hoàn thành trước ngày 31/12/2025.', 'INTERNAL', 'ACCOUNTANT', NULL, NULL, NULL, '/base/finance/reports', 'https://example.com/icons/finance-report.png', '2025-12-13 02:36:54.643569+07', '2025-12-13 02:36:54.643569+07', NULL, NULL, NULL);
INSERT INTO content.notifications VALUES ('74677f89-fdf9-487a-adb9-271751a7d897', 'CARD_APPROVED', 'Thẻ cư dân đã được duyệt', 'Thẻ cư dân của Phạm Văn C03 đã chấp nhận và cư dân sẽ nhận vào 18/12/2025 03:40.', 'EXTERNAL', NULL, NULL, '5720a842-bea0-4e37-8290-60ef0b42bb98', 'RESIDENT_CARD_REGISTRATION', NULL, NULL, '2025-12-18 03:40:24.728675+07', '2025-12-18 03:40:24.728675+07', NULL, NULL, '60f87622-5f0f-47f2-803d-de5781319ff8');
INSERT INTO content.notifications VALUES ('08fc6eed-ffba-477b-934c-1f28c74f10c5', 'CARD_APPROVED', 'Thẻ xe đã được duyệt', 'Thẻ xe với biển số 3000001101 được tạo thành công và sẽ nhận vào 18/12/2025 03:49.', 'EXTERNAL', NULL, NULL, '9144421f-4ff1-48fb-97e4-109897369604', 'VEHICLE_CARD_REGISTRATION', NULL, NULL, '2025-12-18 03:49:21.864488+07', '2025-12-18 03:49:21.864488+07', NULL, NULL, '60f87622-5f0f-47f2-803d-de5781319ff8');
INSERT INTO content.notifications VALUES ('a900f01a-8978-4724-afe0-5f69bfc380d4', 'SYSTEM', 'Nhắc nhở gia hạn hợp đồng (Lần 2)', 'Hợp đồng TEST-RENEWAL-D-D---02-REMINDED-2 của bạn sắp hết hạn. Vui lòng gia hạn hoặc hủy hợp đồng ngay.', 'EXTERNAL', NULL, NULL, '699eddde-c73d-4f5e-a70a-77ea39fa1338', 'CONTRACT_RENEWAL', '/contracts/699eddde-c73d-4f5e-a70a-77ea39fa1338/renewal', NULL, '2025-12-18 14:43:41.474308+07', '2025-12-18 14:43:41.474308+07', NULL, NULL, '4ba321bb-d5e7-42d8-94e0-4a3217c75fdc');
INSERT INTO content.notifications VALUES ('fcf2738f-0bd0-4fef-902c-3202d8822fa4', 'SYSTEM', 'Nhắc nhở gia hạn hợp đồng (Lần 2)', 'Hợp đồng TEST-RENEWAL-D-D---02-REMINDED-2 của bạn sắp hết hạn. Vui lòng gia hạn hoặc hủy hợp đồng ngay.', 'EXTERNAL', NULL, NULL, '699eddde-c73d-4f5e-a70a-77ea39fa1338', 'CONTRACT_RENEWAL', '/contracts/699eddde-c73d-4f5e-a70a-77ea39fa1338/renewal', NULL, '2025-12-18 14:43:41.528418+07', '2025-12-18 14:43:41.528418+07', NULL, NULL, 'b7926339-b64a-4edd-96d5-74f7cbdffd9a');
INSERT INTO content.notifications VALUES ('4a9571a4-3343-4a6a-a8b1-297ca2edf4f3', 'SYSTEM', 'Nhắc nhở gia hạn hợp đồng (Lần 2)', 'Hợp đồng TEST-RENEWAL-E-E---02-REMINDED-2 của bạn sắp hết hạn. Vui lòng gia hạn hoặc hủy hợp đồng ngay.', 'EXTERNAL', NULL, NULL, 'cfb4d13c-6fe8-4759-ab3a-f41646036fec', 'CONTRACT_RENEWAL', '/contracts/cfb4d13c-6fe8-4759-ab3a-f41646036fec/renewal', NULL, '2025-12-18 14:43:41.573288+07', '2025-12-18 14:43:41.573288+07', NULL, NULL, 'b506b581-eb6b-462f-96b1-c76efcbb84b5');
INSERT INTO content.notifications VALUES ('b80ecab5-90fb-44c4-8e1e-7305a6940ddb', 'SYSTEM', 'Nhắc nhở gia hạn hợp đồng (Lần 2)', 'Hợp đồng TEST-RENEWAL-E-E---02-REMINDED-2 của bạn sắp hết hạn. Vui lòng gia hạn hoặc hủy hợp đồng ngay.', 'EXTERNAL', NULL, NULL, 'cfb4d13c-6fe8-4759-ab3a-f41646036fec', 'CONTRACT_RENEWAL', '/contracts/cfb4d13c-6fe8-4759-ab3a-f41646036fec/renewal', NULL, '2025-12-18 14:43:41.589053+07', '2025-12-18 14:43:41.589053+07', NULL, NULL, 'e2ea11a3-7dae-47e4-9f4b-c2dac507a5ed');
INSERT INTO content.notifications VALUES ('81da6dda-48a2-4fe1-9b3b-a717785dced9', 'SYSTEM', 'Nhắc nhở gia hạn hợp đồng (Lần 2)', 'Hợp đồng TEST-RENEWAL-G-G---02-REMINDED-2 của bạn sắp hết hạn. Vui lòng gia hạn hoặc hủy hợp đồng ngay.', 'EXTERNAL', NULL, NULL, 'ad232191-d5e8-4c86-aac6-1400f7600701', 'CONTRACT_RENEWAL', '/contracts/ad232191-d5e8-4c86-aac6-1400f7600701/renewal', NULL, '2025-12-18 14:43:41.634894+07', '2025-12-18 14:43:41.634894+07', NULL, NULL, '0eef271f-8ac8-4fdf-8ab3-b1d170733347');
INSERT INTO content.notifications VALUES ('0e7ef8dc-0255-4b95-b899-beb5c883bdeb', 'SYSTEM', 'Nhắc nhở gia hạn hợp đồng (Lần 2)', 'Hợp đồng TEST-RENEWAL-G-G---02-REMINDED-2 của bạn sắp hết hạn. Vui lòng gia hạn hoặc hủy hợp đồng ngay.', 'EXTERNAL', NULL, NULL, 'ad232191-d5e8-4c86-aac6-1400f7600701', 'CONTRACT_RENEWAL', '/contracts/ad232191-d5e8-4c86-aac6-1400f7600701/renewal', NULL, '2025-12-18 14:43:41.666958+07', '2025-12-18 14:43:41.666958+07', NULL, NULL, '7d65c04f-4d03-4413-a165-247d678bafaf');
INSERT INTO content.notifications VALUES ('b695dbf1-b88d-4d41-a466-71cbeab8e340', 'SYSTEM', 'Nhắc nhở gia hạn hợp đồng (Lần 2)', 'Hợp đồng TEST-RENEWAL-C-C---02-REMINDED-2 của bạn sắp hết hạn. Vui lòng gia hạn hoặc hủy hợp đồng ngay.', 'EXTERNAL', NULL, NULL, 'db079e42-48b0-4616-9308-ae5d132deab7', 'CONTRACT_RENEWAL', '/contracts/db079e42-48b0-4616-9308-ae5d132deab7/renewal', NULL, '2025-12-18 14:43:41.712636+07', '2025-12-18 14:43:41.712636+07', NULL, NULL, '1fb07f05-a7e9-416e-8925-c33b11a6ed60');
INSERT INTO content.notifications VALUES ('3da0adbd-ab4f-4323-9023-3032591a6969', 'SYSTEM', 'Nhắc nhở gia hạn hợp đồng (Lần 2)', 'Hợp đồng TEST-RENEWAL-C-C---02-REMINDED-2 của bạn sắp hết hạn. Vui lòng gia hạn hoặc hủy hợp đồng ngay.', 'EXTERNAL', NULL, NULL, 'db079e42-48b0-4616-9308-ae5d132deab7', 'CONTRACT_RENEWAL', '/contracts/db079e42-48b0-4616-9308-ae5d132deab7/renewal', NULL, '2025-12-18 14:43:41.728476+07', '2025-12-18 14:43:41.728476+07', NULL, NULL, '3177405b-f141-4907-a67f-4d96c511e638');
INSERT INTO content.notifications VALUES ('4cdb7b72-f8f2-4fbc-b975-64073a5e40fd', 'SYSTEM', 'Nhắc nhở gia hạn hợp đồng (Lần 2)', 'Hợp đồng TEST-RENEWAL-J-J---02-REMINDED-2 của bạn sắp hết hạn. Vui lòng gia hạn hoặc hủy hợp đồng ngay.', 'EXTERNAL', NULL, NULL, '9dc4cbde-7326-41bd-93ee-fb2e01088f61', 'CONTRACT_RENEWAL', '/contracts/9dc4cbde-7326-41bd-93ee-fb2e01088f61/renewal', NULL, '2025-12-18 14:43:42.188804+07', '2025-12-18 14:43:42.188804+07', NULL, NULL, '531555d4-ccdf-43c3-b970-fad9683e72d8');
INSERT INTO content.notifications VALUES ('34f4be87-9845-49d2-90b5-4f33a270af95', 'REQUEST', 'Yêu cầu đăng ký thành viên đã được duyệt', 'Thành viên VŨ VIẾT THÀNH đã được thêm vào căn hộ. Tòa nhà: Tòa nhà J', 'EXTERNAL', NULL, NULL, 'b8c95121-b575-41fc-9754-a3ec67aa205f', 'HOUSEHOLD_MEMBER_REQUEST', NULL, NULL, '2025-12-18 15:54:53.140057+07', '2025-12-18 15:54:53.140057+07', NULL, NULL, '3b414894-4fbb-425a-ab2a-2b704573d39c');
INSERT INTO content.notifications VALUES ('071c6ff5-301b-4096-98a4-172ee6879dfd', 'REQUEST', 'Yêu cầu tạo tài khoản đã được duyệt', 'Ban quản trị đã tạo tài khoản cho thành viên của bạn. Tòa nhà: Tòa nhà J', 'EXTERNAL', NULL, NULL, '56ae767c-ab9c-4fe3-a156-c17adb40afac', 'ACCOUNT_CREATION_REQUEST', NULL, NULL, '2025-12-18 15:56:00.631796+07', '2025-12-18 15:56:00.631796+07', NULL, NULL, '3b414894-4fbb-425a-ab2a-2b704573d39c');
INSERT INTO content.notifications VALUES ('015556e8-0406-486f-b184-8207eb14de19', 'ELECTRICITY', 'Hóa đơn điện mới', 'Hóa đơn điện mới đã được tạo với số tiền 12,300 VND. Số lượng sử dụng: 100.000 kWh. Vui lòng thanh toán trước ngày 2025-12-22.', 'EXTERNAL', NULL, NULL, 'cdecd6a4-b4db-48ab-9efe-22a73ea89468', 'INVOICE', NULL, NULL, '2025-12-18 16:00:33.717789+07', '2025-12-18 16:00:33.717789+07', NULL, NULL, '3a024fba-647e-4fba-8b90-e7d688a2ec00');
INSERT INTO content.notifications VALUES ('55d756e2-3e60-4237-a1e5-266d28cc7f14', 'ELECTRICITY', 'Hóa đơn điện mới', 'Hóa đơn điện mới đã được tạo với số tiền 12,300 VND. Số lượng sử dụng: 100.000 kWh. Vui lòng thanh toán trước ngày 2025-12-22.', 'EXTERNAL', NULL, NULL, '4ecafcf0-0257-4ea5-8b2c-57b530b51dcc', 'INVOICE', NULL, NULL, '2025-12-18 16:00:33.761452+07', '2025-12-18 16:00:33.761452+07', NULL, NULL, '60f87622-5f0f-47f2-803d-de5781319ff8');
INSERT INTO content.notifications VALUES ('fbed5bc0-867c-4e81-8b35-8347dbb83586', 'ELECTRICITY', 'Hóa đơn điện mới', 'Hóa đơn điện mới đã được tạo với số tiền 12,300 VND. Số lượng sử dụng: 100.000 kWh. Vui lòng thanh toán trước ngày 2025-12-22.', 'EXTERNAL', NULL, NULL, 'a531d1be-86bb-4320-9b29-0451a6b2db6a', 'INVOICE', NULL, NULL, '2025-12-18 16:00:33.806364+07', '2025-12-18 16:00:33.806364+07', NULL, NULL, '3b414894-4fbb-425a-ab2a-2b704573d39c');
INSERT INTO content.notifications VALUES ('397b8a39-d663-4373-9bd0-bef1b9fa648f', 'ELECTRICITY', 'Hóa đơn điện mới', 'Hóa đơn điện mới đã được tạo với số tiền 12,300 VND. Số lượng sử dụng: 100.000 kWh. Vui lòng thanh toán trước ngày 2025-12-22.', 'EXTERNAL', NULL, NULL, 'e72e187a-cbf5-463f-b1dc-fca210837de3', 'INVOICE', NULL, NULL, '2025-12-18 16:00:33.853074+07', '2025-12-18 16:00:33.853074+07', NULL, NULL, '6cb76cfa-ae46-4be3-8194-5bc1e43fe3c2');
INSERT INTO content.notifications VALUES ('771f54ef-1c4d-4b8e-a77e-b990d00c68ac', 'ELECTRICITY', 'Hóa đơn điện mới', 'Hóa đơn điện mới đã được tạo với số tiền 12,300 VND. Số lượng sử dụng: 100.000 kWh. Vui lòng thanh toán trước ngày 2025-12-22.', 'EXTERNAL', NULL, NULL, '3a0527e5-0787-4c27-932e-31df5b94b033', 'INVOICE', NULL, NULL, '2025-12-18 16:00:33.900836+07', '2025-12-18 16:00:33.900836+07', NULL, NULL, 'f8ad3179-164b-4a1f-9f5a-11b64e8c2186');
INSERT INTO content.notifications VALUES ('b578aed9-d347-47fe-b0f6-b072d69f5379', 'ELECTRICITY', 'Hóa đơn điện mới', 'Hóa đơn điện mới đã được tạo với số tiền 12,300 VND. Số lượng sử dụng: 100.000 kWh. Vui lòng thanh toán trước ngày 2025-12-22.', 'EXTERNAL', NULL, NULL, '7f94e699-31ab-4280-970a-46b298cd4220', 'INVOICE', NULL, NULL, '2025-12-18 16:00:33.947915+07', '2025-12-18 16:00:33.947915+07', NULL, NULL, '1ba3b51a-4af0-4a1b-93f8-4c4738390dbc');
INSERT INTO content.notifications VALUES ('dc709995-cb8e-4441-8317-72db9d3f32a3', 'ELECTRICITY', 'Hóa đơn điện mới', 'Hóa đơn điện mới đã được tạo với số tiền 12,300 VND. Số lượng sử dụng: 100.000 kWh. Vui lòng thanh toán trước ngày 2025-12-22.', 'EXTERNAL', NULL, NULL, '430f6048-b8dd-494c-81d6-c924e66bf434', 'INVOICE', NULL, NULL, '2025-12-18 16:00:33.994422+07', '2025-12-18 16:00:33.994422+07', NULL, NULL, 'e0115e01-0f68-4237-8417-e696a5d2c257');
INSERT INTO content.notifications VALUES ('0c5fc0b7-0b66-472d-a79c-ef2420b9ffd5', 'ELECTRICITY', 'Hóa đơn điện mới', 'Hóa đơn điện mới đã được tạo với số tiền 12,300 VND. Số lượng sử dụng: 100.000 kWh. Vui lòng thanh toán trước ngày 2025-12-22.', 'EXTERNAL', NULL, NULL, 'd1e85e15-53f1-48e0-ac3c-034b4d441491', 'INVOICE', NULL, NULL, '2025-12-18 16:00:34.040596+07', '2025-12-18 16:00:34.040596+07', NULL, NULL, 'c0b5a2cd-e1b0-4808-9436-05a3dceb88d9');
INSERT INTO content.notifications VALUES ('d40e04ba-9867-44a8-b9cb-e9b667aeacfe', 'ELECTRICITY', 'Hóa đơn điện mới', 'Hóa đơn điện mới đã được tạo với số tiền 12,300 VND. Số lượng sử dụng: 100.000 kWh. Vui lòng thanh toán trước ngày 2025-12-22.', 'EXTERNAL', NULL, NULL, '61cdf649-02a4-404f-8e9d-1275be74500f', 'INVOICE', NULL, NULL, '2025-12-18 16:00:34.101429+07', '2025-12-18 16:00:34.101429+07', NULL, NULL, '4ba321bb-d5e7-42d8-94e0-4a3217c75fdc');
INSERT INTO content.notifications VALUES ('4f728f09-c9f3-4f34-b81d-e494de1c283e', 'ELECTRICITY', 'Hóa đơn điện mới', 'Hóa đơn điện mới đã được tạo với số tiền 12,300 VND. Số lượng sử dụng: 100.000 kWh. Vui lòng thanh toán trước ngày 2025-12-22.', 'EXTERNAL', NULL, NULL, 'bca96230-1cef-4332-80ca-5523efd5dfbe', 'INVOICE', NULL, NULL, '2025-12-18 16:00:34.147954+07', '2025-12-18 16:00:34.147954+07', NULL, NULL, 'b506b581-eb6b-462f-96b1-c76efcbb84b5');
INSERT INTO content.notifications VALUES ('a9cf84c8-30c4-4510-a550-d057115111a9', 'ELECTRICITY', 'Hóa đơn điện mới', 'Hóa đơn điện mới đã được tạo với số tiền 12,300 VND. Số lượng sử dụng: 100.000 kWh. Vui lòng thanh toán trước ngày 2025-12-22.', 'EXTERNAL', NULL, NULL, 'f1f7d405-f83b-4308-ba68-d498f84a9982', 'INVOICE', NULL, NULL, '2025-12-18 16:00:34.209422+07', '2025-12-18 16:00:34.209422+07', NULL, NULL, '531555d4-ccdf-43c3-b970-fad9683e72d8');
INSERT INTO content.notifications VALUES ('f7988384-ad7c-47a3-b444-d28d13d65123', 'ELECTRICITY', 'Hóa đơn điện mới', 'Hóa đơn điện mới đã được tạo với số tiền 12,300 VND. Số lượng sử dụng: 100.000 kWh. Vui lòng thanh toán trước ngày 2025-12-22.', 'EXTERNAL', NULL, NULL, '4140765a-cb9b-4288-8609-7c66e76ca12a', 'INVOICE', NULL, NULL, '2025-12-18 16:00:34.255851+07', '2025-12-18 16:00:34.255851+07', NULL, NULL, '1fb07f05-a7e9-416e-8925-c33b11a6ed60');
INSERT INTO content.notifications VALUES ('fa9f7cad-7395-44df-bf01-300bd42d0d07', 'ELECTRICITY', 'Hóa đơn điện mới', 'Hóa đơn điện mới đã được tạo với số tiền 12,300 VND. Số lượng sử dụng: 100.000 kWh. Vui lòng thanh toán trước ngày 2025-12-22.', 'EXTERNAL', NULL, NULL, '786178df-e4e6-46b8-97f1-4bda74079bc7', 'INVOICE', NULL, NULL, '2025-12-18 16:00:34.303048+07', '2025-12-18 16:00:34.303048+07', NULL, NULL, 'e360cef7-194c-4105-bfa9-60e14ff92310');
INSERT INTO content.notifications VALUES ('dc979a7a-ebeb-4101-b1c7-c5964f2fde88', 'ELECTRICITY', 'Hóa đơn điện mới', 'Hóa đơn điện mới đã được tạo với số tiền 12,300 VND. Số lượng sử dụng: 100.000 kWh. Vui lòng thanh toán trước ngày 2025-12-22.', 'EXTERNAL', NULL, NULL, '5491354b-c17a-40f9-bdda-8ce28f8f2621', 'INVOICE', NULL, NULL, '2025-12-18 16:00:34.351032+07', '2025-12-18 16:00:34.351032+07', NULL, NULL, '06076f6f-9985-47e4-92ea-d33cf6c87d57');
INSERT INTO content.notifications VALUES ('a3935446-a7cf-43dc-80f3-617fb7e4e1c6', 'ELECTRICITY', 'Hóa đơn điện mới', 'Hóa đơn điện mới đã được tạo với số tiền 12,300 VND. Số lượng sử dụng: 100.000 kWh. Vui lòng thanh toán trước ngày 2025-12-22.', 'EXTERNAL', NULL, NULL, '4115b996-e9f3-49c7-a45d-85cac8b185c4', 'INVOICE', NULL, NULL, '2025-12-18 16:00:34.398569+07', '2025-12-18 16:00:34.398569+07', NULL, NULL, 'dbf130f6-8bc5-4b23-81d4-f4fb9b84b6e6');
INSERT INTO content.notifications VALUES ('37400b3f-09e0-447a-ac76-70215477bc55', 'ELECTRICITY', 'Hóa đơn điện mới', 'Hóa đơn điện mới đã được tạo với số tiền 12,300 VND. Số lượng sử dụng: 100.000 kWh. Vui lòng thanh toán trước ngày 2025-12-22.', 'EXTERNAL', NULL, NULL, '9f7f060c-2517-490b-b33f-286b6cfde021', 'INVOICE', NULL, NULL, '2025-12-18 16:00:34.445316+07', '2025-12-18 16:00:34.445316+07', NULL, NULL, '0eef271f-8ac8-4fdf-8ab3-b1d170733347');
INSERT INTO content.notifications VALUES ('3ced2946-c533-453b-8c66-ffd6f5ea9382', 'ELECTRICITY', 'Hóa đơn điện mới', 'Hóa đơn điện mới đã được tạo với số tiền 12,300 VND. Số lượng sử dụng: 100.000 kWh. Vui lòng thanh toán trước ngày 2025-12-22.', 'EXTERNAL', NULL, NULL, 'ffec809b-762e-4c48-8c62-29ce7bbde878', 'INVOICE', NULL, NULL, '2025-12-18 16:00:34.491192+07', '2025-12-18 16:00:34.491192+07', NULL, NULL, 'abd9ef48-2e78-4ec5-9ac1-c435a64bfe96');
INSERT INTO content.notifications VALUES ('3a974654-7f8b-431b-a105-732918fcd615', 'ELECTRICITY', 'Hóa đơn điện mới', 'Hóa đơn điện mới đã được tạo với số tiền 12,300 VND. Số lượng sử dụng: 100.000 kWh. Vui lòng thanh toán trước ngày 2025-12-22.', 'EXTERNAL', NULL, NULL, 'cd2a9e54-b10e-424a-8a4f-7561218b8ba4', 'INVOICE', NULL, NULL, '2025-12-18 16:00:34.537225+07', '2025-12-18 16:00:34.537225+07', NULL, NULL, 'c3804396-535c-489a-8cd2-7f05f60e48a2');
INSERT INTO content.notifications VALUES ('4e702e53-8e78-46cb-8e4a-88c52dac654e', 'ELECTRICITY', 'Hóa đơn điện mới', 'Hóa đơn điện mới đã được tạo với số tiền 12,300 VND. Số lượng sử dụng: 100.000 kWh. Vui lòng thanh toán trước ngày 2025-12-22.', 'EXTERNAL', NULL, NULL, '362a8dd8-f77f-4904-aec4-387ea01ee25a', 'INVOICE', NULL, NULL, '2025-12-18 16:00:34.600259+07', '2025-12-18 16:00:34.600259+07', NULL, NULL, '48a70c25-a2d5-4ef2-b15f-29862b47680e');
INSERT INTO content.notifications VALUES ('cbae43da-d221-4162-812c-e02875dd590f', 'ELECTRICITY', 'Hóa đơn điện mới', 'Hóa đơn điện mới đã được tạo với số tiền 12,300 VND. Số lượng sử dụng: 100.000 kWh. Vui lòng thanh toán trước ngày 2025-12-22.', 'EXTERNAL', NULL, NULL, '54c7c26a-8bfd-4f1c-9f3c-dda1f36f55dc', 'INVOICE', NULL, NULL, '2025-12-18 16:00:34.644558+07', '2025-12-18 16:00:34.644558+07', NULL, NULL, '68d985fa-4ffc-4735-93c9-7bb6cece6d06');
INSERT INTO content.notifications VALUES ('5212c696-5ad5-47df-8f14-1d8279fd5af8', 'ELECTRICITY', 'Hóa đơn điện mới', 'Hóa đơn điện mới đã được tạo với số tiền 12,300 VND. Số lượng sử dụng: 100.000 kWh. Vui lòng thanh toán trước ngày 2025-12-22.', 'EXTERNAL', NULL, NULL, '936aa1f4-f38c-4831-8d77-7d2aac088b78', 'INVOICE', NULL, NULL, '2025-12-18 16:00:34.689528+07', '2025-12-18 16:00:34.689528+07', NULL, NULL, '0f26a206-1195-4fc1-bd59-34b5ace88a7b');
INSERT INTO content.notifications VALUES ('659fa379-5af9-4177-9a93-6b66d1b271dc', 'ELECTRICITY', 'Hóa đơn điện mới', 'Hóa đơn điện mới đã được tạo với số tiền 12,300 VND. Số lượng sử dụng: 100.000 kWh. Vui lòng thanh toán trước ngày 2025-12-22.', 'EXTERNAL', NULL, NULL, '39ebb2d1-0202-400b-8a23-1eaccb7b88de', 'INVOICE', NULL, NULL, '2025-12-18 16:00:34.7369+07', '2025-12-18 16:00:34.7369+07', NULL, NULL, 'd4ab86e8-950d-421a-bb19-b52284666470');
INSERT INTO content.notifications VALUES ('49aa0cae-16d2-44d1-9dec-d092fb72ab4b', 'BILL', 'Hóa đơn mới - INV-20251221230343', 'Bạn có hóa đơn mới với số tiền 2.550 ₫. Hạn thanh toán: 22/12/2025', 'EXTERNAL', NULL, NULL, '50767b5f-5aac-4fe2-8238-47d6f6b8e84e', 'INVOICE', NULL, NULL, '2025-12-21 23:03:44.031712+07', '2025-12-21 23:03:44.031712+07', NULL, NULL, 'c3804396-535c-489a-8cd2-7f05f60e48a2');
INSERT INTO content.notifications VALUES ('b0058ff4-0967-4459-94ec-888a81370e94', 'ELECTRICITY', 'Hóa đơn điện mới', 'Hóa đơn điện mới đã được tạo với số tiền 12,300 VND. Số lượng sử dụng: 100.000 kWh. Vui lòng thanh toán trước ngày 2025-12-22.', 'EXTERNAL', NULL, NULL, '3a8b5bb6-998a-4775-8750-e3e249e6e568', 'INVOICE', NULL, NULL, '2025-12-18 16:00:34.782987+07', '2025-12-18 16:00:34.782987+07', NULL, NULL, '50bad366-9702-4c22-8489-c7e5f3b98a6e');
INSERT INTO content.notifications VALUES ('b7e896ea-8e81-46e8-95d2-fdf5ccbde158', 'ELECTRICITY', 'Hóa đơn điện mới', 'Hóa đơn điện mới đã được tạo với số tiền 12,300 VND. Số lượng sử dụng: 100.000 kWh. Vui lòng thanh toán trước ngày 2025-12-22.', 'EXTERNAL', NULL, NULL, 'f2c24ce8-5452-427b-93df-acdddfcd1548', 'INVOICE', NULL, NULL, '2025-12-18 16:00:34.830015+07', '2025-12-18 16:00:34.830015+07', NULL, NULL, 'fb7ad25e-c61b-471d-888e-1f4b34b0ad9f');
INSERT INTO content.notifications VALUES ('2fc0b4d6-80f3-4a95-bbde-9f47271d81ee', 'SYSTEM', 'Nhắc nhở gia hạn hợp đồng (Lần 2)', 'Hợp đồng TEST-RENEWAL-D-D---02-REMINDED-2 của bạn sắp hết hạn. Vui lòng gia hạn hoặc hủy hợp đồng ngay.', 'EXTERNAL', NULL, NULL, '699eddde-c73d-4f5e-a70a-77ea39fa1338', 'CONTRACT_RENEWAL', '/contracts/699eddde-c73d-4f5e-a70a-77ea39fa1338/renewal', NULL, '2025-12-18 16:03:40.834963+07', '2025-12-18 16:03:40.834963+07', NULL, NULL, '4ba321bb-d5e7-42d8-94e0-4a3217c75fdc');
INSERT INTO content.notifications VALUES ('6c1cf69d-2e23-41b5-8647-04fc32094b03', 'SYSTEM', 'Nhắc nhở gia hạn hợp đồng (Lần 2)', 'Hợp đồng TEST-RENEWAL-D-D---02-REMINDED-2 của bạn sắp hết hạn. Vui lòng gia hạn hoặc hủy hợp đồng ngay.', 'EXTERNAL', NULL, NULL, '699eddde-c73d-4f5e-a70a-77ea39fa1338', 'CONTRACT_RENEWAL', '/contracts/699eddde-c73d-4f5e-a70a-77ea39fa1338/renewal', NULL, '2025-12-18 16:03:40.85009+07', '2025-12-18 16:03:40.85009+07', NULL, NULL, 'b7926339-b64a-4edd-96d5-74f7cbdffd9a');
INSERT INTO content.notifications VALUES ('b487901e-1bfa-46e4-ab05-55a03a939329', 'SYSTEM', 'Nhắc nhở gia hạn hợp đồng (Lần 2)', 'Hợp đồng TEST-RENEWAL-E-E---02-REMINDED-2 của bạn sắp hết hạn. Vui lòng gia hạn hoặc hủy hợp đồng ngay.', 'EXTERNAL', NULL, NULL, 'cfb4d13c-6fe8-4759-ab3a-f41646036fec', 'CONTRACT_RENEWAL', '/contracts/cfb4d13c-6fe8-4759-ab3a-f41646036fec/renewal', NULL, '2025-12-18 16:03:40.880354+07', '2025-12-18 16:03:40.880354+07', NULL, NULL, 'b506b581-eb6b-462f-96b1-c76efcbb84b5');
INSERT INTO content.notifications VALUES ('36e4ab57-5694-40d5-83e4-ae459054b7b5', 'SYSTEM', 'Nhắc nhở gia hạn hợp đồng (Lần 2)', 'Hợp đồng TEST-RENEWAL-E-E---02-REMINDED-2 của bạn sắp hết hạn. Vui lòng gia hạn hoặc hủy hợp đồng ngay.', 'EXTERNAL', NULL, NULL, 'cfb4d13c-6fe8-4759-ab3a-f41646036fec', 'CONTRACT_RENEWAL', '/contracts/cfb4d13c-6fe8-4759-ab3a-f41646036fec/renewal', NULL, '2025-12-18 16:03:40.896355+07', '2025-12-18 16:03:40.896355+07', NULL, NULL, 'e2ea11a3-7dae-47e4-9f4b-c2dac507a5ed');
INSERT INTO content.notifications VALUES ('2b0203d8-7c4b-49ea-8fa4-79881141dfb6', 'SYSTEM', 'Nhắc nhở gia hạn hợp đồng (Lần 2)', 'Hợp đồng TEST-RENEWAL-G-G---02-REMINDED-2 của bạn sắp hết hạn. Vui lòng gia hạn hoặc hủy hợp đồng ngay.', 'EXTERNAL', NULL, NULL, 'ad232191-d5e8-4c86-aac6-1400f7600701', 'CONTRACT_RENEWAL', '/contracts/ad232191-d5e8-4c86-aac6-1400f7600701/renewal', NULL, '2025-12-18 16:03:40.927498+07', '2025-12-18 16:03:40.927498+07', NULL, NULL, '0eef271f-8ac8-4fdf-8ab3-b1d170733347');
INSERT INTO content.notifications VALUES ('1b5aecce-aa26-4cdb-9de6-900d4ba05a50', 'SYSTEM', 'Nhắc nhở gia hạn hợp đồng (Lần 2)', 'Hợp đồng TEST-RENEWAL-G-G---02-REMINDED-2 của bạn sắp hết hạn. Vui lòng gia hạn hoặc hủy hợp đồng ngay.', 'EXTERNAL', NULL, NULL, 'ad232191-d5e8-4c86-aac6-1400f7600701', 'CONTRACT_RENEWAL', '/contracts/ad232191-d5e8-4c86-aac6-1400f7600701/renewal', NULL, '2025-12-18 16:03:40.942849+07', '2025-12-18 16:03:40.942849+07', NULL, NULL, '7d65c04f-4d03-4413-a165-247d678bafaf');
INSERT INTO content.notifications VALUES ('4ac2d3c5-fb0a-42a7-9c48-a4708b34118c', 'SYSTEM', 'Nhắc nhở gia hạn hợp đồng (Lần 2)', 'Hợp đồng TEST-RENEWAL-C-C---02-REMINDED-2 của bạn sắp hết hạn. Vui lòng gia hạn hoặc hủy hợp đồng ngay.', 'EXTERNAL', NULL, NULL, 'db079e42-48b0-4616-9308-ae5d132deab7', 'CONTRACT_RENEWAL', '/contracts/db079e42-48b0-4616-9308-ae5d132deab7/renewal', NULL, '2025-12-18 16:03:40.97459+07', '2025-12-18 16:03:40.97459+07', NULL, NULL, '1fb07f05-a7e9-416e-8925-c33b11a6ed60');
INSERT INTO content.notifications VALUES ('c3c9eb7c-56f4-4422-b821-2d1ffbb3b621', 'SYSTEM', 'Nhắc nhở gia hạn hợp đồng (Lần 2)', 'Hợp đồng TEST-RENEWAL-C-C---02-REMINDED-2 của bạn sắp hết hạn. Vui lòng gia hạn hoặc hủy hợp đồng ngay.', 'EXTERNAL', NULL, NULL, 'db079e42-48b0-4616-9308-ae5d132deab7', 'CONTRACT_RENEWAL', '/contracts/db079e42-48b0-4616-9308-ae5d132deab7/renewal', NULL, '2025-12-18 16:03:40.990744+07', '2025-12-18 16:03:40.990744+07', NULL, NULL, '3177405b-f141-4907-a67f-4d96c511e638');
INSERT INTO content.notifications VALUES ('3c32b1fc-c1fe-4799-9b49-5e4432412af4', 'SYSTEM', 'Nhắc nhở gia hạn hợp đồng (Lần 2)', 'Hợp đồng TEST-RENEWAL-J-J---02-REMINDED-2 của bạn sắp hết hạn. Vui lòng gia hạn hoặc hủy hợp đồng ngay.', 'EXTERNAL', NULL, NULL, '9dc4cbde-7326-41bd-93ee-fb2e01088f61', 'CONTRACT_RENEWAL', '/contracts/9dc4cbde-7326-41bd-93ee-fb2e01088f61/renewal', NULL, '2025-12-18 16:03:41.190702+07', '2025-12-18 16:03:41.190702+07', NULL, NULL, '531555d4-ccdf-43c3-b970-fad9683e72d8');
INSERT INTO content.notifications VALUES ('d0bb6d86-e644-4bf9-8ac8-5f19de0532c8', 'SYSTEM', 'Nhắc nhở gia hạn hợp đồng (Lần 2)', 'Hợp đồng TEST-RENEWAL-D-D---02-REMINDED-2 của bạn sắp hết hạn. Vui lòng gia hạn hoặc hủy hợp đồng ngay.', 'EXTERNAL', NULL, NULL, '699eddde-c73d-4f5e-a70a-77ea39fa1338', 'CONTRACT_RENEWAL', '/contracts/699eddde-c73d-4f5e-a70a-77ea39fa1338/renewal', NULL, '2025-12-18 16:05:03.990109+07', '2025-12-18 16:05:03.990109+07', NULL, NULL, '4ba321bb-d5e7-42d8-94e0-4a3217c75fdc');
INSERT INTO content.notifications VALUES ('b76822ab-596d-47e6-ac50-8c8980ee969f', 'SYSTEM', 'Nhắc nhở gia hạn hợp đồng (Lần 2)', 'Hợp đồng TEST-RENEWAL-D-D---02-REMINDED-2 của bạn sắp hết hạn. Vui lòng gia hạn hoặc hủy hợp đồng ngay.', 'EXTERNAL', NULL, NULL, '699eddde-c73d-4f5e-a70a-77ea39fa1338', 'CONTRACT_RENEWAL', '/contracts/699eddde-c73d-4f5e-a70a-77ea39fa1338/renewal', NULL, '2025-12-18 16:05:04.012283+07', '2025-12-18 16:05:04.012283+07', NULL, NULL, 'b7926339-b64a-4edd-96d5-74f7cbdffd9a');
INSERT INTO content.notifications VALUES ('547bee1c-ee8b-49bd-bb0f-2af4e7482c70', 'SYSTEM', 'Nhắc nhở gia hạn hợp đồng (Lần 2)', 'Hợp đồng TEST-RENEWAL-E-E---02-REMINDED-2 của bạn sắp hết hạn. Vui lòng gia hạn hoặc hủy hợp đồng ngay.', 'EXTERNAL', NULL, NULL, 'cfb4d13c-6fe8-4759-ab3a-f41646036fec', 'CONTRACT_RENEWAL', '/contracts/cfb4d13c-6fe8-4759-ab3a-f41646036fec/renewal', NULL, '2025-12-18 16:05:04.042816+07', '2025-12-18 16:05:04.042816+07', NULL, NULL, 'b506b581-eb6b-462f-96b1-c76efcbb84b5');
INSERT INTO content.notifications VALUES ('84bb7736-7b6e-44f7-8361-ca150940cd81', 'SYSTEM', 'Nhắc nhở gia hạn hợp đồng (Lần 2)', 'Hợp đồng TEST-RENEWAL-E-E---02-REMINDED-2 của bạn sắp hết hạn. Vui lòng gia hạn hoặc hủy hợp đồng ngay.', 'EXTERNAL', NULL, NULL, 'cfb4d13c-6fe8-4759-ab3a-f41646036fec', 'CONTRACT_RENEWAL', '/contracts/cfb4d13c-6fe8-4759-ab3a-f41646036fec/renewal', NULL, '2025-12-18 16:05:04.058551+07', '2025-12-18 16:05:04.058551+07', NULL, NULL, 'e2ea11a3-7dae-47e4-9f4b-c2dac507a5ed');
INSERT INTO content.notifications VALUES ('5a33040a-1ea6-4620-9ed8-a8902575c926', 'SYSTEM', 'Nhắc nhở gia hạn hợp đồng (Lần 2)', 'Hợp đồng TEST-RENEWAL-G-G---02-REMINDED-2 của bạn sắp hết hạn. Vui lòng gia hạn hoặc hủy hợp đồng ngay.', 'EXTERNAL', NULL, NULL, 'ad232191-d5e8-4c86-aac6-1400f7600701', 'CONTRACT_RENEWAL', '/contracts/ad232191-d5e8-4c86-aac6-1400f7600701/renewal', NULL, '2025-12-18 16:05:04.089436+07', '2025-12-18 16:05:04.089436+07', NULL, NULL, '0eef271f-8ac8-4fdf-8ab3-b1d170733347');
INSERT INTO content.notifications VALUES ('2b70fdea-534e-4e3f-9998-212498ea2d16', 'SYSTEM', 'Nhắc nhở gia hạn hợp đồng (Lần 2)', 'Hợp đồng TEST-RENEWAL-G-G---02-REMINDED-2 của bạn sắp hết hạn. Vui lòng gia hạn hoặc hủy hợp đồng ngay.', 'EXTERNAL', NULL, NULL, 'ad232191-d5e8-4c86-aac6-1400f7600701', 'CONTRACT_RENEWAL', '/contracts/ad232191-d5e8-4c86-aac6-1400f7600701/renewal', NULL, '2025-12-18 16:05:04.104966+07', '2025-12-18 16:05:04.104966+07', NULL, NULL, '7d65c04f-4d03-4413-a165-247d678bafaf');
INSERT INTO content.notifications VALUES ('a96ed46c-1243-4b7e-a3c8-2ef5a9c4280c', 'SYSTEM', 'Nhắc nhở gia hạn hợp đồng (Lần 2)', 'Hợp đồng TEST-RENEWAL-C-C---02-REMINDED-2 của bạn sắp hết hạn. Vui lòng gia hạn hoặc hủy hợp đồng ngay.', 'EXTERNAL', NULL, NULL, 'db079e42-48b0-4616-9308-ae5d132deab7', 'CONTRACT_RENEWAL', '/contracts/db079e42-48b0-4616-9308-ae5d132deab7/renewal', NULL, '2025-12-18 16:05:04.136222+07', '2025-12-18 16:05:04.136222+07', NULL, NULL, '1fb07f05-a7e9-416e-8925-c33b11a6ed60');
INSERT INTO content.notifications VALUES ('a645562c-c80d-4057-9d46-f9601f812626', 'SYSTEM', 'Nhắc nhở gia hạn hợp đồng (Lần 2)', 'Hợp đồng TEST-RENEWAL-C-C---02-REMINDED-2 của bạn sắp hết hạn. Vui lòng gia hạn hoặc hủy hợp đồng ngay.', 'EXTERNAL', NULL, NULL, 'db079e42-48b0-4616-9308-ae5d132deab7', 'CONTRACT_RENEWAL', '/contracts/db079e42-48b0-4616-9308-ae5d132deab7/renewal', NULL, '2025-12-18 16:05:04.152401+07', '2025-12-18 16:05:04.152401+07', NULL, NULL, '3177405b-f141-4907-a67f-4d96c511e638');
INSERT INTO content.notifications VALUES ('a0c90960-f75c-4999-9d7e-baa9eaa01960', 'SYSTEM', 'Nhắc nhở gia hạn hợp đồng (Lần 2)', 'Hợp đồng TEST-RENEWAL-J-J---02-REMINDED-2 của bạn sắp hết hạn. Vui lòng gia hạn hoặc hủy hợp đồng ngay.', 'EXTERNAL', NULL, NULL, '9dc4cbde-7326-41bd-93ee-fb2e01088f61', 'CONTRACT_RENEWAL', '/contracts/9dc4cbde-7326-41bd-93ee-fb2e01088f61/renewal', NULL, '2025-12-18 16:05:04.339587+07', '2025-12-18 16:05:04.339587+07', NULL, NULL, '531555d4-ccdf-43c3-b970-fad9683e72d8');
INSERT INTO content.notifications VALUES ('5c122ca7-0ab7-4ad7-9f70-2d985f2b59aa', 'SYSTEM', 'Nhắc nhở gia hạn hợp đồng (Lần 2)', 'Hợp đồng TEST-RENEWAL-D-D---02-REMINDED-2 của bạn sắp hết hạn. Vui lòng gia hạn hoặc hủy hợp đồng ngay.', 'EXTERNAL', NULL, NULL, '699eddde-c73d-4f5e-a70a-77ea39fa1338', 'CONTRACT_RENEWAL', '/contracts/699eddde-c73d-4f5e-a70a-77ea39fa1338/renewal', NULL, '2025-12-18 19:41:58.671013+07', '2025-12-18 19:41:58.671013+07', NULL, NULL, '4ba321bb-d5e7-42d8-94e0-4a3217c75fdc');
INSERT INTO content.notifications VALUES ('588d4ccd-95ec-4e88-a2db-26a9d0465d30', 'SYSTEM', 'Nhắc nhở gia hạn hợp đồng (Lần 2)', 'Hợp đồng TEST-RENEWAL-D-D---02-REMINDED-2 của bạn sắp hết hạn. Vui lòng gia hạn hoặc hủy hợp đồng ngay.', 'EXTERNAL', NULL, NULL, '699eddde-c73d-4f5e-a70a-77ea39fa1338', 'CONTRACT_RENEWAL', '/contracts/699eddde-c73d-4f5e-a70a-77ea39fa1338/renewal', NULL, '2025-12-18 19:41:58.728751+07', '2025-12-18 19:41:58.728751+07', NULL, NULL, 'b7926339-b64a-4edd-96d5-74f7cbdffd9a');
INSERT INTO content.notifications VALUES ('142748d2-eb4a-4f50-90dc-c99f34801ee7', 'SYSTEM', 'Nhắc nhở gia hạn hợp đồng (Lần 2)', 'Hợp đồng TEST-RENEWAL-E-E---02-REMINDED-2 của bạn sắp hết hạn. Vui lòng gia hạn hoặc hủy hợp đồng ngay.', 'EXTERNAL', NULL, NULL, 'cfb4d13c-6fe8-4759-ab3a-f41646036fec', 'CONTRACT_RENEWAL', '/contracts/cfb4d13c-6fe8-4759-ab3a-f41646036fec/renewal', NULL, '2025-12-18 19:41:58.792188+07', '2025-12-18 19:41:58.792188+07', NULL, NULL, 'b506b581-eb6b-462f-96b1-c76efcbb84b5');
INSERT INTO content.notifications VALUES ('9cbd523c-56ac-4ea4-a810-84a6461500df', 'SYSTEM', 'Nhắc nhở gia hạn hợp đồng (Lần 2)', 'Hợp đồng TEST-RENEWAL-E-E---02-REMINDED-2 của bạn sắp hết hạn. Vui lòng gia hạn hoặc hủy hợp đồng ngay.', 'EXTERNAL', NULL, NULL, 'cfb4d13c-6fe8-4759-ab3a-f41646036fec', 'CONTRACT_RENEWAL', '/contracts/cfb4d13c-6fe8-4759-ab3a-f41646036fec/renewal', NULL, '2025-12-18 19:41:58.82083+07', '2025-12-18 19:41:58.82083+07', NULL, NULL, 'e2ea11a3-7dae-47e4-9f4b-c2dac507a5ed');
INSERT INTO content.notifications VALUES ('a92cbc24-69aa-4a98-ba42-935f2588a9b5', 'SYSTEM', 'Nhắc nhở gia hạn hợp đồng (Lần 2)', 'Hợp đồng TEST-RENEWAL-G-G---02-REMINDED-2 của bạn sắp hết hạn. Vui lòng gia hạn hoặc hủy hợp đồng ngay.', 'EXTERNAL', NULL, NULL, 'ad232191-d5e8-4c86-aac6-1400f7600701', 'CONTRACT_RENEWAL', '/contracts/ad232191-d5e8-4c86-aac6-1400f7600701/renewal', NULL, '2025-12-18 19:41:58.887517+07', '2025-12-18 19:41:58.887517+07', NULL, NULL, '0eef271f-8ac8-4fdf-8ab3-b1d170733347');
INSERT INTO content.notifications VALUES ('30618ee4-27f5-4072-b4a7-cc43152c09cb', 'SYSTEM', 'Nhắc nhở gia hạn hợp đồng (Lần 2)', 'Hợp đồng TEST-RENEWAL-G-G---02-REMINDED-2 của bạn sắp hết hạn. Vui lòng gia hạn hoặc hủy hợp đồng ngay.', 'EXTERNAL', NULL, NULL, 'ad232191-d5e8-4c86-aac6-1400f7600701', 'CONTRACT_RENEWAL', '/contracts/ad232191-d5e8-4c86-aac6-1400f7600701/renewal', NULL, '2025-12-18 19:41:58.916998+07', '2025-12-18 19:41:58.916998+07', NULL, NULL, '7d65c04f-4d03-4413-a165-247d678bafaf');
INSERT INTO content.notifications VALUES ('4dacc8b1-c54a-419c-a61d-180e82a025dd', 'SYSTEM', 'Nhắc nhở gia hạn hợp đồng (Lần 2)', 'Hợp đồng TEST-RENEWAL-C-C---02-REMINDED-2 của bạn sắp hết hạn. Vui lòng gia hạn hoặc hủy hợp đồng ngay.', 'EXTERNAL', NULL, NULL, 'db079e42-48b0-4616-9308-ae5d132deab7', 'CONTRACT_RENEWAL', '/contracts/db079e42-48b0-4616-9308-ae5d132deab7/renewal', NULL, '2025-12-18 19:41:58.978095+07', '2025-12-18 19:41:58.978095+07', NULL, NULL, '1fb07f05-a7e9-416e-8925-c33b11a6ed60');
INSERT INTO content.notifications VALUES ('1777ea25-82bd-47ed-9c89-1e4f0ad31d4d', 'SYSTEM', 'Nhắc nhở gia hạn hợp đồng (Lần 2)', 'Hợp đồng TEST-RENEWAL-C-C---02-REMINDED-2 của bạn sắp hết hạn. Vui lòng gia hạn hoặc hủy hợp đồng ngay.', 'EXTERNAL', NULL, NULL, 'db079e42-48b0-4616-9308-ae5d132deab7', 'CONTRACT_RENEWAL', '/contracts/db079e42-48b0-4616-9308-ae5d132deab7/renewal', NULL, '2025-12-18 19:41:58.994006+07', '2025-12-18 19:41:58.994006+07', NULL, NULL, '3177405b-f141-4907-a67f-4d96c511e638');
INSERT INTO content.notifications VALUES ('10aa4d16-e3c9-4b3a-9747-9efd8dbac8e1', 'SYSTEM', 'Nhắc nhở gia hạn hợp đồng (Lần 2)', 'Hợp đồng TEST-RENEWAL-J-J---02-REMINDED-2 của bạn sắp hết hạn. Vui lòng gia hạn hoặc hủy hợp đồng ngay.', 'EXTERNAL', NULL, NULL, '9dc4cbde-7326-41bd-93ee-fb2e01088f61', 'CONTRACT_RENEWAL', '/contracts/9dc4cbde-7326-41bd-93ee-fb2e01088f61/renewal', NULL, '2025-12-18 19:41:59.475881+07', '2025-12-18 19:41:59.475881+07', NULL, NULL, '531555d4-ccdf-43c3-b970-fad9683e72d8');
INSERT INTO content.notifications VALUES ('a46933a2-c563-40ec-a139-c5d9dcfbe195', 'ELECTRICITY', 'Hóa đơn điện mới', 'Hóa đơn điện mới đã được tạo với số tiền 12,300 VND. Số lượng sử dụng: 100.000 kWh. Vui lòng thanh toán trước ngày 2025-12-22.', 'EXTERNAL', NULL, NULL, '9a63c7c7-8036-4b10-a891-8b2eb9ba8781', 'INVOICE', NULL, NULL, '2025-12-21 11:08:46.082892+07', '2025-12-21 11:08:46.082892+07', NULL, NULL, '1fb07f05-a7e9-416e-8925-c33b11a6ed60');
INSERT INTO content.notifications VALUES ('7ef89d28-dc8a-425c-9b05-c1723a2d92cc', 'ELECTRICITY', 'Hóa đơn điện mới', 'Hóa đơn điện mới đã được tạo với số tiền 12,300 VND. Số lượng sử dụng: 100.000 kWh. Vui lòng thanh toán trước ngày 2025-12-22.', 'EXTERNAL', NULL, NULL, 'b61d76d5-b869-4edc-9469-5cac46897bfd', 'INVOICE', NULL, NULL, '2025-12-21 11:08:46.150489+07', '2025-12-21 11:08:46.150489+07', NULL, NULL, 'e360cef7-194c-4105-bfa9-60e14ff92310');
INSERT INTO content.notifications VALUES ('afe2ce0f-5916-4c31-b671-e30e543e1104', 'ELECTRICITY', 'Hóa đơn điện mới', 'Hóa đơn điện mới đã được tạo với số tiền 12,300 VND. Số lượng sử dụng: 100.000 kWh. Vui lòng thanh toán trước ngày 2025-12-22.', 'EXTERNAL', NULL, NULL, '68f2ba48-0d89-46df-9ec9-f1eb84b9f0bc', 'INVOICE', NULL, NULL, '2025-12-21 11:08:46.19615+07', '2025-12-21 11:08:46.19615+07', NULL, NULL, '1ba3b51a-4af0-4a1b-93f8-4c4738390dbc');
INSERT INTO content.notifications VALUES ('aab96e39-0813-4208-b9df-0a36421dda2d', 'ELECTRICITY', 'Hóa đơn điện mới', 'Hóa đơn điện mới đã được tạo với số tiền 12,300 VND. Số lượng sử dụng: 100.000 kWh. Vui lòng thanh toán trước ngày 2025-12-22.', 'EXTERNAL', NULL, NULL, '0b499c0c-3a7a-428c-941a-d756b30120fb', 'INVOICE', NULL, NULL, '2025-12-21 11:08:46.227329+07', '2025-12-21 11:08:46.227329+07', NULL, NULL, '50bad366-9702-4c22-8489-c7e5f3b98a6e');
INSERT INTO content.notifications VALUES ('a5b8052a-d16f-4e3f-846e-da5cef667bab', 'ELECTRICITY', 'Hóa đơn điện mới', 'Hóa đơn điện mới đã được tạo với số tiền 12,300 VND. Số lượng sử dụng: 100.000 kWh. Vui lòng thanh toán trước ngày 2025-12-22.', 'EXTERNAL', NULL, NULL, '504cc855-2c7d-4484-8291-9282d4c20aed', 'INVOICE', NULL, NULL, '2025-12-21 11:08:46.257197+07', '2025-12-21 11:08:46.257197+07', NULL, NULL, '0eef271f-8ac8-4fdf-8ab3-b1d170733347');
INSERT INTO content.notifications VALUES ('179ab4fd-15fe-4d0e-8be2-866aedc4dbc2', 'ELECTRICITY', 'Hóa đơn điện mới', 'Hóa đơn điện mới đã được tạo với số tiền 12,300 VND. Số lượng sử dụng: 100.000 kWh. Vui lòng thanh toán trước ngày 2025-12-22.', 'EXTERNAL', NULL, NULL, '30e0f7bf-9ce6-4afd-bae9-1c45e6581343', 'INVOICE', NULL, NULL, '2025-12-21 11:08:46.288046+07', '2025-12-21 11:08:46.288046+07', NULL, NULL, '3a024fba-647e-4fba-8b90-e7d688a2ec00');
INSERT INTO content.notifications VALUES ('a7d68293-635a-4d26-aad6-1cfceb6607eb', 'ELECTRICITY', 'Hóa đơn điện mới', 'Hóa đơn điện mới đã được tạo với số tiền 12,300 VND. Số lượng sử dụng: 100.000 kWh. Vui lòng thanh toán trước ngày 2025-12-22.', 'EXTERNAL', NULL, NULL, 'ea6122e8-4ea5-4dcc-8c91-b93af39a23bc', 'INVOICE', NULL, NULL, '2025-12-21 11:08:46.318093+07', '2025-12-21 11:08:46.318093+07', NULL, NULL, '06076f6f-9985-47e4-92ea-d33cf6c87d57');
INSERT INTO content.notifications VALUES ('c098982b-0ec5-48bb-acc9-9c3b61f4b986', 'ELECTRICITY', 'Hóa đơn điện mới', 'Hóa đơn điện mới đã được tạo với số tiền 12,300 VND. Số lượng sử dụng: 100.000 kWh. Vui lòng thanh toán trước ngày 2025-12-22.', 'EXTERNAL', NULL, NULL, 'fcb8dd1c-804b-478c-ac9f-e7f0cc17e5b7', 'INVOICE', NULL, NULL, '2025-12-21 11:08:46.350948+07', '2025-12-21 11:08:46.350948+07', NULL, NULL, '6cb76cfa-ae46-4be3-8194-5bc1e43fe3c2');
INSERT INTO content.notifications VALUES ('9124945e-51fb-45c3-b5cb-cc00767d1707', 'ELECTRICITY', 'Hóa đơn điện mới', 'Hóa đơn điện mới đã được tạo với số tiền 12,300 VND. Số lượng sử dụng: 100.000 kWh. Vui lòng thanh toán trước ngày 2025-12-22.', 'EXTERNAL', NULL, NULL, 'dbb676cf-b94d-4d83-81fb-87326a03cecf', 'INVOICE', NULL, NULL, '2025-12-21 11:08:46.381061+07', '2025-12-21 11:08:46.381061+07', NULL, NULL, 'f8ad3179-164b-4a1f-9f5a-11b64e8c2186');
INSERT INTO content.notifications VALUES ('35353d24-238d-4aad-b20c-02420047425a', 'ELECTRICITY', 'Hóa đơn điện mới', 'Hóa đơn điện mới đã được tạo với số tiền 12,300 VND. Số lượng sử dụng: 100.000 kWh. Vui lòng thanh toán trước ngày 2025-12-22.', 'EXTERNAL', NULL, NULL, 'e5dd6309-fbad-434e-8f71-ae87b1588716', 'INVOICE', NULL, NULL, '2025-12-21 11:08:46.411769+07', '2025-12-21 11:08:46.411769+07', NULL, NULL, '68d985fa-4ffc-4735-93c9-7bb6cece6d06');
INSERT INTO content.notifications VALUES ('14c73d00-4b13-4586-8d83-7bb315cd0172', 'ELECTRICITY', 'Hóa đơn điện mới', 'Hóa đơn điện mới đã được tạo với số tiền 12,300 VND. Số lượng sử dụng: 100.000 kWh. Vui lòng thanh toán trước ngày 2025-12-22.', 'EXTERNAL', NULL, NULL, 'a2702fdf-506d-4230-aa6b-3f96d16bc831', 'INVOICE', NULL, NULL, '2025-12-21 11:08:46.444104+07', '2025-12-21 11:08:46.444104+07', NULL, NULL, 'c0b5a2cd-e1b0-4808-9436-05a3dceb88d9');
INSERT INTO content.notifications VALUES ('86341735-2dcd-4d30-b981-ac92dcd1ae26', 'ELECTRICITY', 'Hóa đơn điện mới', 'Hóa đơn điện mới đã được tạo với số tiền 12,300 VND. Số lượng sử dụng: 100.000 kWh. Vui lòng thanh toán trước ngày 2025-12-22.', 'EXTERNAL', NULL, NULL, '0e1e842b-ac3c-40bd-a73a-1d69c8e0995c', 'INVOICE', NULL, NULL, '2025-12-21 11:08:46.47515+07', '2025-12-21 11:08:46.47515+07', NULL, NULL, 'dbf130f6-8bc5-4b23-81d4-f4fb9b84b6e6');
INSERT INTO content.notifications VALUES ('fc479371-4553-4cb4-afdc-de0c2b475e18', 'ELECTRICITY', 'Hóa đơn điện mới', 'Hóa đơn điện mới đã được tạo với số tiền 12,300 VND. Số lượng sử dụng: 100.000 kWh. Vui lòng thanh toán trước ngày 2025-12-22.', 'EXTERNAL', NULL, NULL, '2f99ca18-19df-4373-ad44-f28d4812e5d6', 'INVOICE', NULL, NULL, '2025-12-21 11:08:46.506843+07', '2025-12-21 11:08:46.506843+07', NULL, NULL, 'c3804396-535c-489a-8cd2-7f05f60e48a2');
INSERT INTO content.notifications VALUES ('4aac618f-c2dc-4d8a-9042-df8ded479d60', 'ELECTRICITY', 'Hóa đơn điện mới', 'Hóa đơn điện mới đã được tạo với số tiền 12,300 VND. Số lượng sử dụng: 100.000 kWh. Vui lòng thanh toán trước ngày 2025-12-22.', 'EXTERNAL', NULL, NULL, 'fe5e5690-36f1-4621-b632-1af29d7ea662', 'INVOICE', NULL, NULL, '2025-12-21 11:08:46.537319+07', '2025-12-21 11:08:46.537319+07', NULL, NULL, '60f87622-5f0f-47f2-803d-de5781319ff8');
INSERT INTO content.notifications VALUES ('8e19691e-3bf8-4be9-9dae-ee747b433c83', 'ELECTRICITY', 'Hóa đơn điện mới', 'Hóa đơn điện mới đã được tạo với số tiền 12,300 VND. Số lượng sử dụng: 100.000 kWh. Vui lòng thanh toán trước ngày 2025-12-22.', 'EXTERNAL', NULL, NULL, '47aa43ef-812c-4427-9b1c-18f22f02661d', 'INVOICE', NULL, NULL, '2025-12-21 11:08:46.569469+07', '2025-12-21 11:08:46.569469+07', NULL, NULL, 'd4ab86e8-950d-421a-bb19-b52284666470');
INSERT INTO content.notifications VALUES ('c4233bd0-658f-42b7-8998-392a5a24cb85', 'ELECTRICITY', 'Hóa đơn điện mới', 'Hóa đơn điện mới đã được tạo với số tiền 12,300 VND. Số lượng sử dụng: 100.000 kWh. Vui lòng thanh toán trước ngày 2025-12-22.', 'EXTERNAL', NULL, NULL, '3773844c-d153-4856-9419-1f3013b1af4d', 'INVOICE', NULL, NULL, '2025-12-21 11:08:46.599896+07', '2025-12-21 11:08:46.599896+07', NULL, NULL, '0f26a206-1195-4fc1-bd59-34b5ace88a7b');
INSERT INTO content.notifications VALUES ('edaebbde-06a1-4177-9c81-49bcf2e73633', 'ELECTRICITY', 'Hóa đơn điện mới', 'Hóa đơn điện mới đã được tạo với số tiền 12,300 VND. Số lượng sử dụng: 100.000 kWh. Vui lòng thanh toán trước ngày 2025-12-22.', 'EXTERNAL', NULL, NULL, '78b7d798-c371-40d1-b3a9-ed2f01164c38', 'INVOICE', NULL, NULL, '2025-12-21 11:08:46.630686+07', '2025-12-21 11:08:46.630686+07', NULL, NULL, 'b506b581-eb6b-462f-96b1-c76efcbb84b5');
INSERT INTO content.notifications VALUES ('c3bb1793-a9f7-4538-bdc6-be7bc82200ef', 'ELECTRICITY', 'Hóa đơn điện mới', 'Hóa đơn điện mới đã được tạo với số tiền 12,300 VND. Số lượng sử dụng: 100.000 kWh. Vui lòng thanh toán trước ngày 2025-12-22.', 'EXTERNAL', NULL, NULL, '44769929-83d9-41fd-9098-e1300478a250', 'INVOICE', NULL, NULL, '2025-12-21 11:08:46.661899+07', '2025-12-21 11:08:46.661899+07', NULL, NULL, '48a70c25-a2d5-4ef2-b15f-29862b47680e');
INSERT INTO content.notifications VALUES ('f04bd30e-821d-42cc-a83d-ac30d259c249', 'ELECTRICITY', 'Hóa đơn điện mới', 'Hóa đơn điện mới đã được tạo với số tiền 12,300 VND. Số lượng sử dụng: 100.000 kWh. Vui lòng thanh toán trước ngày 2025-12-22.', 'EXTERNAL', NULL, NULL, '4cdbcf71-c876-44ca-b44b-846d0639ee46', 'INVOICE', NULL, NULL, '2025-12-21 11:08:46.692014+07', '2025-12-21 11:08:46.692014+07', NULL, NULL, 'fb7ad25e-c61b-471d-888e-1f4b34b0ad9f');
INSERT INTO content.notifications VALUES ('cb18a2b3-e51c-4432-bd44-6668bab21ed7', 'ELECTRICITY', 'Hóa đơn điện mới', 'Hóa đơn điện mới đã được tạo với số tiền 12,300 VND. Số lượng sử dụng: 100.000 kWh. Vui lòng thanh toán trước ngày 2025-12-22.', 'EXTERNAL', NULL, NULL, 'eec5502f-6622-4a6e-9376-be4d86ffac71', 'INVOICE', NULL, NULL, '2025-12-21 11:13:41.561401+07', '2025-12-21 11:13:41.561401+07', NULL, NULL, '0f26a206-1195-4fc1-bd59-34b5ace88a7b');
INSERT INTO content.notifications VALUES ('d221a612-1837-482c-be1a-13169bddfc35', 'ELECTRICITY', 'Hóa đơn điện mới', 'Hóa đơn điện mới đã được tạo với số tiền 12,300 VND. Số lượng sử dụng: 100.000 kWh. Vui lòng thanh toán trước ngày 2025-12-22.', 'EXTERNAL', NULL, NULL, '0916f8e7-583f-48ca-8f6a-2ebbe28a55be', 'INVOICE', NULL, NULL, '2025-12-21 11:13:41.595399+07', '2025-12-21 11:13:41.595399+07', NULL, NULL, 'e360cef7-194c-4105-bfa9-60e14ff92310');
INSERT INTO content.notifications VALUES ('5c00c34a-fc18-4ef3-8f2a-7593f6b6b000', 'ELECTRICITY', 'Hóa đơn điện mới', 'Hóa đơn điện mới đã được tạo với số tiền 12,300 VND. Số lượng sử dụng: 100.000 kWh. Vui lòng thanh toán trước ngày 2025-12-22.', 'EXTERNAL', NULL, NULL, '0a76bd13-799c-49a7-9c1b-89bb0d23022f', 'INVOICE', NULL, NULL, '2025-12-21 11:13:41.626108+07', '2025-12-21 11:13:41.626108+07', NULL, NULL, '60f87622-5f0f-47f2-803d-de5781319ff8');
INSERT INTO content.notifications VALUES ('4e7c8fd1-90d3-4115-b6de-20e38d7a176d', 'ELECTRICITY', 'Hóa đơn điện mới', 'Hóa đơn điện mới đã được tạo với số tiền 12,300 VND. Số lượng sử dụng: 100.000 kWh. Vui lòng thanh toán trước ngày 2025-12-22.', 'EXTERNAL', NULL, NULL, '1f74b2fd-05e6-40e0-a163-46596a61dfa5', 'INVOICE', NULL, NULL, '2025-12-21 11:13:41.656416+07', '2025-12-21 11:13:41.656416+07', NULL, NULL, '3a024fba-647e-4fba-8b90-e7d688a2ec00');
INSERT INTO content.notifications VALUES ('a4280978-4745-4a6d-af20-cca4b594f736', 'ELECTRICITY', 'Hóa đơn điện mới', 'Hóa đơn điện mới đã được tạo với số tiền 12,300 VND. Số lượng sử dụng: 100.000 kWh. Vui lòng thanh toán trước ngày 2025-12-22.', 'EXTERNAL', NULL, NULL, 'dc834507-7f7d-4daf-a61f-dc7fd12d3ad0', 'INVOICE', NULL, NULL, '2025-12-21 11:13:41.68845+07', '2025-12-21 11:13:41.68845+07', NULL, NULL, '50bad366-9702-4c22-8489-c7e5f3b98a6e');
INSERT INTO content.notifications VALUES ('eb1369ed-26ee-4eb6-b5f4-85ee0ca73bcc', 'ELECTRICITY', 'Hóa đơn điện mới', 'Hóa đơn điện mới đã được tạo với số tiền 12,300 VND. Số lượng sử dụng: 100.000 kWh. Vui lòng thanh toán trước ngày 2025-12-22.', 'EXTERNAL', NULL, NULL, '7211ae92-5c2e-437b-9107-36c81c20e41d', 'INVOICE', NULL, NULL, '2025-12-21 11:13:41.720438+07', '2025-12-21 11:13:41.720438+07', NULL, NULL, '1fb07f05-a7e9-416e-8925-c33b11a6ed60');
INSERT INTO content.notifications VALUES ('09c5e11e-8657-4e5f-8137-a7a635f8219c', 'ELECTRICITY', 'Hóa đơn điện mới', 'Hóa đơn điện mới đã được tạo với số tiền 12,300 VND. Số lượng sử dụng: 100.000 kWh. Vui lòng thanh toán trước ngày 2025-12-22.', 'EXTERNAL', NULL, NULL, 'b09ef6b2-6066-4744-88e3-49d2cc99b183', 'INVOICE', NULL, NULL, '2025-12-21 11:13:41.751016+07', '2025-12-21 11:13:41.751016+07', NULL, NULL, '48a70c25-a2d5-4ef2-b15f-29862b47680e');
INSERT INTO content.notifications VALUES ('736e182d-4e28-4a7a-b4cc-8568545760c9', 'ELECTRICITY', 'Hóa đơn điện mới', 'Hóa đơn điện mới đã được tạo với số tiền 12,300 VND. Số lượng sử dụng: 100.000 kWh. Vui lòng thanh toán trước ngày 2025-12-22.', 'EXTERNAL', NULL, NULL, '1d42a097-a26f-415e-bf0a-0db3331237e6', 'INVOICE', NULL, NULL, '2025-12-21 11:13:41.782039+07', '2025-12-21 11:13:41.782039+07', NULL, NULL, '6cb76cfa-ae46-4be3-8194-5bc1e43fe3c2');
INSERT INTO content.notifications VALUES ('7b6d7c6d-ce23-411d-afb0-e44eaafc5217', 'ELECTRICITY', 'Hóa đơn điện mới', 'Hóa đơn điện mới đã được tạo với số tiền 12,300 VND. Số lượng sử dụng: 100.000 kWh. Vui lòng thanh toán trước ngày 2025-12-22.', 'EXTERNAL', NULL, NULL, 'cf635aa2-7723-40bb-9e5d-ab541e829bda', 'INVOICE', NULL, NULL, '2025-12-21 11:13:41.81203+07', '2025-12-21 11:13:41.81203+07', NULL, NULL, '68d985fa-4ffc-4735-93c9-7bb6cece6d06');
INSERT INTO content.notifications VALUES ('a8f08c24-034f-4ebd-a21d-623cd3485de6', 'ELECTRICITY', 'Hóa đơn điện mới', 'Hóa đơn điện mới đã được tạo với số tiền 12,300 VND. Số lượng sử dụng: 100.000 kWh. Vui lòng thanh toán trước ngày 2025-12-22.', 'EXTERNAL', NULL, NULL, 'ab4c7e44-5c19-40c4-80e0-26a491b444bf', 'INVOICE', NULL, NULL, '2025-12-21 11:13:41.844019+07', '2025-12-21 11:13:41.844019+07', NULL, NULL, '1ba3b51a-4af0-4a1b-93f8-4c4738390dbc');
INSERT INTO content.notifications VALUES ('4ed6168c-daff-4a41-b290-71f10f3c8014', 'ELECTRICITY', 'Hóa đơn điện mới', 'Hóa đơn điện mới đã được tạo với số tiền 12,300 VND. Số lượng sử dụng: 100.000 kWh. Vui lòng thanh toán trước ngày 2025-12-22.', 'EXTERNAL', NULL, NULL, 'af753b2c-9770-4f95-8f9b-03dd442acf1c', 'INVOICE', NULL, NULL, '2025-12-21 11:13:41.874185+07', '2025-12-21 11:13:41.874185+07', NULL, NULL, '0eef271f-8ac8-4fdf-8ab3-b1d170733347');
INSERT INTO content.notifications VALUES ('44ec209d-918a-42f5-a279-635ab8963f2e', 'ELECTRICITY', 'Hóa đơn điện mới', 'Hóa đơn điện mới đã được tạo với số tiền 12,300 VND. Số lượng sử dụng: 100.000 kWh. Vui lòng thanh toán trước ngày 2025-12-22.', 'EXTERNAL', NULL, NULL, '74c8ef5d-c3c9-4e5f-b57b-e0e239b947c5', 'INVOICE', NULL, NULL, '2025-12-21 11:13:41.904583+07', '2025-12-21 11:13:41.904583+07', NULL, NULL, '06076f6f-9985-47e4-92ea-d33cf6c87d57');
INSERT INTO content.notifications VALUES ('2d035e7a-f63b-401e-9a0b-8e6f29c4a8e8', 'ELECTRICITY', 'Hóa đơn điện mới', 'Hóa đơn điện mới đã được tạo với số tiền 12,300 VND. Số lượng sử dụng: 100.000 kWh. Vui lòng thanh toán trước ngày 2025-12-22.', 'EXTERNAL', NULL, NULL, '7e22527c-5fd6-415d-9133-09a80590c5ab', 'INVOICE', NULL, NULL, '2025-12-21 11:13:41.935768+07', '2025-12-21 11:13:41.935768+07', NULL, NULL, 'fb7ad25e-c61b-471d-888e-1f4b34b0ad9f');
INSERT INTO content.notifications VALUES ('45f66dbe-3544-4836-b110-bf95232ba28f', 'ELECTRICITY', 'Hóa đơn điện mới', 'Hóa đơn điện mới đã được tạo với số tiền 12,300 VND. Số lượng sử dụng: 100.000 kWh. Vui lòng thanh toán trước ngày 2025-12-22.', 'EXTERNAL', NULL, NULL, 'dceb8541-16d8-48de-8257-cc14a5cecff4', 'INVOICE', NULL, NULL, '2025-12-21 11:13:41.967429+07', '2025-12-21 11:13:41.967429+07', NULL, NULL, 'c0b5a2cd-e1b0-4808-9436-05a3dceb88d9');
INSERT INTO content.notifications VALUES ('c8f5dbcf-ccdd-43c9-81ce-169160775d65', 'ELECTRICITY', 'Hóa đơn điện mới', 'Hóa đơn điện mới đã được tạo với số tiền 12,300 VND. Số lượng sử dụng: 100.000 kWh. Vui lòng thanh toán trước ngày 2025-12-22.', 'EXTERNAL', NULL, NULL, '7cec93f6-3eba-43b0-826e-7f5a55af412c', 'INVOICE', NULL, NULL, '2025-12-21 11:13:41.997715+07', '2025-12-21 11:13:41.997715+07', NULL, NULL, 'd4ab86e8-950d-421a-bb19-b52284666470');
INSERT INTO content.notifications VALUES ('d9d8d535-efa7-48a8-9a0b-1c61484a044b', 'ELECTRICITY', 'Hóa đơn điện mới', 'Hóa đơn điện mới đã được tạo với số tiền 12,300 VND. Số lượng sử dụng: 100.000 kWh. Vui lòng thanh toán trước ngày 2025-12-22.', 'EXTERNAL', NULL, NULL, '2633ff1d-ab6a-495b-bd0d-d00a24f0ec42', 'INVOICE', NULL, NULL, '2025-12-21 11:13:42.028144+07', '2025-12-21 11:13:42.028144+07', NULL, NULL, 'f8ad3179-164b-4a1f-9f5a-11b64e8c2186');
INSERT INTO content.notifications VALUES ('b9cf1bab-995f-4d18-9781-b5edb57510f6', 'ELECTRICITY', 'Hóa đơn điện mới', 'Hóa đơn điện mới đã được tạo với số tiền 12,300 VND. Số lượng sử dụng: 100.000 kWh. Vui lòng thanh toán trước ngày 2025-12-22.', 'EXTERNAL', NULL, NULL, 'e4427270-9317-4342-a8fa-214bd123af83', 'INVOICE', NULL, NULL, '2025-12-21 11:13:42.059466+07', '2025-12-21 11:13:42.059466+07', NULL, NULL, 'b506b581-eb6b-462f-96b1-c76efcbb84b5');
INSERT INTO content.notifications VALUES ('1c7179f2-c154-49ad-9f25-d1fe91f493b2', 'ELECTRICITY', 'Hóa đơn điện mới', 'Hóa đơn điện mới đã được tạo với số tiền 12,300 VND. Số lượng sử dụng: 100.000 kWh. Vui lòng thanh toán trước ngày 2025-12-22.', 'EXTERNAL', NULL, NULL, 'ce75f558-1f40-49a7-84cf-17e178024c2f', 'INVOICE', NULL, NULL, '2025-12-21 11:13:42.090441+07', '2025-12-21 11:13:42.090441+07', NULL, NULL, 'c3804396-535c-489a-8cd2-7f05f60e48a2');
INSERT INTO content.notifications VALUES ('011656af-0367-4334-b7aa-8f92386a233d', 'ELECTRICITY', 'Hóa đơn điện mới', 'Hóa đơn điện mới đã được tạo với số tiền 12,300 VND. Số lượng sử dụng: 100.000 kWh. Vui lòng thanh toán trước ngày 2025-12-22.', 'EXTERNAL', NULL, NULL, '745689e4-7ff2-4d33-8e1e-38147cf320e5', 'INVOICE', NULL, NULL, '2025-12-21 11:13:42.12175+07', '2025-12-21 11:13:42.12175+07', NULL, NULL, 'dbf130f6-8bc5-4b23-81d4-f4fb9b84b6e6');
INSERT INTO content.notifications VALUES ('f556285a-dae9-4cbe-b161-9a5150343f64', 'BILL', 'Hóa đơn mới - INV-20251221230343', 'Bạn có hóa đơn mới với số tiền 2.550 ₫. Hạn thanh toán: 22/12/2025', 'EXTERNAL', NULL, NULL, '25acdb8d-cb7b-445e-89a6-326a6006fbaa', 'INVOICE', NULL, NULL, '2025-12-21 23:03:43.549322+07', '2025-12-21 23:03:43.549322+07', NULL, NULL, '644e9b79-80c6-44ec-b4e7-9b0a11a96abd');
INSERT INTO content.notifications VALUES ('8d517287-8cf9-41ca-b58f-1af273eff7fd', 'WATER', 'Hóa đơn nước mới', 'Hóa đơn nước mới đã được tạo với số tiền 2,550 VND. Số lượng sử dụng: 100.000 kWh. Vui lòng thanh toán trước ngày 2025-12-22.', 'EXTERNAL', NULL, NULL, '25acdb8d-cb7b-445e-89a6-326a6006fbaa', 'INVOICE', NULL, NULL, '2025-12-21 23:03:43.610111+07', '2025-12-21 23:03:43.610111+07', NULL, NULL, '644e9b79-80c6-44ec-b4e7-9b0a11a96abd');
INSERT INTO content.notifications VALUES ('bffe1c66-f288-4d9a-b37a-8ad8dfb1ecf4', 'BILL', 'Hóa đơn mới - INV-20251221230343', 'Bạn có hóa đơn mới với số tiền 2.550 ₫. Hạn thanh toán: 22/12/2025', 'EXTERNAL', NULL, NULL, '46f11aa4-99d5-406f-bb59-a72e0cac4b77', 'INVOICE', NULL, NULL, '2025-12-21 23:03:43.686691+07', '2025-12-21 23:03:43.686691+07', NULL, NULL, '0eef271f-8ac8-4fdf-8ab3-b1d170733347');
INSERT INTO content.notifications VALUES ('c1551e63-94ab-454d-9efd-f8eb4b992e37', 'BILL', 'Hóa đơn mới - INV-20251221230343', 'Bạn có hóa đơn mới với số tiền 2.550 ₫. Hạn thanh toán: 22/12/2025', 'EXTERNAL', NULL, NULL, '46f11aa4-99d5-406f-bb59-a72e0cac4b77', 'INVOICE', NULL, NULL, '2025-12-21 23:03:43.701973+07', '2025-12-21 23:03:43.701973+07', NULL, NULL, '7d65c04f-4d03-4413-a165-247d678bafaf');
INSERT INTO content.notifications VALUES ('5a331057-277c-4c1a-939a-a1dec95a927c', 'WATER', 'Hóa đơn nước mới', 'Hóa đơn nước mới đã được tạo với số tiền 2,550 VND. Số lượng sử dụng: 100.000 kWh. Vui lòng thanh toán trước ngày 2025-12-22.', 'EXTERNAL', NULL, NULL, '46f11aa4-99d5-406f-bb59-a72e0cac4b77', 'INVOICE', NULL, NULL, '2025-12-21 23:03:43.736026+07', '2025-12-21 23:03:43.736026+07', NULL, NULL, '0eef271f-8ac8-4fdf-8ab3-b1d170733347');
INSERT INTO content.notifications VALUES ('e510267b-d00b-4d0d-be00-db4279956d0c', 'BILL', 'Hóa đơn mới - INV-20251221230343', 'Bạn có hóa đơn mới với số tiền 2.550 ₫. Hạn thanh toán: 22/12/2025', 'EXTERNAL', NULL, NULL, 'a3c953db-1e85-4274-956a-79bcdcd100e9', 'INVOICE', NULL, NULL, '2025-12-21 23:03:43.79635+07', '2025-12-21 23:03:43.79635+07', NULL, NULL, '48a70c25-a2d5-4ef2-b15f-29862b47680e');
INSERT INTO content.notifications VALUES ('a0ac9b3d-351b-46c0-bedf-82cfc05bf47c', 'BILL', 'Hóa đơn mới - INV-20251221230343', 'Bạn có hóa đơn mới với số tiền 2.550 ₫. Hạn thanh toán: 22/12/2025', 'EXTERNAL', NULL, NULL, 'a3c953db-1e85-4274-956a-79bcdcd100e9', 'INVOICE', NULL, NULL, '2025-12-21 23:03:43.812805+07', '2025-12-21 23:03:43.812805+07', NULL, NULL, '3f79b4b9-6471-40b7-9c4d-e06ad47b3910');
INSERT INTO content.notifications VALUES ('1462749a-e301-4915-b558-e73d2c293b98', 'BILL', 'Hóa đơn mới - INV-20251221230343', 'Bạn có hóa đơn mới với số tiền 2.550 ₫. Hạn thanh toán: 22/12/2025', 'EXTERNAL', NULL, NULL, '0adc2dd1-a790-4372-a7cd-971083bef9e8', 'INVOICE', NULL, NULL, '2025-12-21 23:03:43.938071+07', '2025-12-21 23:03:43.938071+07', NULL, NULL, '0223b845-cb34-45b6-b16e-21651c06d107');
INSERT INTO content.notifications VALUES ('6358d101-8d30-48d7-a9e3-d60428a203d3', 'WATER', 'Hóa đơn nước mới', 'Hóa đơn nước mới đã được tạo với số tiền 2,550 VND. Số lượng sử dụng: 100.000 kWh. Vui lòng thanh toán trước ngày 2025-12-22.', 'EXTERNAL', NULL, NULL, 'a3c953db-1e85-4274-956a-79bcdcd100e9', 'INVOICE', NULL, NULL, '2025-12-21 23:03:43.844774+07', '2025-12-21 23:03:43.844774+07', NULL, NULL, '48a70c25-a2d5-4ef2-b15f-29862b47680e');
INSERT INTO content.notifications VALUES ('bc5f782c-e197-4094-aa6c-9d606c5bb238', 'BILL', 'Hóa đơn mới - INV-20251221230343', 'Bạn có hóa đơn mới với số tiền 2.550 ₫. Hạn thanh toán: 22/12/2025', 'EXTERNAL', NULL, NULL, '0adc2dd1-a790-4372-a7cd-971083bef9e8', 'INVOICE', NULL, NULL, '2025-12-21 23:03:43.921894+07', '2025-12-21 23:03:43.921894+07', NULL, NULL, '6cb76cfa-ae46-4be3-8194-5bc1e43fe3c2');
INSERT INTO content.notifications VALUES ('ae6939c9-3b1b-4619-861f-9cdfa0fc3314', 'WATER', 'Hóa đơn nước mới', 'Hóa đơn nước mới đã được tạo với số tiền 2,550 VND. Số lượng sử dụng: 100.000 kWh. Vui lòng thanh toán trước ngày 2025-12-22.', 'EXTERNAL', NULL, NULL, '0adc2dd1-a790-4372-a7cd-971083bef9e8', 'INVOICE', NULL, NULL, '2025-12-21 23:03:43.969026+07', '2025-12-21 23:03:43.969026+07', NULL, NULL, '6cb76cfa-ae46-4be3-8194-5bc1e43fe3c2');
INSERT INTO content.notifications VALUES ('6b0db647-67d7-46bd-acca-83fd4cac7c79', 'WATER', 'Hóa đơn nước mới', 'Hóa đơn nước mới đã được tạo với số tiền 2,550 VND. Số lượng sử dụng: 100.000 kWh. Vui lòng thanh toán trước ngày 2025-12-22.', 'EXTERNAL', NULL, NULL, '50767b5f-5aac-4fe2-8238-47d6f6b8e84e', 'INVOICE', NULL, NULL, '2025-12-21 23:03:44.07817+07', '2025-12-21 23:03:44.07817+07', NULL, NULL, 'c3804396-535c-489a-8cd2-7f05f60e48a2');
INSERT INTO content.notifications VALUES ('13a0f5b1-b08c-4541-8255-3484a0d33459', 'BILL', 'Hóa đơn mới - INV-20251221230344', 'Bạn có hóa đơn mới với số tiền 2.550 ₫. Hạn thanh toán: 22/12/2025', 'EXTERNAL', NULL, NULL, '3c77fdfa-f3b4-4e5e-9292-f565fddd6ce0', 'INVOICE', NULL, NULL, '2025-12-21 23:03:44.154875+07', '2025-12-21 23:03:44.154875+07', NULL, NULL, '66844af3-e6da-41a6-9222-ed109197792a');
INSERT INTO content.notifications VALUES ('5bd2f37f-8eb9-4846-8506-59cc1a342a00', 'BILL', 'Hóa đơn mới - INV-20251221230344', 'Bạn có hóa đơn mới với số tiền 2.550 ₫. Hạn thanh toán: 22/12/2025', 'EXTERNAL', NULL, NULL, 'c2f03584-22dc-4f58-8a47-b3b0810b54da', 'INVOICE', NULL, NULL, '2025-12-21 23:03:44.262942+07', '2025-12-21 23:03:44.262942+07', NULL, NULL, 'e5a21a74-94c5-4b3a-9fdf-147e810a1982');
INSERT INTO content.notifications VALUES ('882bd661-3aa3-481d-96d0-1cd0b6b655be', 'WATER', 'Hóa đơn nước mới', 'Hóa đơn nước mới đã được tạo với số tiền 2,550 VND. Số lượng sử dụng: 100.000 kWh. Vui lòng thanh toán trước ngày 2025-12-22.', 'EXTERNAL', NULL, NULL, 'c2f03584-22dc-4f58-8a47-b3b0810b54da', 'INVOICE', NULL, NULL, '2025-12-21 23:03:44.295953+07', '2025-12-21 23:03:44.295953+07', NULL, NULL, 'e5a21a74-94c5-4b3a-9fdf-147e810a1982');
INSERT INTO content.notifications VALUES ('cfa0fe3a-f58d-44eb-8214-7a8df3343345', 'WATER', 'Hóa đơn nước mới', 'Hóa đơn nước mới đã được tạo với số tiền 2,550 VND. Số lượng sử dụng: 100.000 kWh. Vui lòng thanh toán trước ngày 2025-12-22.', 'EXTERNAL', NULL, NULL, '37b174c7-3157-46ff-a73d-adfd367e1b33', 'INVOICE', NULL, NULL, '2025-12-21 23:03:44.402012+07', '2025-12-21 23:03:44.402012+07', NULL, NULL, 'cc63d3f3-bc94-4db6-9fb8-f8d19a2dec40');
INSERT INTO content.notifications VALUES ('6b8512ff-8085-47c7-976e-36d9e765abe2', 'WATER', 'Hóa đơn nước mới', 'Hóa đơn nước mới đã được tạo với số tiền 2,550 VND. Số lượng sử dụng: 100.000 kWh. Vui lòng thanh toán trước ngày 2025-12-22.', 'EXTERNAL', NULL, NULL, '96c45379-1674-4b4e-9cee-15074df44318', 'INVOICE', NULL, NULL, '2025-12-21 23:03:44.512974+07', '2025-12-21 23:03:44.512974+07', NULL, NULL, '68d985fa-4ffc-4735-93c9-7bb6cece6d06');
INSERT INTO content.notifications VALUES ('45aa6e14-8478-49a9-b689-22858f63d240', 'BILL', 'Hóa đơn mới - INV-20251221230344', 'Bạn có hóa đơn mới với số tiền 2.550 ₫. Hạn thanh toán: 22/12/2025', 'EXTERNAL', NULL, NULL, '8a6c9d75-0bc1-4f6a-b867-12db832db82b', 'INVOICE', NULL, NULL, '2025-12-21 23:03:44.588609+07', '2025-12-21 23:03:44.588609+07', NULL, NULL, '5b7af8c7-d22a-4d20-bac5-9c85b9ec9a52');
INSERT INTO content.notifications VALUES ('8532e2aa-3b4e-4762-961e-b19f926fe0e3', 'BILL', 'Hóa đơn mới - INV-20251221230344', 'Bạn có hóa đơn mới với số tiền 2.550 ₫. Hạn thanh toán: 22/12/2025', 'EXTERNAL', NULL, NULL, 'ab292202-3c63-4417-8c7c-f7b5c898fa99', 'INVOICE', NULL, NULL, '2025-12-21 23:03:44.680413+07', '2025-12-21 23:03:44.680413+07', NULL, NULL, 'f8ad3179-164b-4a1f-9f5a-11b64e8c2186');
INSERT INTO content.notifications VALUES ('e6ed7a0b-0e2c-47ab-b7e2-0c6a108cdebc', 'BILL', 'Hóa đơn mới - INV-20251221230344', 'Bạn có hóa đơn mới với số tiền 2.550 ₫. Hạn thanh toán: 22/12/2025', 'EXTERNAL', NULL, NULL, 'ab292202-3c63-4417-8c7c-f7b5c898fa99', 'INVOICE', NULL, NULL, '2025-12-21 23:03:44.695839+07', '2025-12-21 23:03:44.695839+07', NULL, NULL, 'ca90e37d-35e9-4a17-83a7-8771f8cbbac6');
INSERT INTO content.notifications VALUES ('39cd98ba-d6be-4d62-873b-d37cdd257bb6', 'BILL', 'Hóa đơn mới - INV-20251221230344', 'Bạn có hóa đơn mới với số tiền 2.550 ₫. Hạn thanh toán: 22/12/2025', 'EXTERNAL', NULL, NULL, '23707974-5ead-4c35-aaa7-6eaa80a564ea', 'INVOICE', NULL, NULL, '2025-12-21 23:03:44.788784+07', '2025-12-21 23:03:44.788784+07', NULL, NULL, '1ba3b51a-4af0-4a1b-93f8-4c4738390dbc');
INSERT INTO content.notifications VALUES ('49e2e748-e71d-4e55-b487-6ea0f91d8b96', 'BILL', 'Hóa đơn mới - INV-20251221230344', 'Bạn có hóa đơn mới với số tiền 2.550 ₫. Hạn thanh toán: 22/12/2025', 'EXTERNAL', NULL, NULL, '85b56191-31f6-4906-a3cf-5794188a4cdc', 'INVOICE', NULL, NULL, '2025-12-21 23:03:44.882965+07', '2025-12-21 23:03:44.882965+07', NULL, NULL, '0f26a206-1195-4fc1-bd59-34b5ace88a7b');
INSERT INTO content.notifications VALUES ('15d657eb-908f-460b-a9fa-580482ce62cf', 'WATER', 'Hóa đơn nước mới', 'Hóa đơn nước mới đã được tạo với số tiền 2,550 VND. Số lượng sử dụng: 100.000 kWh. Vui lòng thanh toán trước ngày 2025-12-22.', 'EXTERNAL', NULL, NULL, '85b56191-31f6-4906-a3cf-5794188a4cdc', 'INVOICE', NULL, NULL, '2025-12-21 23:03:44.929419+07', '2025-12-21 23:03:44.929419+07', NULL, NULL, '0f26a206-1195-4fc1-bd59-34b5ace88a7b');
INSERT INTO content.notifications VALUES ('6a355c63-1e45-4c55-95eb-d585a242d617', 'BILL', 'Hóa đơn mới - INV-20251221230344', 'Bạn có hóa đơn mới với số tiền 2.550 ₫. Hạn thanh toán: 22/12/2025', 'EXTERNAL', NULL, NULL, '42918b40-a549-4061-b0ee-d5b837072d7b', 'INVOICE', NULL, NULL, '2025-12-21 23:03:45.009062+07', '2025-12-21 23:03:45.009062+07', NULL, NULL, '687b17b9-0a0d-44bf-b519-81b3d7a6540c');
INSERT INTO content.notifications VALUES ('9428979f-0c7f-499d-a6c8-3f94efa9e82c', 'WATER', 'Hóa đơn nước mới', 'Hóa đơn nước mới đã được tạo với số tiền 2,550 VND. Số lượng sử dụng: 100.000 kWh. Vui lòng thanh toán trước ngày 2025-12-22.', 'EXTERNAL', NULL, NULL, '42918b40-a549-4061-b0ee-d5b837072d7b', 'INVOICE', NULL, NULL, '2025-12-21 23:03:45.037706+07', '2025-12-21 23:03:45.037706+07', NULL, NULL, 'fb7ad25e-c61b-471d-888e-1f4b34b0ad9f');
INSERT INTO content.notifications VALUES ('24f07dbc-4dfc-46d0-91db-9e6ff68947ec', 'BILL', 'Hóa đơn mới - INV-20251221230345', 'Bạn có hóa đơn mới với số tiền 2.550 ₫. Hạn thanh toán: 22/12/2025', 'EXTERNAL', NULL, NULL, 'c672c0fa-1158-452f-9ee8-cf97850ca181', 'INVOICE', NULL, NULL, '2025-12-21 23:03:45.115828+07', '2025-12-21 23:03:45.115828+07', NULL, NULL, '15c88c99-757c-4877-8ddf-625368e6b8a5');
INSERT INTO content.notifications VALUES ('c049bf14-d391-4b60-b530-7c908ce27877', 'BILL', 'Hóa đơn mới - INV-20251221230345', 'Bạn có hóa đơn mới với số tiền 2.550 ₫. Hạn thanh toán: 22/12/2025', 'EXTERNAL', NULL, NULL, 'c0dfaa1d-236b-480f-bef6-a232b6671d8c', 'INVOICE', NULL, NULL, '2025-12-21 23:03:45.2327+07', '2025-12-21 23:03:45.2327+07', NULL, NULL, '3177405b-f141-4907-a67f-4d96c511e638');
INSERT INTO content.notifications VALUES ('f21ffbe2-1731-4846-a2f0-7e84c60bfca0', 'BILL', 'Hóa đơn mới - INV-20251221230345', 'Bạn có hóa đơn mới với số tiền 2.550 ₫. Hạn thanh toán: 22/12/2025', 'EXTERNAL', NULL, NULL, '6b97873e-e040-4d66-a040-2ad429a2e553', 'INVOICE', NULL, NULL, '2025-12-21 23:03:45.31915+07', '2025-12-21 23:03:45.31915+07', NULL, NULL, '50bad366-9702-4c22-8489-c7e5f3b98a6e');
INSERT INTO content.notifications VALUES ('13a9d805-ec8a-4114-af05-900a7994deb9', 'WATER', 'Hóa đơn nước mới', 'Hóa đơn nước mới đã được tạo với số tiền 2,550 VND. Số lượng sử dụng: 100.000 kWh. Vui lòng thanh toán trước ngày 2025-12-22.', 'EXTERNAL', NULL, NULL, '6b97873e-e040-4d66-a040-2ad429a2e553', 'INVOICE', NULL, NULL, '2025-12-21 23:03:45.350046+07', '2025-12-21 23:03:45.350046+07', NULL, NULL, '50bad366-9702-4c22-8489-c7e5f3b98a6e');
INSERT INTO content.notifications VALUES ('4e4e69ba-33a8-4004-b5a0-1a73c4d8b805', 'BILL', 'Hóa đơn mới - INV-20251221230345', 'Bạn có hóa đơn mới với số tiền 2.550 ₫. Hạn thanh toán: 22/12/2025', 'EXTERNAL', NULL, NULL, '05f1869a-5755-4bb9-ab33-3cc4c9c7046f', 'INVOICE', NULL, NULL, '2025-12-21 23:03:45.412918+07', '2025-12-21 23:03:45.412918+07', NULL, NULL, '7a9381da-2c2e-45c2-a3a2-dcc4913f43fc');
INSERT INTO content.notifications VALUES ('942bc328-bc35-486a-a4d1-93443bb12076', 'BILL', 'Hóa đơn mới - INV-20251221230345', 'Bạn có hóa đơn mới với số tiền 2.550 ₫. Hạn thanh toán: 22/12/2025', 'EXTERNAL', NULL, NULL, 'd1b2bb9b-98ef-47bf-88d1-7e3f51c032d6', 'INVOICE', NULL, NULL, '2025-12-21 23:03:45.505926+07', '2025-12-21 23:03:45.505926+07', NULL, NULL, 'd4ab86e8-950d-421a-bb19-b52284666470');
INSERT INTO content.notifications VALUES ('36760f13-58c8-45fd-bd26-4a2a0d498c7e', 'BILL', 'Hóa đơn mới - INV-20251221230345', 'Bạn có hóa đơn mới với số tiền 2.550 ₫. Hạn thanh toán: 22/12/2025', 'EXTERNAL', NULL, NULL, '0a1eb2c1-3749-449a-90a2-37467cee3f13', 'INVOICE', NULL, NULL, '2025-12-21 23:03:45.615139+07', '2025-12-21 23:03:45.615139+07', NULL, NULL, '60f87622-5f0f-47f2-803d-de5781319ff8');
INSERT INTO content.notifications VALUES ('38f0094e-7b0b-4ddd-9599-dadf9d770cc1', 'WATER', 'Hóa đơn nước mới', 'Hóa đơn nước mới đã được tạo với số tiền 2,550 VND. Số lượng sử dụng: 100.000 kWh. Vui lòng thanh toán trước ngày 2025-12-22.', 'EXTERNAL', NULL, NULL, '0a1eb2c1-3749-449a-90a2-37467cee3f13', 'INVOICE', NULL, NULL, '2025-12-21 23:03:45.663277+07', '2025-12-21 23:03:45.663277+07', NULL, NULL, '60f87622-5f0f-47f2-803d-de5781319ff8');
INSERT INTO content.notifications VALUES ('52b615a2-8de4-4f2a-bb49-2632de019991', 'BILL', 'Hóa đơn mới - INV-20251221230345', 'Bạn có hóa đơn mới với số tiền 2.550 ₫. Hạn thanh toán: 22/12/2025', 'EXTERNAL', NULL, NULL, '897cf7ff-3488-42f9-9bbd-14ba0962c74c', 'INVOICE', NULL, NULL, '2025-12-21 23:03:45.739356+07', '2025-12-21 23:03:45.739356+07', NULL, NULL, 'e2ea11a3-7dae-47e4-9f4b-c2dac507a5ed');
INSERT INTO content.notifications VALUES ('89c6a420-4951-4ffe-984c-54124130e05e', 'WATER', 'Hóa đơn nước mới', 'Hóa đơn nước mới đã được tạo với số tiền 2,550 VND. Số lượng sử dụng: 100.000 kWh. Vui lòng thanh toán trước ngày 2025-12-22.', 'EXTERNAL', NULL, NULL, '897cf7ff-3488-42f9-9bbd-14ba0962c74c', 'INVOICE', NULL, NULL, '2025-12-21 23:03:45.755317+07', '2025-12-21 23:03:45.755317+07', NULL, NULL, 'b506b581-eb6b-462f-96b1-c76efcbb84b5');
INSERT INTO content.notifications VALUES ('d3a11326-059e-4e56-9b20-96d903a11238', 'BILL', 'Hóa đơn mới - INV-20251221230345', 'Bạn có hóa đơn mới với số tiền 2.550 ₫. Hạn thanh toán: 22/12/2025', 'EXTERNAL', NULL, NULL, 'ee35b4e7-74fc-4d6c-8714-35fe3b445d14', 'INVOICE', NULL, NULL, '2025-12-21 23:03:45.818403+07', '2025-12-21 23:03:45.818403+07', NULL, NULL, '1835b0dd-797c-4990-8155-236bc7b5db73');
INSERT INTO content.notifications VALUES ('c96664d8-9bcc-47cb-8c06-ae1b653c9cca', 'BILL', 'Hóa đơn mới - INV-20251221230345', 'Bạn có hóa đơn mới với số tiền 2.550 ₫. Hạn thanh toán: 22/12/2025', 'EXTERNAL', NULL, NULL, '388d5931-495c-4eb4-8513-d2ebf9c14f58', 'INVOICE', NULL, NULL, '2025-12-21 23:03:45.927786+07', '2025-12-21 23:03:45.927786+07', NULL, NULL, '0fa5340b-c772-40e3-b0fc-e4c73b37b66b');
INSERT INTO content.notifications VALUES ('73ee4804-c96d-4a65-96d2-26bf1d1fab4c', 'BILL', 'Hóa đơn mới - INV-20251221230343', 'Bạn có hóa đơn mới với số tiền 2.550 ₫. Hạn thanh toán: 22/12/2025', 'EXTERNAL', NULL, NULL, '50767b5f-5aac-4fe2-8238-47d6f6b8e84e', 'INVOICE', NULL, NULL, '2025-12-21 23:03:44.046386+07', '2025-12-21 23:03:44.046386+07', NULL, NULL, '8759d59f-439e-4e1f-9203-8981e161e36e');
INSERT INTO content.notifications VALUES ('aff34ca1-aa83-4b0e-81ed-7850d624b8b7', 'BILL', 'Hóa đơn mới - INV-20251221230344', 'Bạn có hóa đơn mới với số tiền 2.550 ₫. Hạn thanh toán: 22/12/2025', 'EXTERNAL', NULL, NULL, '3c77fdfa-f3b4-4e5e-9292-f565fddd6ce0', 'INVOICE', NULL, NULL, '2025-12-21 23:03:44.139115+07', '2025-12-21 23:03:44.139115+07', NULL, NULL, 'c0b5a2cd-e1b0-4808-9436-05a3dceb88d9');
INSERT INTO content.notifications VALUES ('617d62f8-4ef2-4b12-943e-d27834a62c7e', 'WATER', 'Hóa đơn nước mới', 'Hóa đơn nước mới đã được tạo với số tiền 2,550 VND. Số lượng sử dụng: 100.000 kWh. Vui lòng thanh toán trước ngày 2025-12-22.', 'EXTERNAL', NULL, NULL, '3c77fdfa-f3b4-4e5e-9292-f565fddd6ce0', 'INVOICE', NULL, NULL, '2025-12-21 23:03:44.187867+07', '2025-12-21 23:03:44.187867+07', NULL, NULL, 'c0b5a2cd-e1b0-4808-9436-05a3dceb88d9');
INSERT INTO content.notifications VALUES ('576cd9f4-fad1-4ca3-b989-84dd3d7c71db', 'BILL', 'Hóa đơn mới - INV-20251221230344', 'Bạn có hóa đơn mới với số tiền 2.550 ₫. Hạn thanh toán: 22/12/2025', 'EXTERNAL', NULL, NULL, '37b174c7-3157-46ff-a73d-adfd367e1b33', 'INVOICE', NULL, NULL, '2025-12-21 23:03:44.369933+07', '2025-12-21 23:03:44.369933+07', NULL, NULL, 'cc63d3f3-bc94-4db6-9fb8-f8d19a2dec40');
INSERT INTO content.notifications VALUES ('6c4d1d98-5a4c-4624-a268-0edab0a16f93', 'BILL', 'Hóa đơn mới - INV-20251221230344', 'Bạn có hóa đơn mới với số tiền 2.550 ₫. Hạn thanh toán: 22/12/2025', 'EXTERNAL', NULL, NULL, '96c45379-1674-4b4e-9cee-15074df44318', 'INVOICE', NULL, NULL, '2025-12-21 23:03:44.463554+07', '2025-12-21 23:03:44.463554+07', NULL, NULL, '68d985fa-4ffc-4735-93c9-7bb6cece6d06');
INSERT INTO content.notifications VALUES ('84eea4c6-546f-4d3a-94c4-b8763cde7b4d', 'BILL', 'Hóa đơn mới - INV-20251221230344', 'Bạn có hóa đơn mới với số tiền 2.550 ₫. Hạn thanh toán: 22/12/2025', 'EXTERNAL', NULL, NULL, '96c45379-1674-4b4e-9cee-15074df44318', 'INVOICE', NULL, NULL, '2025-12-21 23:03:44.479787+07', '2025-12-21 23:03:44.479787+07', NULL, NULL, 'f90d8b97-408c-42e3-9135-eb8ebfb29e68');
INSERT INTO content.notifications VALUES ('9869134d-051a-417f-97e7-3629fdb9b30b', 'BILL', 'Hóa đơn mới - INV-20251221230344', 'Bạn có hóa đơn mới với số tiền 2.550 ₫. Hạn thanh toán: 22/12/2025', 'EXTERNAL', NULL, NULL, '8a6c9d75-0bc1-4f6a-b867-12db832db82b', 'INVOICE', NULL, NULL, '2025-12-21 23:03:44.574996+07', '2025-12-21 23:03:44.574996+07', NULL, NULL, 'e360cef7-194c-4105-bfa9-60e14ff92310');
INSERT INTO content.notifications VALUES ('4208805a-7e07-41c4-9b58-1612e6b5629e', 'WATER', 'Hóa đơn nước mới', 'Hóa đơn nước mới đã được tạo với số tiền 2,550 VND. Số lượng sử dụng: 100.000 kWh. Vui lòng thanh toán trước ngày 2025-12-22.', 'EXTERNAL', NULL, NULL, '8a6c9d75-0bc1-4f6a-b867-12db832db82b', 'INVOICE', NULL, NULL, '2025-12-21 23:03:44.620796+07', '2025-12-21 23:03:44.620796+07', NULL, NULL, 'e360cef7-194c-4105-bfa9-60e14ff92310');
INSERT INTO content.notifications VALUES ('2ed1a4d8-2e2e-40fe-bbfe-d1c7279592da', 'WATER', 'Hóa đơn nước mới', 'Hóa đơn nước mới đã được tạo với số tiền 2,550 VND. Số lượng sử dụng: 100.000 kWh. Vui lòng thanh toán trước ngày 2025-12-22.', 'EXTERNAL', NULL, NULL, 'ab292202-3c63-4417-8c7c-f7b5c898fa99', 'INVOICE', NULL, NULL, '2025-12-21 23:03:44.727904+07', '2025-12-21 23:03:44.727904+07', NULL, NULL, 'f8ad3179-164b-4a1f-9f5a-11b64e8c2186');
INSERT INTO content.notifications VALUES ('5668e1b4-f954-4e8b-ba48-f063b9c8835d', 'BILL', 'Hóa đơn mới - INV-20251221230344', 'Bạn có hóa đơn mới với số tiền 2.550 ₫. Hạn thanh toán: 22/12/2025', 'EXTERNAL', NULL, NULL, '23707974-5ead-4c35-aaa7-6eaa80a564ea', 'INVOICE', NULL, NULL, '2025-12-21 23:03:44.804421+07', '2025-12-21 23:03:44.804421+07', NULL, NULL, 'dd803868-6d0d-4ee3-a303-44a09153eefd');
INSERT INTO content.notifications VALUES ('03ba96b3-c078-46dc-be46-a95eede04856', 'WATER', 'Hóa đơn nước mới', 'Hóa đơn nước mới đã được tạo với số tiền 2,550 VND. Số lượng sử dụng: 100.000 kWh. Vui lòng thanh toán trước ngày 2025-12-22.', 'EXTERNAL', NULL, NULL, '23707974-5ead-4c35-aaa7-6eaa80a564ea', 'INVOICE', NULL, NULL, '2025-12-21 23:03:44.819918+07', '2025-12-21 23:03:44.819918+07', NULL, NULL, '1ba3b51a-4af0-4a1b-93f8-4c4738390dbc');
INSERT INTO content.notifications VALUES ('3d01f348-0f1a-48e7-95dc-31f3ce62b59d', 'BILL', 'Hóa đơn mới - INV-20251221230344', 'Bạn có hóa đơn mới với số tiền 2.550 ₫. Hạn thanh toán: 22/12/2025', 'EXTERNAL', NULL, NULL, '85b56191-31f6-4906-a3cf-5794188a4cdc', 'INVOICE', NULL, NULL, '2025-12-21 23:03:44.898882+07', '2025-12-21 23:03:44.898882+07', NULL, NULL, 'e888d7f1-26ee-48d0-a902-0b1f2675592d');
INSERT INTO content.notifications VALUES ('dec30d56-4dab-4ec0-9aad-64459eae29c3', 'BILL', 'Hóa đơn mới - INV-20251221230344', 'Bạn có hóa đơn mới với số tiền 2.550 ₫. Hạn thanh toán: 22/12/2025', 'EXTERNAL', NULL, NULL, '42918b40-a549-4061-b0ee-d5b837072d7b', 'INVOICE', NULL, NULL, '2025-12-21 23:03:44.993401+07', '2025-12-21 23:03:44.993401+07', NULL, NULL, 'fb7ad25e-c61b-471d-888e-1f4b34b0ad9f');
INSERT INTO content.notifications VALUES ('4925eae9-e1e8-46d5-ab40-246a1227d3fe', 'BILL', 'Hóa đơn mới - INV-20251221230345', 'Bạn có hóa đơn mới với số tiền 2.550 ₫. Hạn thanh toán: 22/12/2025', 'EXTERNAL', NULL, NULL, 'c672c0fa-1158-452f-9ee8-cf97850ca181', 'INVOICE', NULL, NULL, '2025-12-21 23:03:45.100411+07', '2025-12-21 23:03:45.100411+07', NULL, NULL, '3a024fba-647e-4fba-8b90-e7d688a2ec00');
INSERT INTO content.notifications VALUES ('8acd0514-1144-4254-906b-7124d99e56a9', 'WATER', 'Hóa đơn nước mới', 'Hóa đơn nước mới đã được tạo với số tiền 2,550 VND. Số lượng sử dụng: 100.000 kWh. Vui lòng thanh toán trước ngày 2025-12-22.', 'EXTERNAL', NULL, NULL, 'c672c0fa-1158-452f-9ee8-cf97850ca181', 'INVOICE', NULL, NULL, '2025-12-21 23:03:45.148383+07', '2025-12-21 23:03:45.148383+07', NULL, NULL, '3a024fba-647e-4fba-8b90-e7d688a2ec00');
INSERT INTO content.notifications VALUES ('51d3712f-99cd-4244-878b-1d95cec95aeb', 'BILL', 'Hóa đơn mới - INV-20251221230345', 'Bạn có hóa đơn mới với số tiền 2.550 ₫. Hạn thanh toán: 22/12/2025', 'EXTERNAL', NULL, NULL, 'c0dfaa1d-236b-480f-bef6-a232b6671d8c', 'INVOICE', NULL, NULL, '2025-12-21 23:03:45.211694+07', '2025-12-21 23:03:45.211694+07', NULL, NULL, '1fb07f05-a7e9-416e-8925-c33b11a6ed60');
INSERT INTO content.notifications VALUES ('66a70ee0-22b4-4169-8a45-f74c83ebc237', 'WATER', 'Hóa đơn nước mới', 'Hóa đơn nước mới đã được tạo với số tiền 2,550 VND. Số lượng sử dụng: 100.000 kWh. Vui lòng thanh toán trước ngày 2025-12-22.', 'EXTERNAL', NULL, NULL, 'c0dfaa1d-236b-480f-bef6-a232b6671d8c', 'INVOICE', NULL, NULL, '2025-12-21 23:03:45.258243+07', '2025-12-21 23:03:45.258243+07', NULL, NULL, '1fb07f05-a7e9-416e-8925-c33b11a6ed60');
INSERT INTO content.notifications VALUES ('71fd0960-fe0b-463f-b8f7-dffe07410ec6', 'BILL', 'Hóa đơn mới - INV-20251221230345', 'Bạn có hóa đơn mới với số tiền 2.550 ₫. Hạn thanh toán: 22/12/2025', 'EXTERNAL', NULL, NULL, '6b97873e-e040-4d66-a040-2ad429a2e553', 'INVOICE', NULL, NULL, '2025-12-21 23:03:45.334267+07', '2025-12-21 23:03:45.334267+07', NULL, NULL, 'a6235a48-b377-4786-a8f4-8f99e15849f9');
INSERT INTO content.notifications VALUES ('46157392-30c8-4e0b-8766-f246e3c59572', 'WATER', 'Hóa đơn nước mới', 'Hóa đơn nước mới đã được tạo với số tiền 2,550 VND. Số lượng sử dụng: 100.000 kWh. Vui lòng thanh toán trước ngày 2025-12-22.', 'EXTERNAL', NULL, NULL, '05f1869a-5755-4bb9-ab33-3cc4c9c7046f', 'INVOICE', NULL, NULL, '2025-12-21 23:03:45.443693+07', '2025-12-21 23:03:45.443693+07', NULL, NULL, '7a9381da-2c2e-45c2-a3a2-dcc4913f43fc');
INSERT INTO content.notifications VALUES ('94df0cac-f0fc-4ac2-98ce-c928d1299674', 'BILL', 'Hóa đơn mới - INV-20251221230345', 'Bạn có hóa đơn mới với số tiền 2.550 ₫. Hạn thanh toán: 22/12/2025', 'EXTERNAL', NULL, NULL, 'd1b2bb9b-98ef-47bf-88d1-7e3f51c032d6', 'INVOICE', NULL, NULL, '2025-12-21 23:03:45.522032+07', '2025-12-21 23:03:45.522032+07', NULL, NULL, '10c60e21-fa94-4f45-93a7-bdafa3f21004');
INSERT INTO content.notifications VALUES ('10dad7ca-881a-4210-a17a-f08a6bf5eadb', 'WATER', 'Hóa đơn nước mới', 'Hóa đơn nước mới đã được tạo với số tiền 2,550 VND. Số lượng sử dụng: 100.000 kWh. Vui lòng thanh toán trước ngày 2025-12-22.', 'EXTERNAL', NULL, NULL, 'd1b2bb9b-98ef-47bf-88d1-7e3f51c032d6', 'INVOICE', NULL, NULL, '2025-12-21 23:03:45.554076+07', '2025-12-21 23:03:45.554076+07', NULL, NULL, 'd4ab86e8-950d-421a-bb19-b52284666470');
INSERT INTO content.notifications VALUES ('ddc30865-1988-4d27-8f5b-6bee4653c137', 'BILL', 'Hóa đơn mới - INV-20251221230345', 'Bạn có hóa đơn mới với số tiền 2.550 ₫. Hạn thanh toán: 22/12/2025', 'EXTERNAL', NULL, NULL, '0a1eb2c1-3749-449a-90a2-37467cee3f13', 'INVOICE', NULL, NULL, '2025-12-21 23:03:45.630872+07', '2025-12-21 23:03:45.630872+07', NULL, NULL, '4aecd93e-4305-4ff5-9463-bfb0e6a7e53b');
INSERT INTO content.notifications VALUES ('3e4dfa72-e637-4276-b335-1bccf369cc6f', 'BILL', 'Hóa đơn mới - INV-20251221230345', 'Bạn có hóa đơn mới với số tiền 2.550 ₫. Hạn thanh toán: 22/12/2025', 'EXTERNAL', NULL, NULL, '897cf7ff-3488-42f9-9bbd-14ba0962c74c', 'INVOICE', NULL, NULL, '2025-12-21 23:03:45.723467+07', '2025-12-21 23:03:45.723467+07', NULL, NULL, 'b506b581-eb6b-462f-96b1-c76efcbb84b5');
INSERT INTO content.notifications VALUES ('14a76634-0928-489c-8adc-6741b098fc31', 'BILL', 'Hóa đơn mới - INV-20251221230345', 'Bạn có hóa đơn mới với số tiền 2.550 ₫. Hạn thanh toán: 22/12/2025', 'EXTERNAL', NULL, NULL, 'ee35b4e7-74fc-4d6c-8714-35fe3b445d14', 'INVOICE', NULL, NULL, '2025-12-21 23:03:45.802909+07', '2025-12-21 23:03:45.802909+07', NULL, NULL, 'dbf130f6-8bc5-4b23-81d4-f4fb9b84b6e6');
INSERT INTO content.notifications VALUES ('8c6b9881-1f2c-4ced-8089-3c652ed04e4f', 'WATER', 'Hóa đơn nước mới', 'Hóa đơn nước mới đã được tạo với số tiền 2,550 VND. Số lượng sử dụng: 100.000 kWh. Vui lòng thanh toán trước ngày 2025-12-22.', 'EXTERNAL', NULL, NULL, 'ee35b4e7-74fc-4d6c-8714-35fe3b445d14', 'INVOICE', NULL, NULL, '2025-12-21 23:03:45.849855+07', '2025-12-21 23:03:45.849855+07', NULL, NULL, 'dbf130f6-8bc5-4b23-81d4-f4fb9b84b6e6');
INSERT INTO content.notifications VALUES ('e4fcf81d-c179-413b-a453-7826c2a993ce', 'BILL', 'Hóa đơn mới - INV-20251221230345', 'Bạn có hóa đơn mới với số tiền 2.550 ₫. Hạn thanh toán: 22/12/2025', 'EXTERNAL', NULL, NULL, '388d5931-495c-4eb4-8513-d2ebf9c14f58', 'INVOICE', NULL, NULL, '2025-12-21 23:03:45.911189+07', '2025-12-21 23:03:45.911189+07', NULL, NULL, '06076f6f-9985-47e4-92ea-d33cf6c87d57');
INSERT INTO content.notifications VALUES ('f03044ea-3e69-4453-9912-3f6ef9c6b612', 'WATER', 'Hóa đơn nước mới', 'Hóa đơn nước mới đã được tạo với số tiền 2,550 VND. Số lượng sử dụng: 100.000 kWh. Vui lòng thanh toán trước ngày 2025-12-22.', 'EXTERNAL', NULL, NULL, '388d5931-495c-4eb4-8513-d2ebf9c14f58', 'INVOICE', NULL, NULL, '2025-12-21 23:03:45.957712+07', '2025-12-21 23:03:45.957712+07', NULL, NULL, '06076f6f-9985-47e4-92ea-d33cf6c87d57');
INSERT INTO content.notifications VALUES ('cf93beb0-21b5-4b0f-bee7-343688961ec3', 'BILL', 'Hóa đơn mới - INV-20251221230707', 'Bạn có hóa đơn mới với số tiền 2.550 ₫. Hạn thanh toán: 22/12/2025', 'EXTERNAL', NULL, NULL, '24323477-c7b1-49e0-a80b-925932fe1ad7', 'INVOICE', NULL, NULL, '2025-12-21 23:07:07.419187+07', '2025-12-21 23:07:07.419187+07', NULL, NULL, '3a024fba-647e-4fba-8b90-e7d688a2ec00');
INSERT INTO content.notifications VALUES ('ef7c23b5-70f7-43d3-8d52-dc3f567adb61', 'BILL', 'Hóa đơn mới - INV-20251221230707', 'Bạn có hóa đơn mới với số tiền 2.550 ₫. Hạn thanh toán: 22/12/2025', 'EXTERNAL', NULL, NULL, '24323477-c7b1-49e0-a80b-925932fe1ad7', 'INVOICE', NULL, NULL, '2025-12-21 23:07:07.437955+07', '2025-12-21 23:07:07.437955+07', NULL, NULL, '15c88c99-757c-4877-8ddf-625368e6b8a5');
INSERT INTO content.notifications VALUES ('b3e5dc5c-0946-49bd-9510-737d83dfd2a6', 'WATER', 'Hóa đơn nước mới', 'Hóa đơn nước mới đã được tạo với số tiền 2,550 VND. Số lượng sử dụng: 100.000 kWh. Vui lòng thanh toán trước ngày 2025-12-22.', 'EXTERNAL', NULL, NULL, '24323477-c7b1-49e0-a80b-925932fe1ad7', 'INVOICE', NULL, NULL, '2025-12-21 23:07:07.454178+07', '2025-12-21 23:07:07.454178+07', NULL, NULL, '3a024fba-647e-4fba-8b90-e7d688a2ec00');
INSERT INTO content.notifications VALUES ('1d464994-003a-4a0b-8da8-b974657b632d', 'ELECTRICITY', 'Hóa đơn điện mới', 'Hóa đơn điện mới đã được tạo với số tiền 50,760 VND. Số lượng sử dụng: 300.000 kWh. Vui lòng thanh toán trước ngày 2025-12-22.', 'EXTERNAL', NULL, NULL, '1f391342-ffc4-407c-8583-d0a5374c88c6', 'INVOICE', NULL, NULL, '2025-12-21 23:07:07.485979+07', '2025-12-21 23:07:07.485979+07', NULL, NULL, '3a024fba-647e-4fba-8b90-e7d688a2ec00');
INSERT INTO content.notifications VALUES ('aa526e5f-e4fb-454e-a57b-52f21283d599', 'BILL', 'Hóa đơn mới - INV-20251221230708', 'Bạn có hóa đơn mới với số tiền 6.855.860 ₫. Hạn thanh toán: 28/12/2025', 'EXTERNAL', NULL, NULL, 'c0b47449-35e1-43c8-9f8b-f185f9cbbf13', 'INVOICE', NULL, NULL, '2025-12-21 23:07:08.586362+07', '2025-12-21 23:07:08.586362+07', NULL, NULL, '3a024fba-647e-4fba-8b90-e7d688a2ec00');
INSERT INTO content.notifications VALUES ('73f474f0-1fab-42dc-b58b-430d93a17d6d', 'BILL', 'Hóa đơn mới - INV-20251221231433', 'Bạn có hóa đơn mới với số tiền 16.432.010 ₫. Hạn thanh toán: 28/12/2025', 'EXTERNAL', NULL, NULL, 'cdaf341e-3efd-40f4-a216-f18f8f78982a', 'INVOICE', NULL, NULL, '2025-12-21 23:14:33.241045+07', '2025-12-21 23:14:33.241045+07', NULL, NULL, '3a024fba-647e-4fba-8b90-e7d688a2ec00');
INSERT INTO content.notifications VALUES ('0dee3b67-8fcd-489d-9d7f-b5bc07e76b2e', 'BILL', 'Hóa đơn mới - INV-20251221230708', 'Bạn có hóa đơn mới với số tiền 6.855.860 ₫. Hạn thanh toán: 28/12/2025', 'EXTERNAL', NULL, NULL, 'c0b47449-35e1-43c8-9f8b-f185f9cbbf13', 'INVOICE', NULL, NULL, '2025-12-21 23:07:08.602795+07', '2025-12-21 23:07:08.602795+07', NULL, NULL, '15c88c99-757c-4877-8ddf-625368e6b8a5');
INSERT INTO content.notifications VALUES ('51651fb3-4536-44cc-8ced-998735a38df3', 'BILL', 'Hóa đơn mới - INV-20251221231433', 'Bạn có hóa đơn mới với số tiền 16.432.010 ₫. Hạn thanh toán: 28/12/2025', 'EXTERNAL', NULL, NULL, 'cdaf341e-3efd-40f4-a216-f18f8f78982a', 'INVOICE', NULL, NULL, '2025-12-21 23:14:33.251074+07', '2025-12-21 23:14:33.251074+07', NULL, NULL, '15c88c99-757c-4877-8ddf-625368e6b8a5');
INSERT INTO content.notifications VALUES ('272e214f-c156-4d3d-ac6c-74e710bbc07c', 'ELECTRICITY', 'Hóa đơn điện mới', 'Hóa đơn điện mới đã được tạo với số tiền 12,300 VND. Số lượng sử dụng: 100.000 kWh. Vui lòng thanh toán trước ngày 2025-12-22.', 'EXTERNAL', NULL, NULL, '8445d80d-ca1d-4b75-9ca9-4b15dc0dc2c6', 'INVOICE', NULL, NULL, '2025-12-21 23:41:15.316114+07', '2025-12-21 23:41:15.316114+07', NULL, NULL, '644e9b79-80c6-44ec-b4e7-9b0a11a96abd');
INSERT INTO content.notifications VALUES ('286f947a-760f-4d1d-a290-f96873af733f', 'ELECTRICITY', 'Hóa đơn điện mới', 'Hóa đơn điện mới đã được tạo với số tiền 12,300 VND. Số lượng sử dụng: 100.000 kWh. Vui lòng thanh toán trước ngày 2025-12-22.', 'EXTERNAL', NULL, NULL, 'f393988e-280e-4801-843c-3ef9b0838cf7', 'INVOICE', NULL, NULL, '2025-12-21 23:41:15.353586+07', '2025-12-21 23:41:15.353586+07', NULL, NULL, 'd4ab86e8-950d-421a-bb19-b52284666470');
INSERT INTO content.notifications VALUES ('71e31564-ace7-40d5-a474-b62da4a7e32c', 'ELECTRICITY', 'Hóa đơn điện mới', 'Hóa đơn điện mới đã được tạo với số tiền 12,300 VND. Số lượng sử dụng: 100.000 kWh. Vui lòng thanh toán trước ngày 2025-12-22.', 'EXTERNAL', NULL, NULL, '23becf9f-890b-4f47-969a-67f920974c24', 'INVOICE', NULL, NULL, '2025-12-21 23:41:15.384458+07', '2025-12-21 23:41:15.384458+07', NULL, NULL, '68d985fa-4ffc-4735-93c9-7bb6cece6d06');
INSERT INTO content.notifications VALUES ('ad7dd931-6746-4ff4-a7de-4936200f1566', 'ELECTRICITY', 'Hóa đơn điện mới', 'Hóa đơn điện mới đã được tạo với số tiền 12,300 VND. Số lượng sử dụng: 100.000 kWh. Vui lòng thanh toán trước ngày 2025-12-22.', 'EXTERNAL', NULL, NULL, '2e44adc5-6d46-4bb7-bb9d-cfb18fcc7fff', 'INVOICE', NULL, NULL, '2025-12-21 23:41:15.416201+07', '2025-12-21 23:41:15.416201+07', NULL, NULL, 'f8ad3179-164b-4a1f-9f5a-11b64e8c2186');
INSERT INTO content.notifications VALUES ('3aed204d-8afe-426d-9e2e-32f281e8f99c', 'ELECTRICITY', 'Hóa đơn điện mới', 'Hóa đơn điện mới đã được tạo với số tiền 12,300 VND. Số lượng sử dụng: 100.000 kWh. Vui lòng thanh toán trước ngày 2025-12-22.', 'EXTERNAL', NULL, NULL, '09be2762-6761-4f5e-9d76-bdcbc11105d0', 'INVOICE', NULL, NULL, '2025-12-21 23:41:15.44573+07', '2025-12-21 23:41:15.44573+07', NULL, NULL, 'c0b5a2cd-e1b0-4808-9436-05a3dceb88d9');
INSERT INTO content.notifications VALUES ('6c23e19e-eb0e-4427-99b9-736e548d35b4', 'ELECTRICITY', 'Hóa đơn điện mới', 'Hóa đơn điện mới đã được tạo với số tiền 12,300 VND. Số lượng sử dụng: 100.000 kWh. Vui lòng thanh toán trước ngày 2025-12-22.', 'EXTERNAL', NULL, NULL, '143d2834-b4db-414b-82d0-f59a164c0fe6', 'INVOICE', NULL, NULL, '2025-12-21 23:41:15.477526+07', '2025-12-21 23:41:15.477526+07', NULL, NULL, '06076f6f-9985-47e4-92ea-d33cf6c87d57');
INSERT INTO content.notifications VALUES ('2e5e78d1-5aab-4519-a40f-e86242cd8496', 'ELECTRICITY', 'Hóa đơn điện mới', 'Hóa đơn điện mới đã được tạo với số tiền 12,300 VND. Số lượng sử dụng: 100.000 kWh. Vui lòng thanh toán trước ngày 2025-12-22.', 'EXTERNAL', NULL, NULL, '418e0f3a-32f4-4777-b243-00b90782e398', 'INVOICE', NULL, NULL, '2025-12-21 23:41:15.508044+07', '2025-12-21 23:41:15.508044+07', NULL, NULL, 'e5a21a74-94c5-4b3a-9fdf-147e810a1982');
INSERT INTO content.notifications VALUES ('6ab42cc3-2f60-4990-81cf-736103b7ca44', 'ELECTRICITY', 'Hóa đơn điện mới', 'Hóa đơn điện mới đã được tạo với số tiền 12,300 VND. Số lượng sử dụng: 100.000 kWh. Vui lòng thanh toán trước ngày 2025-12-22.', 'EXTERNAL', NULL, NULL, 'e09d797e-841e-4418-9a0a-6c9000676ecd', 'INVOICE', NULL, NULL, '2025-12-21 23:41:15.540139+07', '2025-12-21 23:41:15.540139+07', NULL, NULL, 'dbf130f6-8bc5-4b23-81d4-f4fb9b84b6e6');
INSERT INTO content.notifications VALUES ('7b0d4a41-00c6-4fce-bd90-db1393d4453a', 'ELECTRICITY', 'Hóa đơn điện mới', 'Hóa đơn điện mới đã được tạo với số tiền 12,300 VND. Số lượng sử dụng: 100.000 kWh. Vui lòng thanh toán trước ngày 2025-12-22.', 'EXTERNAL', NULL, NULL, '8499cac3-d232-47a8-8436-434a810b1a07', 'INVOICE', NULL, NULL, '2025-12-21 23:41:15.570872+07', '2025-12-21 23:41:15.570872+07', NULL, NULL, 'e360cef7-194c-4105-bfa9-60e14ff92310');
INSERT INTO content.notifications VALUES ('cecfba3d-8a9a-48f4-9448-0715a21df43b', 'ELECTRICITY', 'Hóa đơn điện mới', 'Hóa đơn điện mới đã được tạo với số tiền 12,300 VND. Số lượng sử dụng: 100.000 kWh. Vui lòng thanh toán trước ngày 2025-12-22.', 'EXTERNAL', NULL, NULL, '3bd28677-319a-454e-80a6-126f6a112d03', 'INVOICE', NULL, NULL, '2025-12-21 23:41:15.601987+07', '2025-12-21 23:41:15.601987+07', NULL, NULL, '50bad366-9702-4c22-8489-c7e5f3b98a6e');
INSERT INTO content.notifications VALUES ('ca8a259c-00ed-4c00-9d7c-bcdf1ef83d4c', 'ELECTRICITY', 'Hóa đơn điện mới', 'Hóa đơn điện mới đã được tạo với số tiền 12,300 VND. Số lượng sử dụng: 100.000 kWh. Vui lòng thanh toán trước ngày 2025-12-22.', 'EXTERNAL', NULL, NULL, 'b4e8f0b6-7142-4ea0-980a-1a220e5eee51', 'INVOICE', NULL, NULL, '2025-12-21 23:41:15.634592+07', '2025-12-21 23:41:15.634592+07', NULL, NULL, '1fb07f05-a7e9-416e-8925-c33b11a6ed60');
INSERT INTO content.notifications VALUES ('a9e559ab-f429-4759-bd87-84e405e38f29', 'ELECTRICITY', 'Hóa đơn điện mới', 'Hóa đơn điện mới đã được tạo với số tiền 12,300 VND. Số lượng sử dụng: 100.000 kWh. Vui lòng thanh toán trước ngày 2025-12-22.', 'EXTERNAL', NULL, NULL, '5cf92cd9-e8c0-46ef-b1be-10c10f893fd6', 'INVOICE', NULL, NULL, '2025-12-21 23:41:15.666443+07', '2025-12-21 23:41:15.666443+07', NULL, NULL, 'cc63d3f3-bc94-4db6-9fb8-f8d19a2dec40');
INSERT INTO content.notifications VALUES ('f479c319-3651-4e83-8e2e-e1578a318fc7', 'ELECTRICITY', 'Hóa đơn điện mới', 'Hóa đơn điện mới đã được tạo với số tiền 12,300 VND. Số lượng sử dụng: 100.000 kWh. Vui lòng thanh toán trước ngày 2025-12-22.', 'EXTERNAL', NULL, NULL, '8fad2cb2-97e6-48b0-94ba-77a823603293', 'INVOICE', NULL, NULL, '2025-12-21 23:41:15.696301+07', '2025-12-21 23:41:15.696301+07', NULL, NULL, '48a70c25-a2d5-4ef2-b15f-29862b47680e');
INSERT INTO content.notifications VALUES ('23e03b96-6e11-4a57-a7ca-cf2b60993cd4', 'ELECTRICITY', 'Hóa đơn điện mới', 'Hóa đơn điện mới đã được tạo với số tiền 12,300 VND. Số lượng sử dụng: 100.000 kWh. Vui lòng thanh toán trước ngày 2025-12-22.', 'EXTERNAL', NULL, NULL, 'b25798a0-6ee3-442d-8e4e-2d0415d9549c', 'INVOICE', NULL, NULL, '2025-12-21 23:41:15.727564+07', '2025-12-21 23:41:15.727564+07', NULL, NULL, '1ba3b51a-4af0-4a1b-93f8-4c4738390dbc');
INSERT INTO content.notifications VALUES ('29e42f63-1f6a-4a9d-8874-37a68fbc48b5', 'ELECTRICITY', 'Hóa đơn điện mới', 'Hóa đơn điện mới đã được tạo với số tiền 12,300 VND. Số lượng sử dụng: 100.000 kWh. Vui lòng thanh toán trước ngày 2025-12-22.', 'EXTERNAL', NULL, NULL, '7fd86571-0735-4137-b2da-f876f08922b1', 'INVOICE', NULL, NULL, '2025-12-21 23:41:15.759022+07', '2025-12-21 23:41:15.759022+07', NULL, NULL, 'b506b581-eb6b-462f-96b1-c76efcbb84b5');
INSERT INTO content.notifications VALUES ('dc7ff34a-0451-4065-ac0d-07a19972f44f', 'ELECTRICITY', 'Hóa đơn điện mới', 'Hóa đơn điện mới đã được tạo với số tiền 12,300 VND. Số lượng sử dụng: 100.000 kWh. Vui lòng thanh toán trước ngày 2025-12-22.', 'EXTERNAL', NULL, NULL, '3403783f-9c3c-4b01-8fc8-133da393e10d', 'INVOICE', NULL, NULL, '2025-12-21 23:41:15.790136+07', '2025-12-21 23:41:15.790136+07', NULL, NULL, '0f26a206-1195-4fc1-bd59-34b5ace88a7b');
INSERT INTO content.notifications VALUES ('9bc976cb-30e2-47c4-90c2-8f1604574b7b', 'ELECTRICITY', 'Hóa đơn điện mới', 'Hóa đơn điện mới đã được tạo với số tiền 12,300 VND. Số lượng sử dụng: 100.000 kWh. Vui lòng thanh toán trước ngày 2025-12-22.', 'EXTERNAL', NULL, NULL, '93f43a51-601f-4526-bc5d-8d28dda58dc2', 'INVOICE', NULL, NULL, '2025-12-21 23:41:15.821537+07', '2025-12-21 23:41:15.821537+07', NULL, NULL, 'c3804396-535c-489a-8cd2-7f05f60e48a2');
INSERT INTO content.notifications VALUES ('7013ed30-d280-4718-b5ce-5fbdc6e85131', 'ELECTRICITY', 'Hóa đơn điện mới', 'Hóa đơn điện mới đã được tạo với số tiền 12,300 VND. Số lượng sử dụng: 100.000 kWh. Vui lòng thanh toán trước ngày 2025-12-22.', 'EXTERNAL', NULL, NULL, '1892761a-5a3d-4a0b-8e9b-0143d790410d', 'INVOICE', NULL, NULL, '2025-12-21 23:41:15.852538+07', '2025-12-21 23:41:15.852538+07', NULL, NULL, '6cb76cfa-ae46-4be3-8194-5bc1e43fe3c2');
INSERT INTO content.notifications VALUES ('74628b40-e7c9-40cf-b1fd-135b46d745a6', 'ELECTRICITY', 'Hóa đơn điện mới', 'Hóa đơn điện mới đã được tạo với số tiền 12,300 VND. Số lượng sử dụng: 100.000 kWh. Vui lòng thanh toán trước ngày 2025-12-22.', 'EXTERNAL', NULL, NULL, 'a9259740-d788-4a48-a72c-2e5b09e16c2d', 'INVOICE', NULL, NULL, '2025-12-21 23:41:15.885152+07', '2025-12-21 23:41:15.885152+07', NULL, NULL, '3a024fba-647e-4fba-8b90-e7d688a2ec00');
INSERT INTO content.notifications VALUES ('6956f6a4-3281-45ec-8ca5-5a8c52d22305', 'ELECTRICITY', 'Hóa đơn điện mới', 'Hóa đơn điện mới đã được tạo với số tiền 12,300 VND. Số lượng sử dụng: 100.000 kWh. Vui lòng thanh toán trước ngày 2025-12-22.', 'EXTERNAL', NULL, NULL, 'f3e2e1d1-2403-49fc-9301-83ac3e5bd95c', 'INVOICE', NULL, NULL, '2025-12-21 23:41:15.914721+07', '2025-12-21 23:41:15.914721+07', NULL, NULL, '0eef271f-8ac8-4fdf-8ab3-b1d170733347');
INSERT INTO content.notifications VALUES ('8ae533cc-acf0-4beb-9167-4eb5d6bd880f', 'ELECTRICITY', 'Hóa đơn điện mới', 'Hóa đơn điện mới đã được tạo với số tiền 12,300 VND. Số lượng sử dụng: 100.000 kWh. Vui lòng thanh toán trước ngày 2025-12-22.', 'EXTERNAL', NULL, NULL, 'cce01892-eaeb-44fc-9641-2805ca8d3669', 'INVOICE', NULL, NULL, '2025-12-21 23:41:15.945722+07', '2025-12-21 23:41:15.945722+07', NULL, NULL, '60f87622-5f0f-47f2-803d-de5781319ff8');
INSERT INTO content.notifications VALUES ('49385f12-fe58-4104-b872-12c54c14bd2b', 'ELECTRICITY', 'Hóa đơn điện mới', 'Hóa đơn điện mới đã được tạo với số tiền 12,300 VND. Số lượng sử dụng: 100.000 kWh. Vui lòng thanh toán trước ngày 2025-12-22.', 'EXTERNAL', NULL, NULL, 'e089933b-bd1c-45e7-aeee-fb5351795143', 'INVOICE', NULL, NULL, '2025-12-21 23:41:15.975508+07', '2025-12-21 23:41:15.975508+07', NULL, NULL, '7a9381da-2c2e-45c2-a3a2-dcc4913f43fc');
INSERT INTO content.notifications VALUES ('65b7a423-d9cf-4b10-a9ad-b7b3336430c8', 'ELECTRICITY', 'Hóa đơn điện mới', 'Hóa đơn điện mới đã được tạo với số tiền 12,300 VND. Số lượng sử dụng: 100.000 kWh. Vui lòng thanh toán trước ngày 2025-12-22.', 'EXTERNAL', NULL, NULL, '104492a3-58d3-4970-a413-03a5c7daface', 'INVOICE', NULL, NULL, '2025-12-21 23:41:16.006137+07', '2025-12-21 23:41:16.006137+07', NULL, NULL, 'fb7ad25e-c61b-471d-888e-1f4b34b0ad9f');
INSERT INTO content.notifications VALUES ('6adfedef-4809-4932-9bb6-a558f18a410a', 'BILL', 'Hóa đơn mới - INV-20251221234216', 'Bạn có hóa đơn mới với số tiền 2.550 ₫. Hạn thanh toán: 22/01/2026', 'EXTERNAL', NULL, NULL, '292a67aa-243e-4309-839a-53a6627c8f0f', 'INVOICE', NULL, NULL, '2025-12-21 23:42:16.635701+07', '2025-12-21 23:42:16.635701+07', NULL, NULL, '3a024fba-647e-4fba-8b90-e7d688a2ec00');
INSERT INTO content.notifications VALUES ('c8f6494d-48f6-4e1f-abeb-ef26bd82d91e', 'BILL', 'Hóa đơn mới - INV-20251221234216', 'Bạn có hóa đơn mới với số tiền 2.550 ₫. Hạn thanh toán: 22/01/2026', 'EXTERNAL', NULL, NULL, '292a67aa-243e-4309-839a-53a6627c8f0f', 'INVOICE', NULL, NULL, '2025-12-21 23:42:16.646716+07', '2025-12-21 23:42:16.646716+07', NULL, NULL, '15c88c99-757c-4877-8ddf-625368e6b8a5');
INSERT INTO content.notifications VALUES ('39b43ed4-1b70-4884-8652-f3ef98ae3143', 'WATER', 'Hóa đơn nước mới', 'Hóa đơn nước mới đã được tạo với số tiền 2,550 VND. Số lượng sử dụng: 100.000 kWh. Vui lòng thanh toán trước ngày 2026-01-22.', 'EXTERNAL', NULL, NULL, '292a67aa-243e-4309-839a-53a6627c8f0f', 'INVOICE', NULL, NULL, '2025-12-21 23:42:16.661918+07', '2025-12-21 23:42:16.661918+07', NULL, NULL, '3a024fba-647e-4fba-8b90-e7d688a2ec00');
INSERT INTO content.notifications VALUES ('d1996d35-14dc-423d-ac33-1aaf23f87412', 'ELECTRICITY', 'Hóa đơn điện mới', 'Hóa đơn điện mới đã được tạo với số tiền 70,760 VND. Số lượng sử dụng: 400.000 kWh. Vui lòng thanh toán trước ngày 2026-01-22.', 'EXTERNAL', NULL, NULL, '7809233b-3f95-4e52-b639-a39d87b281b2', 'INVOICE', NULL, NULL, '2025-12-21 23:42:16.692556+07', '2025-12-21 23:42:16.692556+07', NULL, NULL, '3a024fba-647e-4fba-8b90-e7d688a2ec00');
INSERT INTO content.notifications VALUES ('91bd743d-87bf-4607-a7fd-9a7cfa26b00c', 'BILL', 'Hóa đơn mới - INV-20251221234217', 'Bạn có hóa đơn mới với số tiền 22.578.700 ₫. Hạn thanh toán: 28/12/2025', 'EXTERNAL', NULL, NULL, '6894a2e3-79fa-4c70-82df-3c50573a6a8b', 'INVOICE', NULL, NULL, '2025-12-21 23:42:17.82076+07', '2025-12-21 23:42:17.82076+07', NULL, NULL, '3a024fba-647e-4fba-8b90-e7d688a2ec00');
INSERT INTO content.notifications VALUES ('266db5a0-2909-4ed0-845a-fd85be02c406', 'BILL', 'Hóa đơn mới - INV-20251221234217', 'Bạn có hóa đơn mới với số tiền 22.578.700 ₫. Hạn thanh toán: 28/12/2025', 'EXTERNAL', NULL, NULL, '6894a2e3-79fa-4c70-82df-3c50573a6a8b', 'INVOICE', NULL, NULL, '2025-12-21 23:42:17.836615+07', '2025-12-21 23:42:17.836615+07', NULL, NULL, '15c88c99-757c-4877-8ddf-625368e6b8a5');
INSERT INTO content.notifications VALUES ('3e33c941-6f2e-4b8f-8fe0-bab7eba6da6d', 'ELECTRICITY', 'Hóa đơn điện mới', 'Hóa đơn điện mới đã được tạo với số tiền 12,300 VND. Số lượng sử dụng: 100.000 kWh. Vui lòng thanh toán trước ngày 2025-12-22.', 'EXTERNAL', NULL, NULL, '4d5b5723-b157-4ef7-b77e-9dac7e053292', 'INVOICE', NULL, NULL, '2025-12-22 22:18:01.435468+07', '2025-12-22 22:18:01.435468+07', NULL, NULL, 'f8ad3179-164b-4a1f-9f5a-11b64e8c2186');
INSERT INTO content.notifications VALUES ('bbcff4ef-3e22-4d95-9bf4-022ba5e8f466', 'ELECTRICITY', 'Hóa đơn điện mới', 'Hóa đơn điện mới đã được tạo với số tiền 12,300 VND. Số lượng sử dụng: 100.000 kWh. Vui lòng thanh toán trước ngày 2025-12-22.', 'EXTERNAL', NULL, NULL, '2e2f54e7-6cc1-49db-9d36-751e76eba3c6', 'INVOICE', NULL, NULL, '2025-12-22 22:18:01.510346+07', '2025-12-22 22:18:01.510346+07', NULL, NULL, '68d985fa-4ffc-4735-93c9-7bb6cece6d06');
INSERT INTO content.notifications VALUES ('22cda1e2-0a37-4343-945a-0171d88ec6c0', 'ELECTRICITY', 'Hóa đơn điện mới', 'Hóa đơn điện mới đã được tạo với số tiền 12,300 VND. Số lượng sử dụng: 100.000 kWh. Vui lòng thanh toán trước ngày 2025-12-22.', 'EXTERNAL', NULL, NULL, 'd3716dae-061c-4983-8606-f556c05555b2', 'INVOICE', NULL, NULL, '2025-12-22 22:18:01.558243+07', '2025-12-22 22:18:01.558243+07', NULL, NULL, '644e9b79-80c6-44ec-b4e7-9b0a11a96abd');
INSERT INTO content.notifications VALUES ('1ee8f0b4-9c37-43ae-ae83-105057301174', 'ELECTRICITY', 'Hóa đơn điện mới', 'Hóa đơn điện mới đã được tạo với số tiền 12,300 VND. Số lượng sử dụng: 100.000 kWh. Vui lòng thanh toán trước ngày 2025-12-22.', 'EXTERNAL', NULL, NULL, '53df2033-3287-4d42-92ab-fecb6573cbaa', 'INVOICE', NULL, NULL, '2025-12-22 22:18:01.606321+07', '2025-12-22 22:18:01.606321+07', NULL, NULL, 'd4ab86e8-950d-421a-bb19-b52284666470');
INSERT INTO content.notifications VALUES ('1cdcced0-5214-43d2-9b64-add3c688e91b', 'ELECTRICITY', 'Hóa đơn điện mới', 'Hóa đơn điện mới đã được tạo với số tiền 12,300 VND. Số lượng sử dụng: 100.000 kWh. Vui lòng thanh toán trước ngày 2025-12-22.', 'EXTERNAL', NULL, NULL, 'cb2c4ded-666b-476a-a7f5-6a856478a281', 'INVOICE', NULL, NULL, '2025-12-22 22:18:01.651324+07', '2025-12-22 22:18:01.651324+07', NULL, NULL, '0eef271f-8ac8-4fdf-8ab3-b1d170733347');
INSERT INTO content.notifications VALUES ('01c7830d-3ab0-4d9a-8fc6-57ddcbd141bc', 'ELECTRICITY', 'Hóa đơn điện mới', 'Hóa đơn điện mới đã được tạo với số tiền 12,300 VND. Số lượng sử dụng: 100.000 kWh. Vui lòng thanh toán trước ngày 2025-12-22.', 'EXTERNAL', NULL, NULL, '1aee3dd4-5df9-4258-8d25-478f7fcf84cd', 'INVOICE', NULL, NULL, '2025-12-22 22:18:01.696693+07', '2025-12-22 22:18:01.696693+07', NULL, NULL, '3a024fba-647e-4fba-8b90-e7d688a2ec00');
INSERT INTO content.notifications VALUES ('0dbbdd80-7fb1-4d20-ac97-05a5f63c0229', 'ELECTRICITY', 'Hóa đơn điện mới', 'Hóa đơn điện mới đã được tạo với số tiền 12,300 VND. Số lượng sử dụng: 100.000 kWh. Vui lòng thanh toán trước ngày 2025-12-22.', 'EXTERNAL', NULL, NULL, 'b4c7066d-83b4-4dad-8ecf-523030f68155', 'INVOICE', NULL, NULL, '2025-12-22 22:18:01.745071+07', '2025-12-22 22:18:01.745071+07', NULL, NULL, '06076f6f-9985-47e4-92ea-d33cf6c87d57');
INSERT INTO content.notifications VALUES ('39f37b51-b930-4967-a24e-1e4d89c6bc72', 'ELECTRICITY', 'Hóa đơn điện mới', 'Hóa đơn điện mới đã được tạo với số tiền 12,300 VND. Số lượng sử dụng: 100.000 kWh. Vui lòng thanh toán trước ngày 2025-12-22.', 'EXTERNAL', NULL, NULL, 'b3940b53-a55a-48ff-a7c3-4d181c181848', 'INVOICE', NULL, NULL, '2025-12-22 22:18:01.792572+07', '2025-12-22 22:18:01.792572+07', NULL, NULL, 'e5a21a74-94c5-4b3a-9fdf-147e810a1982');
INSERT INTO content.notifications VALUES ('445d5b3c-9cb5-4730-bda8-b975e49cb896', 'ELECTRICITY', 'Hóa đơn điện mới', 'Hóa đơn điện mới đã được tạo với số tiền 12,300 VND. Số lượng sử dụng: 100.000 kWh. Vui lòng thanh toán trước ngày 2025-12-22.', 'EXTERNAL', NULL, NULL, '85467e81-85f3-47cf-bacf-6c81663b6d21', 'INVOICE', NULL, NULL, '2025-12-22 22:18:01.838301+07', '2025-12-22 22:18:01.838301+07', NULL, NULL, '4b7cd19a-4868-49ef-8bc9-6d0f68756787');
INSERT INTO content.notifications VALUES ('112de4eb-634d-4317-9a36-4ccea72e9ff3', 'ELECTRICITY', 'Hóa đơn điện mới', 'Hóa đơn điện mới đã được tạo với số tiền 12,300 VND. Số lượng sử dụng: 100.000 kWh. Vui lòng thanh toán trước ngày 2025-12-22.', 'EXTERNAL', NULL, NULL, '57b3ddb3-7548-4e07-9b6f-44928ebc0c01', 'INVOICE', NULL, NULL, '2025-12-22 22:18:01.8844+07', '2025-12-22 22:18:01.8844+07', NULL, NULL, '6cb76cfa-ae46-4be3-8194-5bc1e43fe3c2');
INSERT INTO content.notifications VALUES ('2c220abe-229c-4f9c-a8cc-5f88cfa9bf95', 'ELECTRICITY', 'Hóa đơn điện mới', 'Hóa đơn điện mới đã được tạo với số tiền 12,300 VND. Số lượng sử dụng: 100.000 kWh. Vui lòng thanh toán trước ngày 2025-12-22.', 'EXTERNAL', NULL, NULL, '27fff81b-0d41-4c81-91f0-29f7728a8203', 'INVOICE', NULL, NULL, '2025-12-22 22:18:01.916773+07', '2025-12-22 22:18:01.916773+07', NULL, NULL, '1ba3b51a-4af0-4a1b-93f8-4c4738390dbc');
INSERT INTO content.notifications VALUES ('fda1366c-08d0-48db-8ac6-8e069cad8e7c', 'ELECTRICITY', 'Hóa đơn điện mới', 'Hóa đơn điện mới đã được tạo với số tiền 12,300 VND. Số lượng sử dụng: 100.000 kWh. Vui lòng thanh toán trước ngày 2025-12-22.', 'EXTERNAL', NULL, NULL, '7502a47a-e4dd-4232-8b6c-00a6529f7a8b', 'INVOICE', NULL, NULL, '2025-12-22 22:18:01.964189+07', '2025-12-22 22:18:01.964189+07', NULL, NULL, 'b506b581-eb6b-462f-96b1-c76efcbb84b5');
INSERT INTO content.notifications VALUES ('b4f72d48-d953-4945-8074-aa0e41ec1bec', 'ELECTRICITY', 'Hóa đơn điện mới', 'Hóa đơn điện mới đã được tạo với số tiền 12,300 VND. Số lượng sử dụng: 100.000 kWh. Vui lòng thanh toán trước ngày 2025-12-22.', 'EXTERNAL', NULL, NULL, 'd6f29193-3850-4a10-9788-d6b479829863', 'INVOICE', NULL, NULL, '2025-12-22 22:18:02.010201+07', '2025-12-22 22:18:02.010201+07', NULL, NULL, '7a9381da-2c2e-45c2-a3a2-dcc4913f43fc');
INSERT INTO content.notifications VALUES ('148d6013-ddd8-426e-8d95-fd4273d91985', 'ELECTRICITY', 'Hóa đơn điện mới', 'Hóa đơn điện mới đã được tạo với số tiền 12,300 VND. Số lượng sử dụng: 100.000 kWh. Vui lòng thanh toán trước ngày 2025-12-22.', 'EXTERNAL', NULL, NULL, 'ba95e71f-0987-47d9-8618-d75bc9a89db8', 'INVOICE', NULL, NULL, '2025-12-22 22:18:02.04346+07', '2025-12-22 22:18:02.04346+07', NULL, NULL, 'cc63d3f3-bc94-4db6-9fb8-f8d19a2dec40');
INSERT INTO content.notifications VALUES ('4a53a1cf-3e2d-40bb-a6b8-0b6207d10aa4', 'ELECTRICITY', 'Hóa đơn điện mới', 'Hóa đơn điện mới đã được tạo với số tiền 12,300 VND. Số lượng sử dụng: 100.000 kWh. Vui lòng thanh toán trước ngày 2025-12-22.', 'EXTERNAL', NULL, NULL, '04cea96e-bb69-403f-9071-ac87a8f5fcfa', 'INVOICE', NULL, NULL, '2025-12-22 22:18:02.08758+07', '2025-12-22 22:18:02.08758+07', NULL, NULL, '48a70c25-a2d5-4ef2-b15f-29862b47680e');
INSERT INTO content.notifications VALUES ('adc46be3-fd7f-441b-8aa4-e168e7d9b7e5', 'ELECTRICITY', 'Hóa đơn điện mới', 'Hóa đơn điện mới đã được tạo với số tiền 12,300 VND. Số lượng sử dụng: 100.000 kWh. Vui lòng thanh toán trước ngày 2025-12-22.', 'EXTERNAL', NULL, NULL, '9b8d61a7-c565-4b30-b3c9-3e129eebe806', 'INVOICE', NULL, NULL, '2025-12-22 22:18:02.120069+07', '2025-12-22 22:18:02.120069+07', NULL, NULL, '1fb07f05-a7e9-416e-8925-c33b11a6ed60');
INSERT INTO content.notifications VALUES ('7c05c54d-673d-45ac-beac-1c9fa7aa8961', 'ELECTRICITY', 'Hóa đơn điện mới', 'Hóa đơn điện mới đã được tạo với số tiền 12,300 VND. Số lượng sử dụng: 100.000 kWh. Vui lòng thanh toán trước ngày 2025-12-22.', 'EXTERNAL', NULL, NULL, '9f645ccd-c17d-449c-9a24-edced1970aa2', 'INVOICE', NULL, NULL, '2025-12-22 22:18:02.15194+07', '2025-12-22 22:18:02.15194+07', NULL, NULL, 'e360cef7-194c-4105-bfa9-60e14ff92310');
INSERT INTO content.notifications VALUES ('8d50d2c7-0cf8-41b3-b58e-a59673493d6f', 'ELECTRICITY', 'Hóa đơn điện mới', 'Hóa đơn điện mới đã được tạo với số tiền 12,300 VND. Số lượng sử dụng: 100.000 kWh. Vui lòng thanh toán trước ngày 2025-12-22.', 'EXTERNAL', NULL, NULL, 'c319cec6-d44d-45b5-8272-a10292ed991e', 'INVOICE', NULL, NULL, '2025-12-22 22:18:02.183384+07', '2025-12-22 22:18:02.183384+07', NULL, NULL, 'fb7ad25e-c61b-471d-888e-1f4b34b0ad9f');
INSERT INTO content.notifications VALUES ('d80e52d7-4e3d-41e2-81d1-df684ab5a87c', 'ELECTRICITY', 'Hóa đơn điện mới', 'Hóa đơn điện mới đã được tạo với số tiền 12,300 VND. Số lượng sử dụng: 100.000 kWh. Vui lòng thanh toán trước ngày 2025-12-22.', 'EXTERNAL', NULL, NULL, 'e6897af9-c43b-48f2-b1f6-9e67d117bbc7', 'INVOICE', NULL, NULL, '2025-12-22 22:18:02.213872+07', '2025-12-22 22:18:02.213872+07', NULL, NULL, 'c0b5a2cd-e1b0-4808-9436-05a3dceb88d9');
INSERT INTO content.notifications VALUES ('bbdfda9d-8d60-4710-a231-de1fea9b5d51', 'ELECTRICITY', 'Hóa đơn điện mới', 'Hóa đơn điện mới đã được tạo với số tiền 12,300 VND. Số lượng sử dụng: 100.000 kWh. Vui lòng thanh toán trước ngày 2025-12-22.', 'EXTERNAL', NULL, NULL, 'e5e44fc2-026a-4ce3-b27f-1dd1cb9741cf', 'INVOICE', NULL, NULL, '2025-12-22 22:18:02.260953+07', '2025-12-22 22:18:02.260953+07', NULL, NULL, '50bad366-9702-4c22-8489-c7e5f3b98a6e');
INSERT INTO content.notifications VALUES ('63bdb604-fc4f-40fe-800e-59d68b09db95', 'ELECTRICITY', 'Hóa đơn điện mới', 'Hóa đơn điện mới đã được tạo với số tiền 12,300 VND. Số lượng sử dụng: 100.000 kWh. Vui lòng thanh toán trước ngày 2025-12-22.', 'EXTERNAL', NULL, NULL, '085972d6-fac2-4ace-a54d-8e8b49dea060', 'INVOICE', NULL, NULL, '2025-12-22 22:18:02.29333+07', '2025-12-22 22:18:02.29333+07', NULL, NULL, '0de5b2ed-0fbd-4db2-acc9-b37e306e9f08');
INSERT INTO content.notifications VALUES ('91863a31-888f-40cf-9d65-fc48d462415a', 'ELECTRICITY', 'Hóa đơn điện mới', 'Hóa đơn điện mới đã được tạo với số tiền 12,300 VND. Số lượng sử dụng: 100.000 kWh. Vui lòng thanh toán trước ngày 2025-12-22.', 'EXTERNAL', NULL, NULL, '60bd1609-c394-46a6-b44f-e3688caed0ea', 'INVOICE', NULL, NULL, '2025-12-22 22:18:02.337994+07', '2025-12-22 22:18:02.337994+07', NULL, NULL, '0f26a206-1195-4fc1-bd59-34b5ace88a7b');
INSERT INTO content.notifications VALUES ('0514810d-662f-4d55-804d-3f028ae254a5', 'ELECTRICITY', 'Hóa đơn điện mới', 'Hóa đơn điện mới đã được tạo với số tiền 12,300 VND. Số lượng sử dụng: 100.000 kWh. Vui lòng thanh toán trước ngày 2025-12-22.', 'EXTERNAL', NULL, NULL, 'af185723-47ae-49f6-abff-203ffed6baad', 'INVOICE', NULL, NULL, '2025-12-22 22:18:02.37099+07', '2025-12-22 22:18:02.37099+07', NULL, NULL, '60f87622-5f0f-47f2-803d-de5781319ff8');
INSERT INTO content.notifications VALUES ('9797b933-4484-4cb3-b325-b53cb8438505', 'ELECTRICITY', 'Hóa đơn điện mới', 'Hóa đơn điện mới đã được tạo với số tiền 12,300 VND. Số lượng sử dụng: 100.000 kWh. Vui lòng thanh toán trước ngày 2025-12-22.', 'EXTERNAL', NULL, NULL, 'a4e7c647-4c5f-4136-9140-0b07d0a046a8', 'INVOICE', NULL, NULL, '2025-12-22 22:18:02.415502+07', '2025-12-22 22:18:02.415502+07', NULL, NULL, 'dbf130f6-8bc5-4b23-81d4-f4fb9b84b6e6');
INSERT INTO content.notifications VALUES ('78b6981a-f043-4055-bf60-1c12c31a132b', 'ELECTRICITY', 'Hóa đơn điện mới', 'Hóa đơn điện mới đã được tạo với số tiền 12,300 VND. Số lượng sử dụng: 100.000 kWh. Vui lòng thanh toán trước ngày 2025-12-22.', 'EXTERNAL', NULL, NULL, '42fb8567-2e04-48cb-9fe0-df616e14a374', 'INVOICE', NULL, NULL, '2025-12-22 22:18:02.447672+07', '2025-12-22 22:18:02.447672+07', NULL, NULL, 'c3804396-535c-489a-8cd2-7f05f60e48a2');
INSERT INTO content.notifications VALUES ('9b50446c-02a8-4d99-90ef-8dea1b8e9972', 'ELECTRICITY', 'Hóa đơn điện mới', 'Hóa đơn điện mới đã được tạo với số tiền 12,300 VND. Số lượng sử dụng: 100.000 kWh. Vui lòng thanh toán trước ngày 2026-01-22.', 'EXTERNAL', NULL, NULL, '73d9b265-7e27-4141-b123-908de7687a5e', 'INVOICE', NULL, NULL, '2025-12-22 22:20:35.290847+07', '2025-12-22 22:20:35.290847+07', NULL, NULL, '3a024fba-647e-4fba-8b90-e7d688a2ec00');
INSERT INTO content.notifications VALUES ('c30234ad-80a0-49fe-b55d-bb6b5a7aec92', 'BILL', 'Hóa đơn mới - INV-20251222222645', 'Bạn có hóa đơn mới với số tiền 2.550 ₫. Hạn thanh toán: 22/12/2025', 'EXTERNAL', NULL, NULL, '9ea9d018-b8c7-4228-9bc9-a2dcc282c838', 'INVOICE', NULL, NULL, '2025-12-22 22:26:46.072161+07', '2025-12-22 22:26:46.072161+07', NULL, NULL, '0de5b2ed-0fbd-4db2-acc9-b37e306e9f08');
INSERT INTO content.notifications VALUES ('ddf35e56-f189-4795-8246-d039932a667d', 'WATER', 'Hóa đơn nước mới', 'Hóa đơn nước mới đã được tạo với số tiền 2,550 VND. Số lượng sử dụng: 100.000 kWh. Vui lòng thanh toán trước ngày 2025-12-22.', 'EXTERNAL', NULL, NULL, '9ea9d018-b8c7-4228-9bc9-a2dcc282c838', 'INVOICE', NULL, NULL, '2025-12-22 22:26:46.101084+07', '2025-12-22 22:26:46.101084+07', NULL, NULL, '0de5b2ed-0fbd-4db2-acc9-b37e306e9f08');
INSERT INTO content.notifications VALUES ('2c4f02fe-357b-4692-a934-2af75bf4258a', 'BILL', 'Hóa đơn mới - INV-20251222222646', 'Bạn có hóa đơn mới với số tiền 2.550 ₫. Hạn thanh toán: 22/12/2025', 'EXTERNAL', NULL, NULL, '6c2ef2c2-fb6c-4e1d-82e5-33fa8824afc3', 'INVOICE', NULL, NULL, '2025-12-22 22:26:46.170165+07', '2025-12-22 22:26:46.170165+07', NULL, NULL, 'f8ad3179-164b-4a1f-9f5a-11b64e8c2186');
INSERT INTO content.notifications VALUES ('7b86650d-5028-43ee-9eaa-ae31849367f5', 'BILL', 'Hóa đơn mới - INV-20251222222646', 'Bạn có hóa đơn mới với số tiền 2.550 ₫. Hạn thanh toán: 22/12/2025', 'EXTERNAL', NULL, NULL, '6c2ef2c2-fb6c-4e1d-82e5-33fa8824afc3', 'INVOICE', NULL, NULL, '2025-12-22 22:26:46.180204+07', '2025-12-22 22:26:46.180204+07', NULL, NULL, 'ca90e37d-35e9-4a17-83a7-8771f8cbbac6');
INSERT INTO content.notifications VALUES ('0001aed9-0841-465c-a1a4-166c37918e58', 'WATER', 'Hóa đơn nước mới', 'Hóa đơn nước mới đã được tạo với số tiền 2,550 VND. Số lượng sử dụng: 100.000 kWh. Vui lòng thanh toán trước ngày 2025-12-22.', 'EXTERNAL', NULL, NULL, '6c2ef2c2-fb6c-4e1d-82e5-33fa8824afc3', 'INVOICE', NULL, NULL, '2025-12-22 22:26:46.195797+07', '2025-12-22 22:26:46.195797+07', NULL, NULL, 'f8ad3179-164b-4a1f-9f5a-11b64e8c2186');
INSERT INTO content.notifications VALUES ('b1d58da2-1167-4d21-bbdc-b6e262515705', 'BILL', 'Hóa đơn mới - INV-20251222222646', 'Bạn có hóa đơn mới với số tiền 2.550 ₫. Hạn thanh toán: 22/12/2025', 'EXTERNAL', NULL, NULL, '4c8fcd42-515f-43bf-8d41-4d69db67fc28', 'INVOICE', NULL, NULL, '2025-12-22 22:26:46.242272+07', '2025-12-22 22:26:46.242272+07', NULL, NULL, '6cb76cfa-ae46-4be3-8194-5bc1e43fe3c2');
INSERT INTO content.notifications VALUES ('a5f9da29-86d0-48a8-803b-b48b566961b5', 'BILL', 'Hóa đơn mới - INV-20251222222646', 'Bạn có hóa đơn mới với số tiền 2.550 ₫. Hạn thanh toán: 22/12/2025', 'EXTERNAL', NULL, NULL, '4c8fcd42-515f-43bf-8d41-4d69db67fc28', 'INVOICE', NULL, NULL, '2025-12-22 22:26:46.257793+07', '2025-12-22 22:26:46.257793+07', NULL, NULL, '0223b845-cb34-45b6-b16e-21651c06d107');
INSERT INTO content.notifications VALUES ('ec60e023-007a-4f94-b009-8b88889f8436', 'WATER', 'Hóa đơn nước mới', 'Hóa đơn nước mới đã được tạo với số tiền 2,550 VND. Số lượng sử dụng: 100.000 kWh. Vui lòng thanh toán trước ngày 2025-12-22.', 'EXTERNAL', NULL, NULL, '4c8fcd42-515f-43bf-8d41-4d69db67fc28', 'INVOICE', NULL, NULL, '2025-12-22 22:26:46.273421+07', '2025-12-22 22:26:46.273421+07', NULL, NULL, '6cb76cfa-ae46-4be3-8194-5bc1e43fe3c2');
INSERT INTO content.notifications VALUES ('915983d7-237d-4365-90ad-4298195b36f8', 'BILL', 'Hóa đơn mới - INV-20251222222646', 'Bạn có hóa đơn mới với số tiền 2.550 ₫. Hạn thanh toán: 22/12/2025', 'EXTERNAL', NULL, NULL, '3fbf87b2-efdd-46db-a6b9-1626c3093b42', 'INVOICE', NULL, NULL, '2025-12-22 22:26:46.320197+07', '2025-12-22 22:26:46.320197+07', NULL, NULL, '0eef271f-8ac8-4fdf-8ab3-b1d170733347');
INSERT INTO content.notifications VALUES ('6d5c9fcb-1e8e-47c1-9f53-acb5b49601d9', 'BILL', 'Hóa đơn mới - INV-20251222222646', 'Bạn có hóa đơn mới với số tiền 2.550 ₫. Hạn thanh toán: 22/12/2025', 'EXTERNAL', NULL, NULL, '3fbf87b2-efdd-46db-a6b9-1626c3093b42', 'INVOICE', NULL, NULL, '2025-12-22 22:26:46.336674+07', '2025-12-22 22:26:46.336674+07', NULL, NULL, '7d65c04f-4d03-4413-a165-247d678bafaf');
INSERT INTO content.notifications VALUES ('8cd8b3ea-3b77-41b0-8373-16f530740747', 'WATER', 'Hóa đơn nước mới', 'Hóa đơn nước mới đã được tạo với số tiền 2,550 VND. Số lượng sử dụng: 100.000 kWh. Vui lòng thanh toán trước ngày 2025-12-22.', 'EXTERNAL', NULL, NULL, '3fbf87b2-efdd-46db-a6b9-1626c3093b42', 'INVOICE', NULL, NULL, '2025-12-22 22:26:46.353109+07', '2025-12-22 22:26:46.353109+07', NULL, NULL, '0eef271f-8ac8-4fdf-8ab3-b1d170733347');
INSERT INTO content.notifications VALUES ('a103eee8-61da-4d14-abcf-ea26b83725e0', 'BILL', 'Hóa đơn mới - INV-20251222222646', 'Bạn có hóa đơn mới với số tiền 2.550 ₫. Hạn thanh toán: 22/12/2025', 'EXTERNAL', NULL, NULL, 'f81c2a89-97c4-4463-9418-c1784baac634', 'INVOICE', NULL, NULL, '2025-12-22 22:26:46.398823+07', '2025-12-22 22:26:46.398823+07', NULL, NULL, 'c3804396-535c-489a-8cd2-7f05f60e48a2');
INSERT INTO content.notifications VALUES ('1e0b14a1-afb0-4361-9f61-639cd9e6381d', 'BILL', 'Hóa đơn mới - INV-20251222222646', 'Bạn có hóa đơn mới với số tiền 2.550 ₫. Hạn thanh toán: 22/12/2025', 'EXTERNAL', NULL, NULL, 'f81c2a89-97c4-4463-9418-c1784baac634', 'INVOICE', NULL, NULL, '2025-12-22 22:26:46.414861+07', '2025-12-22 22:26:46.414861+07', NULL, NULL, '8759d59f-439e-4e1f-9203-8981e161e36e');
INSERT INTO content.notifications VALUES ('3e81b671-adff-400f-af19-ed0ae8f4b65b', 'WATER', 'Hóa đơn nước mới', 'Hóa đơn nước mới đã được tạo với số tiền 2,550 VND. Số lượng sử dụng: 100.000 kWh. Vui lòng thanh toán trước ngày 2025-12-22.', 'EXTERNAL', NULL, NULL, 'f81c2a89-97c4-4463-9418-c1784baac634', 'INVOICE', NULL, NULL, '2025-12-22 22:26:46.431551+07', '2025-12-22 22:26:46.431551+07', NULL, NULL, 'c3804396-535c-489a-8cd2-7f05f60e48a2');
INSERT INTO content.notifications VALUES ('1c93cb8d-1a96-407e-8800-674bec30f58a', 'BILL', 'Hóa đơn mới - INV-20251222222646', 'Bạn có hóa đơn mới với số tiền 2.550 ₫. Hạn thanh toán: 22/12/2025', 'EXTERNAL', NULL, NULL, '9cb6cb8e-a297-4f4c-8282-4f992ce16b80', 'INVOICE', NULL, NULL, '2025-12-22 22:26:46.478529+07', '2025-12-22 22:26:46.478529+07', NULL, NULL, '68d985fa-4ffc-4735-93c9-7bb6cece6d06');
INSERT INTO content.notifications VALUES ('c2f5a273-7fa5-40f2-b3ee-ef71c8c194cc', 'BILL', 'Hóa đơn mới - INV-20251222222646', 'Bạn có hóa đơn mới với số tiền 2.550 ₫. Hạn thanh toán: 22/12/2025', 'EXTERNAL', NULL, NULL, '9cb6cb8e-a297-4f4c-8282-4f992ce16b80', 'INVOICE', NULL, NULL, '2025-12-22 22:26:46.494895+07', '2025-12-22 22:26:46.494895+07', NULL, NULL, 'f90d8b97-408c-42e3-9135-eb8ebfb29e68');
INSERT INTO content.notifications VALUES ('4d47b7c5-11ce-45ed-a330-5f4875a50eed', 'WATER', 'Hóa đơn nước mới', 'Hóa đơn nước mới đã được tạo với số tiền 2,550 VND. Số lượng sử dụng: 100.000 kWh. Vui lòng thanh toán trước ngày 2025-12-22.', 'EXTERNAL', NULL, NULL, '9cb6cb8e-a297-4f4c-8282-4f992ce16b80', 'INVOICE', NULL, NULL, '2025-12-22 22:26:46.50984+07', '2025-12-22 22:26:46.50984+07', NULL, NULL, '68d985fa-4ffc-4735-93c9-7bb6cece6d06');
INSERT INTO content.notifications VALUES ('f86b52f0-61a9-4029-9e6d-444d20ee55f4', 'BILL', 'Hóa đơn mới - INV-20251222222646', 'Bạn có hóa đơn mới với số tiền 2.550 ₫. Hạn thanh toán: 22/12/2025', 'EXTERNAL', NULL, NULL, 'f5d1d14b-b835-4b76-8834-f4ceab180e78', 'INVOICE', NULL, NULL, '2025-12-22 22:26:46.554891+07', '2025-12-22 22:26:46.554891+07', NULL, NULL, 'd4ab86e8-950d-421a-bb19-b52284666470');
INSERT INTO content.notifications VALUES ('166fee49-a19d-4ab3-9415-1f025b6f0edd', 'BILL', 'Hóa đơn mới - INV-20251222222646', 'Bạn có hóa đơn mới với số tiền 2.550 ₫. Hạn thanh toán: 22/12/2025', 'EXTERNAL', NULL, NULL, 'f5d1d14b-b835-4b76-8834-f4ceab180e78', 'INVOICE', NULL, NULL, '2025-12-22 22:26:46.572582+07', '2025-12-22 22:26:46.572582+07', NULL, NULL, '10c60e21-fa94-4f45-93a7-bdafa3f21004');
INSERT INTO content.notifications VALUES ('45018d1f-5091-42cc-ae4d-1b322095ca7d', 'WATER', 'Hóa đơn nước mới', 'Hóa đơn nước mới đã được tạo với số tiền 2,550 VND. Số lượng sử dụng: 100.000 kWh. Vui lòng thanh toán trước ngày 2025-12-22.', 'EXTERNAL', NULL, NULL, 'f5d1d14b-b835-4b76-8834-f4ceab180e78', 'INVOICE', NULL, NULL, '2025-12-22 22:26:46.601166+07', '2025-12-22 22:26:46.601166+07', NULL, NULL, 'd4ab86e8-950d-421a-bb19-b52284666470');
INSERT INTO content.notifications VALUES ('df7172a6-421a-42aa-b2ea-9a3a8a6795cf', 'BILL', 'Hóa đơn mới - INV-20251222222646', 'Bạn có hóa đơn mới với số tiền 2.550 ₫. Hạn thanh toán: 22/12/2025', 'EXTERNAL', NULL, NULL, '4a103352-881e-4843-afc0-0766c46d18f0', 'INVOICE', NULL, NULL, '2025-12-22 22:26:46.6476+07', '2025-12-22 22:26:46.6476+07', NULL, NULL, 'c0b5a2cd-e1b0-4808-9436-05a3dceb88d9');
INSERT INTO content.notifications VALUES ('dbcef890-d8a7-411c-985b-27310dc6cdcc', 'BILL', 'Hóa đơn mới - INV-20251222222646', 'Bạn có hóa đơn mới với số tiền 2.550 ₫. Hạn thanh toán: 22/12/2025', 'EXTERNAL', NULL, NULL, '4a103352-881e-4843-afc0-0766c46d18f0', 'INVOICE', NULL, NULL, '2025-12-22 22:26:46.664258+07', '2025-12-22 22:26:46.664258+07', NULL, NULL, '66844af3-e6da-41a6-9222-ed109197792a');
INSERT INTO content.notifications VALUES ('1e0bbfd7-554b-43d4-9846-96766241f4f6', 'WATER', 'Hóa đơn nước mới', 'Hóa đơn nước mới đã được tạo với số tiền 2,550 VND. Số lượng sử dụng: 100.000 kWh. Vui lòng thanh toán trước ngày 2025-12-22.', 'EXTERNAL', NULL, NULL, '4a103352-881e-4843-afc0-0766c46d18f0', 'INVOICE', NULL, NULL, '2025-12-22 22:26:46.678671+07', '2025-12-22 22:26:46.678671+07', NULL, NULL, 'c0b5a2cd-e1b0-4808-9436-05a3dceb88d9');
INSERT INTO content.notifications VALUES ('b1979a88-a93c-439c-a6f8-9221874701d6', 'BILL', 'Hóa đơn mới - INV-20251222222646', 'Bạn có hóa đơn mới với số tiền 2.550 ₫. Hạn thanh toán: 22/12/2025', 'EXTERNAL', NULL, NULL, '2c87a4d3-44b0-4c63-b339-cd38f0e7e9ec', 'INVOICE', NULL, NULL, '2025-12-22 22:26:46.741157+07', '2025-12-22 22:26:46.741157+07', NULL, NULL, '644e9b79-80c6-44ec-b4e7-9b0a11a96abd');
INSERT INTO content.notifications VALUES ('edcaeebd-5eac-4e2b-95e7-88d218194898', 'WATER', 'Hóa đơn nước mới', 'Hóa đơn nước mới đã được tạo với số tiền 2,550 VND. Số lượng sử dụng: 100.000 kWh. Vui lòng thanh toán trước ngày 2025-12-22.', 'EXTERNAL', NULL, NULL, '2c87a4d3-44b0-4c63-b339-cd38f0e7e9ec', 'INVOICE', NULL, NULL, '2025-12-22 22:26:46.75615+07', '2025-12-22 22:26:46.75615+07', NULL, NULL, '644e9b79-80c6-44ec-b4e7-9b0a11a96abd');
INSERT INTO content.notifications VALUES ('97df147e-b4e6-438f-a13e-cfb99b2aad20', 'BILL', 'Hóa đơn mới - INV-20251222222646', 'Bạn có hóa đơn mới với số tiền 2.550 ₫. Hạn thanh toán: 22/12/2025', 'EXTERNAL', NULL, NULL, 'c69e84ac-b18c-4209-9db5-e71d94b8739a', 'INVOICE', NULL, NULL, '2025-12-22 22:26:46.803417+07', '2025-12-22 22:26:46.803417+07', NULL, NULL, '4b7cd19a-4868-49ef-8bc9-6d0f68756787');
INSERT INTO content.notifications VALUES ('93f2ec39-ea6f-427f-85ff-a6bc2a0e1efb', 'WATER', 'Hóa đơn nước mới', 'Hóa đơn nước mới đã được tạo với số tiền 2,550 VND. Số lượng sử dụng: 100.000 kWh. Vui lòng thanh toán trước ngày 2025-12-22.', 'EXTERNAL', NULL, NULL, 'c69e84ac-b18c-4209-9db5-e71d94b8739a', 'INVOICE', NULL, NULL, '2025-12-22 22:26:46.818153+07', '2025-12-22 22:26:46.818153+07', NULL, NULL, '4b7cd19a-4868-49ef-8bc9-6d0f68756787');
INSERT INTO content.notifications VALUES ('3a864967-8d91-4c91-8aef-9ade985328eb', 'BILL', 'Hóa đơn mới - INV-20251222222646', 'Bạn có hóa đơn mới với số tiền 2.550 ₫. Hạn thanh toán: 22/12/2025', 'EXTERNAL', NULL, NULL, '26abc157-97a3-4abe-ae9c-f844184fb5db', 'INVOICE', NULL, NULL, '2025-12-22 22:26:46.864591+07', '2025-12-22 22:26:46.864591+07', NULL, NULL, 'dbf130f6-8bc5-4b23-81d4-f4fb9b84b6e6');
INSERT INTO content.notifications VALUES ('3248c0c3-00b1-40f9-bdf1-db7642904e4a', 'BILL', 'Hóa đơn mới - INV-20251222222646', 'Bạn có hóa đơn mới với số tiền 2.550 ₫. Hạn thanh toán: 22/12/2025', 'EXTERNAL', NULL, NULL, '26abc157-97a3-4abe-ae9c-f844184fb5db', 'INVOICE', NULL, NULL, '2025-12-22 22:26:46.880643+07', '2025-12-22 22:26:46.880643+07', NULL, NULL, '1835b0dd-797c-4990-8155-236bc7b5db73');
INSERT INTO content.notifications VALUES ('cbe36718-ab6c-4421-823c-1291485ca8ea', 'WATER', 'Hóa đơn nước mới', 'Hóa đơn nước mới đã được tạo với số tiền 2,550 VND. Số lượng sử dụng: 100.000 kWh. Vui lòng thanh toán trước ngày 2025-12-22.', 'EXTERNAL', NULL, NULL, '26abc157-97a3-4abe-ae9c-f844184fb5db', 'INVOICE', NULL, NULL, '2025-12-22 22:26:46.89653+07', '2025-12-22 22:26:46.89653+07', NULL, NULL, 'dbf130f6-8bc5-4b23-81d4-f4fb9b84b6e6');
INSERT INTO content.notifications VALUES ('c7d176bc-02a6-41b6-87a7-341daa4575cf', 'BILL', 'Hóa đơn mới - INV-20251222222646', 'Bạn có hóa đơn mới với số tiền 2.550 ₫. Hạn thanh toán: 22/12/2025', 'EXTERNAL', NULL, NULL, '3c61d65d-488d-4b12-8717-ce07f448e163', 'INVOICE', NULL, NULL, '2025-12-22 22:26:46.941856+07', '2025-12-22 22:26:46.941856+07', NULL, NULL, 'b506b581-eb6b-462f-96b1-c76efcbb84b5');
INSERT INTO content.notifications VALUES ('3a8753af-352c-4a5b-ae41-e13c8fb9019b', 'BILL', 'Hóa đơn mới - INV-20251222222646', 'Bạn có hóa đơn mới với số tiền 2.550 ₫. Hạn thanh toán: 22/12/2025', 'EXTERNAL', NULL, NULL, '3c61d65d-488d-4b12-8717-ce07f448e163', 'INVOICE', NULL, NULL, '2025-12-22 22:26:46.957809+07', '2025-12-22 22:26:46.957809+07', NULL, NULL, 'e2ea11a3-7dae-47e4-9f4b-c2dac507a5ed');
INSERT INTO content.notifications VALUES ('8e8b720f-f993-43b9-b275-72354e2c8d2f', 'BILL', 'Hóa đơn mới - INV-20251222222646', 'Bạn có hóa đơn mới với số tiền 2.550 ₫. Hạn thanh toán: 22/12/2025', 'EXTERNAL', NULL, NULL, 'a40e6947-f5b4-4998-a38c-979751d8618a', 'INVOICE', NULL, NULL, '2025-12-22 22:26:47.020361+07', '2025-12-22 22:26:47.020361+07', NULL, NULL, '06076f6f-9985-47e4-92ea-d33cf6c87d57');
INSERT INTO content.notifications VALUES ('fe326ae5-bed6-4ed8-91f9-521faf86806a', 'BILL', 'Hóa đơn mới - INV-20251222222646', 'Bạn có hóa đơn mới với số tiền 2.550 ₫. Hạn thanh toán: 22/12/2025', 'EXTERNAL', NULL, NULL, 'a40e6947-f5b4-4998-a38c-979751d8618a', 'INVOICE', NULL, NULL, '2025-12-22 22:26:47.036382+07', '2025-12-22 22:26:47.036382+07', NULL, NULL, '0fa5340b-c772-40e3-b0fc-e4c73b37b66b');
INSERT INTO content.notifications VALUES ('02561ca3-34a1-4d6f-90b3-17a028785d67', 'WATER', 'Hóa đơn nước mới', 'Hóa đơn nước mới đã được tạo với số tiền 2,550 VND. Số lượng sử dụng: 100.000 kWh. Vui lòng thanh toán trước ngày 2025-12-22.', 'EXTERNAL', NULL, NULL, 'a40e6947-f5b4-4998-a38c-979751d8618a', 'INVOICE', NULL, NULL, '2025-12-22 22:26:47.052012+07', '2025-12-22 22:26:47.052012+07', NULL, NULL, '06076f6f-9985-47e4-92ea-d33cf6c87d57');
INSERT INTO content.notifications VALUES ('6ab81377-3188-4be9-9404-03be3ab30acd', 'BILL', 'Hóa đơn mới - INV-20251222222647', 'Bạn có hóa đơn mới với số tiền 2.550 ₫. Hạn thanh toán: 22/12/2025', 'EXTERNAL', NULL, NULL, '77bd013f-4d60-4d5f-a290-adede049589c', 'INVOICE', NULL, NULL, '2025-12-22 22:26:47.09882+07', '2025-12-22 22:26:47.09882+07', NULL, NULL, '50bad366-9702-4c22-8489-c7e5f3b98a6e');
INSERT INTO content.notifications VALUES ('6c15797d-7af0-4c2a-8ca0-a9d6f272978a', 'BILL', 'Hóa đơn mới - INV-20251222222647', 'Bạn có hóa đơn mới với số tiền 2.550 ₫. Hạn thanh toán: 22/12/2025', 'EXTERNAL', NULL, NULL, '77bd013f-4d60-4d5f-a290-adede049589c', 'INVOICE', NULL, NULL, '2025-12-22 22:26:47.115178+07', '2025-12-22 22:26:47.115178+07', NULL, NULL, 'a6235a48-b377-4786-a8f4-8f99e15849f9');
INSERT INTO content.notifications VALUES ('a52228ea-e151-4a7f-b4da-db5301acd686', 'BILL', 'Hóa đơn mới - INV-20251222222647', 'Bạn có hóa đơn mới với số tiền 2.550 ₫. Hạn thanh toán: 22/12/2025', 'EXTERNAL', NULL, NULL, '076dc39e-faae-4035-8e7b-da603e8d1e9e', 'INVOICE', NULL, NULL, '2025-12-22 22:26:47.175426+07', '2025-12-22 22:26:47.175426+07', NULL, NULL, 'fb7ad25e-c61b-471d-888e-1f4b34b0ad9f');
INSERT INTO content.notifications VALUES ('d8dbc25e-d2d7-4bfb-a691-9acf84f26304', 'BILL', 'Hóa đơn mới - INV-20251222222647', 'Bạn có hóa đơn mới với số tiền 2.550 ₫. Hạn thanh toán: 22/12/2025', 'EXTERNAL', NULL, NULL, '076dc39e-faae-4035-8e7b-da603e8d1e9e', 'INVOICE', NULL, NULL, '2025-12-22 22:26:47.19127+07', '2025-12-22 22:26:47.19127+07', NULL, NULL, '687b17b9-0a0d-44bf-b519-81b3d7a6540c');
INSERT INTO content.notifications VALUES ('d0578657-390c-4a4a-a01e-4a271fdda86d', 'WATER', 'Hóa đơn nước mới', 'Hóa đơn nước mới đã được tạo với số tiền 2,550 VND. Số lượng sử dụng: 100.000 kWh. Vui lòng thanh toán trước ngày 2025-12-22.', 'EXTERNAL', NULL, NULL, '076dc39e-faae-4035-8e7b-da603e8d1e9e', 'INVOICE', NULL, NULL, '2025-12-22 22:26:47.207336+07', '2025-12-22 22:26:47.207336+07', NULL, NULL, 'fb7ad25e-c61b-471d-888e-1f4b34b0ad9f');
INSERT INTO content.notifications VALUES ('2be21d60-3de0-4422-991d-794b7621f335', 'BILL', 'Hóa đơn mới - INV-20251222222647', 'Bạn có hóa đơn mới với số tiền 2.550 ₫. Hạn thanh toán: 22/12/2025', 'EXTERNAL', NULL, NULL, '8d3cf8ab-6145-49d5-b188-7cbb2227cc5f', 'INVOICE', NULL, NULL, '2025-12-22 22:26:47.271285+07', '2025-12-22 22:26:47.271285+07', NULL, NULL, 'dd803868-6d0d-4ee3-a303-44a09153eefd');
INSERT INTO content.notifications VALUES ('4f379618-e9a2-4886-8963-18b41b1547ca', 'WATER', 'Hóa đơn nước mới', 'Hóa đơn nước mới đã được tạo với số tiền 2,550 VND. Số lượng sử dụng: 100.000 kWh. Vui lòng thanh toán trước ngày 2025-12-22.', 'EXTERNAL', NULL, NULL, '8d3cf8ab-6145-49d5-b188-7cbb2227cc5f', 'INVOICE', NULL, NULL, '2025-12-22 22:26:47.286095+07', '2025-12-22 22:26:47.286095+07', NULL, NULL, '1ba3b51a-4af0-4a1b-93f8-4c4738390dbc');
INSERT INTO content.notifications VALUES ('01e19c2f-fd5f-4602-bfa2-b0fb7cda39ea', 'BILL', 'Hóa đơn mới - INV-20251222222647', 'Bạn có hóa đơn mới với số tiền 2.550 ₫. Hạn thanh toán: 22/12/2025', 'EXTERNAL', NULL, NULL, '787399f7-3561-4945-8b61-38012e42bd4f', 'INVOICE', NULL, NULL, '2025-12-22 22:26:47.332906+07', '2025-12-22 22:26:47.332906+07', NULL, NULL, '0f26a206-1195-4fc1-bd59-34b5ace88a7b');
INSERT INTO content.notifications VALUES ('a15db861-faf4-427e-8bc3-2fd668f411b3', 'BILL', 'Hóa đơn mới - INV-20251222222647', 'Bạn có hóa đơn mới với số tiền 2.550 ₫. Hạn thanh toán: 22/12/2025', 'EXTERNAL', NULL, NULL, '787399f7-3561-4945-8b61-38012e42bd4f', 'INVOICE', NULL, NULL, '2025-12-22 22:26:47.348487+07', '2025-12-22 22:26:47.348487+07', NULL, NULL, 'e888d7f1-26ee-48d0-a902-0b1f2675592d');
INSERT INTO content.notifications VALUES ('80aa4853-38d6-4f87-9abc-47ebb2163b19', 'WATER', 'Hóa đơn nước mới', 'Hóa đơn nước mới đã được tạo với số tiền 2,550 VND. Số lượng sử dụng: 100.000 kWh. Vui lòng thanh toán trước ngày 2025-12-22.', 'EXTERNAL', NULL, NULL, '787399f7-3561-4945-8b61-38012e42bd4f', 'INVOICE', NULL, NULL, '2025-12-22 22:26:47.364271+07', '2025-12-22 22:26:47.364271+07', NULL, NULL, '0f26a206-1195-4fc1-bd59-34b5ace88a7b');
INSERT INTO content.notifications VALUES ('ca7d1619-8fa9-4731-b768-86618fac48e6', 'BILL', 'Hóa đơn mới - INV-20251222222647', 'Bạn có hóa đơn mới với số tiền 2.550 ₫. Hạn thanh toán: 22/12/2025', 'EXTERNAL', NULL, NULL, 'fea4099f-17a1-482e-935b-8a7749a46480', 'INVOICE', NULL, NULL, '2025-12-22 22:26:47.42568+07', '2025-12-22 22:26:47.42568+07', NULL, NULL, '15c88c99-757c-4877-8ddf-625368e6b8a5');
INSERT INTO content.notifications VALUES ('05a8d5e7-d972-4569-b93f-5dd7fdb1fffb', 'WATER', 'Hóa đơn nước mới', 'Hóa đơn nước mới đã được tạo với số tiền 2,550 VND. Số lượng sử dụng: 100.000 kWh. Vui lòng thanh toán trước ngày 2025-12-22.', 'EXTERNAL', NULL, NULL, 'fea4099f-17a1-482e-935b-8a7749a46480', 'INVOICE', NULL, NULL, '2025-12-22 22:26:47.442912+07', '2025-12-22 22:26:47.442912+07', NULL, NULL, '3a024fba-647e-4fba-8b90-e7d688a2ec00');
INSERT INTO content.notifications VALUES ('2afebf43-4686-4883-90eb-a6011362779d', 'BILL', 'Hóa đơn mới - INV-20251222222647', 'Bạn có hóa đơn mới với số tiền 2.550 ₫. Hạn thanh toán: 22/12/2025', 'EXTERNAL', NULL, NULL, '1533f923-aad1-4630-adc6-d3a215ee40ba', 'INVOICE', NULL, NULL, '2025-12-22 22:26:47.488817+07', '2025-12-22 22:26:47.488817+07', NULL, NULL, '1fb07f05-a7e9-416e-8925-c33b11a6ed60');
INSERT INTO content.notifications VALUES ('47cbc87a-6c64-4ee4-b675-eb53acd5d951', 'WATER', 'Hóa đơn nước mới', 'Hóa đơn nước mới đã được tạo với số tiền 2,550 VND. Số lượng sử dụng: 100.000 kWh. Vui lòng thanh toán trước ngày 2025-12-22.', 'EXTERNAL', NULL, NULL, '1533f923-aad1-4630-adc6-d3a215ee40ba', 'INVOICE', NULL, NULL, '2025-12-22 22:26:47.520002+07', '2025-12-22 22:26:47.520002+07', NULL, NULL, '1fb07f05-a7e9-416e-8925-c33b11a6ed60');
INSERT INTO content.notifications VALUES ('0562d952-ea7c-42d5-95d6-137803ee3cfd', 'BILL', 'Hóa đơn mới - INV-20251222222647', 'Bạn có hóa đơn mới với số tiền 2.550 ₫. Hạn thanh toán: 22/12/2025', 'EXTERNAL', NULL, NULL, '395a2087-f3bd-49fe-a31c-bb30b853e838', 'INVOICE', NULL, NULL, '2025-12-22 22:26:47.564822+07', '2025-12-22 22:26:47.564822+07', NULL, NULL, 'e360cef7-194c-4105-bfa9-60e14ff92310');
INSERT INTO content.notifications VALUES ('cf1f3b8e-fd01-4b45-9ff4-bee157194203', 'BILL', 'Hóa đơn mới - INV-20251222222647', 'Bạn có hóa đơn mới với số tiền 2.550 ₫. Hạn thanh toán: 22/12/2025', 'EXTERNAL', NULL, NULL, '395a2087-f3bd-49fe-a31c-bb30b853e838', 'INVOICE', NULL, NULL, '2025-12-22 22:26:47.580123+07', '2025-12-22 22:26:47.580123+07', NULL, NULL, '5b7af8c7-d22a-4d20-bac5-9c85b9ec9a52');
INSERT INTO content.notifications VALUES ('6b808f3e-0a6a-452d-a174-5d5e5635f45a', 'WATER', 'Hóa đơn nước mới', 'Hóa đơn nước mới đã được tạo với số tiền 2,550 VND. Số lượng sử dụng: 100.000 kWh. Vui lòng thanh toán trước ngày 2025-12-22.', 'EXTERNAL', NULL, NULL, '395a2087-f3bd-49fe-a31c-bb30b853e838', 'INVOICE', NULL, NULL, '2025-12-22 22:26:47.609808+07', '2025-12-22 22:26:47.609808+07', NULL, NULL, 'e360cef7-194c-4105-bfa9-60e14ff92310');
INSERT INTO content.notifications VALUES ('b0d65e4d-81ec-4b0d-bdee-2469713ed62c', 'BILL', 'Hóa đơn mới - INV-20251222222647', 'Bạn có hóa đơn mới với số tiền 2.550 ₫. Hạn thanh toán: 22/12/2025', 'EXTERNAL', NULL, NULL, '56de7d00-5bc2-470e-be92-a5c2c3d2defa', 'INVOICE', NULL, NULL, '2025-12-22 22:26:47.658248+07', '2025-12-22 22:26:47.658248+07', NULL, NULL, '60f87622-5f0f-47f2-803d-de5781319ff8');
INSERT INTO content.notifications VALUES ('86b2eb16-823e-432b-853b-a84b2b92eb8c', 'WATER', 'Hóa đơn nước mới', 'Hóa đơn nước mới đã được tạo với số tiền 2,550 VND. Số lượng sử dụng: 100.000 kWh. Vui lòng thanh toán trước ngày 2025-12-22.', 'EXTERNAL', NULL, NULL, '56de7d00-5bc2-470e-be92-a5c2c3d2defa', 'INVOICE', NULL, NULL, '2025-12-22 22:26:47.689935+07', '2025-12-22 22:26:47.689935+07', NULL, NULL, '60f87622-5f0f-47f2-803d-de5781319ff8');
INSERT INTO content.notifications VALUES ('28302f76-da2a-491a-95bf-42d391195eaa', 'BILL', 'Hóa đơn mới - INV-20251222222647', 'Bạn có hóa đơn mới với số tiền 2.550 ₫. Hạn thanh toán: 22/12/2025', 'EXTERNAL', NULL, NULL, 'c1fc88db-46eb-474b-94f7-6f8e47526d05', 'INVOICE', NULL, NULL, '2025-12-22 22:26:47.750307+07', '2025-12-22 22:26:47.750307+07', NULL, NULL, '7a9381da-2c2e-45c2-a3a2-dcc4913f43fc');
INSERT INTO content.notifications VALUES ('26a2107a-8938-4e62-87cb-98df60cb5f16', 'WATER', 'Hóa đơn nước mới', 'Hóa đơn nước mới đã được tạo với số tiền 2,550 VND. Số lượng sử dụng: 100.000 kWh. Vui lòng thanh toán trước ngày 2025-12-22.', 'EXTERNAL', NULL, NULL, 'c1fc88db-46eb-474b-94f7-6f8e47526d05', 'INVOICE', NULL, NULL, '2025-12-22 22:26:47.767055+07', '2025-12-22 22:26:47.767055+07', NULL, NULL, '7a9381da-2c2e-45c2-a3a2-dcc4913f43fc');
INSERT INTO content.notifications VALUES ('08bb4455-ba9e-4fc1-a186-30bd315bd45b', 'WATER', 'Hóa đơn nước mới', 'Hóa đơn nước mới đã được tạo với số tiền 2,550 VND. Số lượng sử dụng: 100.000 kWh. Vui lòng thanh toán trước ngày 2025-12-22.', 'EXTERNAL', NULL, NULL, 'fecc6120-36f2-4be2-baf0-047ad91629bf', 'INVOICE', NULL, NULL, '2025-12-22 22:26:47.874294+07', '2025-12-22 22:26:47.874294+07', NULL, NULL, 'cc63d3f3-bc94-4db6-9fb8-f8d19a2dec40');
INSERT INTO content.notifications VALUES ('1949b419-f443-4500-b5d3-e5be1265b632', 'BILL', 'Hóa đơn mới - INV-20251222222647', 'Bạn có hóa đơn mới với số tiền 2.550 ₫. Hạn thanh toán: 22/12/2025', 'EXTERNAL', NULL, NULL, '1d6288e9-83f6-4722-a1f4-045a7cec75b2', 'INVOICE', NULL, NULL, '2025-12-22 22:26:47.918664+07', '2025-12-22 22:26:47.918664+07', NULL, NULL, '48a70c25-a2d5-4ef2-b15f-29862b47680e');
INSERT INTO content.notifications VALUES ('973886ea-f9cd-456d-91c5-0034798641ae', 'BILL', 'Hóa đơn mới - INV-20251222222647', 'Bạn có hóa đơn mới với số tiền 2.550 ₫. Hạn thanh toán: 22/12/2025', 'EXTERNAL', NULL, NULL, '1d6288e9-83f6-4722-a1f4-045a7cec75b2', 'INVOICE', NULL, NULL, '2025-12-22 22:26:47.936515+07', '2025-12-22 22:26:47.936515+07', NULL, NULL, '3f79b4b9-6471-40b7-9c4d-e06ad47b3910');
INSERT INTO content.notifications VALUES ('17202895-d3f9-4006-92b4-a39b91b841e5', 'WATER', 'Hóa đơn nước mới', 'Hóa đơn nước mới đã được tạo với số tiền 2,550 VND. Số lượng sử dụng: 100.000 kWh. Vui lòng thanh toán trước ngày 2025-12-22.', 'EXTERNAL', NULL, NULL, '1d6288e9-83f6-4722-a1f4-045a7cec75b2', 'INVOICE', NULL, NULL, '2025-12-22 22:26:47.966921+07', '2025-12-22 22:26:47.966921+07', NULL, NULL, '48a70c25-a2d5-4ef2-b15f-29862b47680e');
INSERT INTO content.notifications VALUES ('39e62c86-fc01-43ad-bbe6-e7dd18d6437e', 'WATER', 'Hóa đơn nước mới', 'Hóa đơn nước mới đã được tạo với số tiền 2,550 VND. Số lượng sử dụng: 100.000 kWh. Vui lòng thanh toán trước ngày 2025-12-22.', 'EXTERNAL', NULL, NULL, '3c61d65d-488d-4b12-8717-ce07f448e163', 'INVOICE', NULL, NULL, '2025-12-22 22:26:46.972392+07', '2025-12-22 22:26:46.972392+07', NULL, NULL, 'b506b581-eb6b-462f-96b1-c76efcbb84b5');
INSERT INTO content.notifications VALUES ('6b348b73-d071-4e8d-82c5-b77507d72145', 'WATER', 'Hóa đơn nước mới', 'Hóa đơn nước mới đã được tạo với số tiền 2,550 VND. Số lượng sử dụng: 100.000 kWh. Vui lòng thanh toán trước ngày 2025-12-22.', 'EXTERNAL', NULL, NULL, '77bd013f-4d60-4d5f-a290-adede049589c', 'INVOICE', NULL, NULL, '2025-12-22 22:26:47.129088+07', '2025-12-22 22:26:47.129088+07', NULL, NULL, '50bad366-9702-4c22-8489-c7e5f3b98a6e');
INSERT INTO content.notifications VALUES ('756cd540-5e88-414a-a339-e49928c13acb', 'BILL', 'Hóa đơn mới - INV-20251222222647', 'Bạn có hóa đơn mới với số tiền 2.550 ₫. Hạn thanh toán: 22/12/2025', 'EXTERNAL', NULL, NULL, '8d3cf8ab-6145-49d5-b188-7cbb2227cc5f', 'INVOICE', NULL, NULL, '2025-12-22 22:26:47.254375+07', '2025-12-22 22:26:47.254375+07', NULL, NULL, '1ba3b51a-4af0-4a1b-93f8-4c4738390dbc');
INSERT INTO content.notifications VALUES ('f23ff011-5d7d-42a5-b994-afd151c464e7', 'BILL', 'Hóa đơn mới - INV-20251222222647', 'Bạn có hóa đơn mới với số tiền 2.550 ₫. Hạn thanh toán: 22/12/2025', 'EXTERNAL', NULL, NULL, 'fea4099f-17a1-482e-935b-8a7749a46480', 'INVOICE', NULL, NULL, '2025-12-22 22:26:47.41132+07', '2025-12-22 22:26:47.41132+07', NULL, NULL, '3a024fba-647e-4fba-8b90-e7d688a2ec00');
INSERT INTO content.notifications VALUES ('a454822c-c3fa-4e84-9de0-22d93d30f0ca', 'BILL', 'Hóa đơn mới - INV-20251222222647', 'Bạn có hóa đơn mới với số tiền 2.550 ₫. Hạn thanh toán: 22/12/2025', 'EXTERNAL', NULL, NULL, '1533f923-aad1-4630-adc6-d3a215ee40ba', 'INVOICE', NULL, NULL, '2025-12-22 22:26:47.504213+07', '2025-12-22 22:26:47.504213+07', NULL, NULL, '3177405b-f141-4907-a67f-4d96c511e638');
INSERT INTO content.notifications VALUES ('fcb1a1ce-e829-4bc5-adeb-b183addaa9f2', 'BILL', 'Hóa đơn mới - INV-20251222222647', 'Bạn có hóa đơn mới với số tiền 2.550 ₫. Hạn thanh toán: 22/12/2025', 'EXTERNAL', NULL, NULL, '56de7d00-5bc2-470e-be92-a5c2c3d2defa', 'INVOICE', NULL, NULL, '2025-12-22 22:26:47.673617+07', '2025-12-22 22:26:47.673617+07', NULL, NULL, '4aecd93e-4305-4ff5-9463-bfb0e6a7e53b');
INSERT INTO content.notifications VALUES ('6c92c8d8-3843-44f3-aaf9-66bebb3487b1', 'BILL', 'Hóa đơn mới - INV-20251222222647', 'Bạn có hóa đơn mới với số tiền 2.550 ₫. Hạn thanh toán: 22/12/2025', 'EXTERNAL', NULL, NULL, 'fecc6120-36f2-4be2-baf0-047ad91629bf', 'INVOICE', NULL, NULL, '2025-12-22 22:26:47.844824+07', '2025-12-22 22:26:47.844824+07', NULL, NULL, 'cc63d3f3-bc94-4db6-9fb8-f8d19a2dec40');
INSERT INTO content.notifications VALUES ('8b65f015-07ec-4a34-b6ef-bfa0f7866686', 'WATER', 'Hóa đơn nước mới', 'Hóa đơn nước mới đã được tạo với số tiền 2,550 VND. Số lượng sử dụng: 100.000 kWh. Vui lòng thanh toán trước ngày 2025-12-22.', 'EXTERNAL', NULL, NULL, '4c3de09c-f5b1-4348-8f24-2029b6e17be5', 'INVOICE', NULL, NULL, '2025-12-22 22:26:48.047017+07', '2025-12-22 22:26:48.047017+07', NULL, NULL, 'e5a21a74-94c5-4b3a-9fdf-147e810a1982');
INSERT INTO content.notifications VALUES ('6f49d5cc-b0e3-4435-990a-c656c354c15d', 'BILL', 'Hóa đơn mới - INV-20251222222647', 'Bạn có hóa đơn mới với số tiền 2.550 ₫. Hạn thanh toán: 22/12/2025', 'EXTERNAL', NULL, NULL, '4c3de09c-f5b1-4348-8f24-2029b6e17be5', 'INVOICE', NULL, NULL, '2025-12-22 22:26:48.029888+07', '2025-12-22 22:26:48.029888+07', NULL, NULL, 'e5a21a74-94c5-4b3a-9fdf-147e810a1982');
INSERT INTO content.notifications VALUES ('2ba72191-299b-4209-b4bc-f79759c40054', 'BILL', 'Hóa đơn mới - INV-20251222222750', 'Bạn có hóa đơn mới với số tiền 5.250 ₫. Hạn thanh toán: 22/12/2025', 'EXTERNAL', NULL, NULL, '15dea690-65a3-4e41-8893-155514d392d3', 'INVOICE', NULL, NULL, '2025-12-22 22:27:50.655534+07', '2025-12-22 22:27:50.655534+07', NULL, NULL, '3a024fba-647e-4fba-8b90-e7d688a2ec00');
INSERT INTO content.notifications VALUES ('32180924-b826-41a4-89a9-f920437b2cf1', 'BILL', 'Hóa đơn mới - INV-20251222222750', 'Bạn có hóa đơn mới với số tiền 5.250 ₫. Hạn thanh toán: 22/12/2025', 'EXTERNAL', NULL, NULL, '15dea690-65a3-4e41-8893-155514d392d3', 'INVOICE', NULL, NULL, '2025-12-22 22:27:50.669567+07', '2025-12-22 22:27:50.669567+07', NULL, NULL, '15c88c99-757c-4877-8ddf-625368e6b8a5');
INSERT INTO content.notifications VALUES ('b36f3988-2f6e-4037-868a-4dad38d85e35', 'WATER', 'Hóa đơn nước mới', 'Hóa đơn nước mới đã được tạo với số tiền 5,250 VND. Số lượng sử dụng: 200.000 kWh. Vui lòng thanh toán trước ngày 2025-12-22.', 'EXTERNAL', NULL, NULL, '15dea690-65a3-4e41-8893-155514d392d3', 'INVOICE', NULL, NULL, '2025-12-22 22:27:50.684136+07', '2025-12-22 22:27:50.684136+07', NULL, NULL, '3a024fba-647e-4fba-8b90-e7d688a2ec00');
INSERT INTO content.notifications VALUES ('09b43d96-f4d3-4283-86e2-e571565cc832', 'BILL', 'Hóa đơn mới - INV-20251222222751', 'Bạn có hóa đơn mới với số tiền 2.805.250 ₫. Hạn thanh toán: 29/12/2025', 'EXTERNAL', NULL, NULL, 'c39545e3-4026-4236-bae2-c126e049e175', 'INVOICE', NULL, NULL, '2025-12-22 22:27:51.782396+07', '2025-12-22 22:27:51.782396+07', NULL, NULL, '3a024fba-647e-4fba-8b90-e7d688a2ec00');
INSERT INTO content.notifications VALUES ('45ab4402-8318-4fa6-ba50-bb0563a00d05', 'BILL', 'Hóa đơn mới - INV-20251222222751', 'Bạn có hóa đơn mới với số tiền 2.805.250 ₫. Hạn thanh toán: 29/12/2025', 'EXTERNAL', NULL, NULL, 'c39545e3-4026-4236-bae2-c126e049e175', 'INVOICE', NULL, NULL, '2025-12-22 22:27:51.798699+07', '2025-12-22 22:27:51.798699+07', NULL, NULL, '15c88c99-757c-4877-8ddf-625368e6b8a5');

INSERT INTO cs_service.processing_logs VALUES ('5fe3128b-b4f6-4d76-a23d-eeb504828f26', '25df6b53-d7c3-4ff8-9e02-fca8af10aac5', NULL, 'Cư dân tạo yêu cầu mới.', '2025-11-08 02:27:48.851834', 'Pending', 'Nguyễn Văn A', NULL);
INSERT INTO cs_service.processing_logs VALUES ('1a45aaf1-d125-4a73-8a35-f26c001cdfe7', '8b93f33e-3318-4b42-9961-6522a2dc161b', NULL, 'Cư dân báo mất nước.', '2025-11-09 02:27:48.851834', 'Pending', 'Trần Thị B', NULL);
INSERT INTO cs_service.processing_logs VALUES ('c323316c-f6d7-4aae-ae76-d7e6bea1fd80', '8b93f33e-3318-4b42-9961-6522a2dc161b', 'e1d3ea37-b9ac-4ae5-9610-e69c7f42bc79', 'Nhân viên kỹ thuật đã tiếp nhận và đang xử lý.', '2025-11-09 03:27:48.851834', 'Processing', 'Nguyễn Kỹ Thuật', NULL);
INSERT INTO cs_service.processing_logs VALUES ('02a9d8d7-f240-4e7b-8329-b194402b3bbd', '2a167c59-4a68-4edd-b8c8-0d011408227c', NULL, 'Cư dân gửi yêu cầu.', '2025-11-07 02:27:48.851834', 'Pending', 'Lê Quốc C', NULL);
INSERT INTO cs_service.processing_logs VALUES ('0d0795a4-dfc7-4191-990f-e0ab274905aa', '2a167c59-4a68-4edd-b8c8-0d011408227c', '18b8ed57-a156-426b-bdf3-3a950218814d', 'Đã phân công đội vệ sinh thực hiện.', '2025-11-07 06:27:48.851834', 'Processing', 'Phạm Hỗ Trợ', NULL);
INSERT INTO cs_service.processing_logs VALUES ('d6c651ac-2bef-4d6f-b52a-c1233c2f2532', '2a167c59-4a68-4edd-b8c8-0d011408227c', '8e3f050d-4a1f-46a5-8d0e-cf7e4908f99d', 'Đã hoàn tất vệ sinh hồ bơi.', '2025-11-09 02:27:48.851834', 'Done', 'Phạm Hỗ Trợ', NULL);
INSERT INTO cs_service.processing_logs VALUES ('4aa653d5-336a-4422-be8b-7b0565672f5e', '25df6b53-d7c3-4ff8-9e02-fca8af10aac5', NULL, 'hhehe', '2025-11-10 02:28:18', 'Processing', NULL, NULL);
INSERT INTO cs_service.processing_logs VALUES ('b92329f5-c02d-487f-bce1-173143bafa12', '8b93f33e-3318-4b42-9961-6522a2dc161b', NULL, 'hêhehehehe', '2025-11-10 02:28:31', 'Processing', NULL, NULL);
INSERT INTO cs_service.processing_logs VALUES ('d1091569-e74b-44ed-ad9e-7baea2c04159', '9cc19458-dac3-4a2c-8657-be08dd00e973', NULL, 'Cư dân tạo yêu cầu.', '2025-11-09 14:40:13.126524', 'Pending', 'Phạm Minh D', NULL);
INSERT INTO cs_service.processing_logs VALUES ('219306c9-3059-41a3-b488-35d2adbb21b7', '1857b1bc-8098-47fd-a249-909822a48de5', NULL, 'Cư dân tạo yêu cầu.', '2025-11-09 18:40:13.126524', 'Pending', 'Đặng Thu E', NULL);
INSERT INTO cs_service.processing_logs VALUES ('a6abddfc-2163-48ce-9940-b6697112ac53', 'e716fa75-8b82-4155-96c7-4d99890d8b5f', NULL, 'Cư dân tạo yêu cầu.', '2025-11-09 22:40:13.126524', 'Pending', 'Võ Quốc F', NULL);
INSERT INTO cs_service.processing_logs VALUES ('9e65e584-4c08-4609-aaec-9475ebfe818d', '26463c4f-1ff2-491c-8707-c27293a359b1', NULL, 'Request created by: Thành', '2025-11-13 03:01:20', 'PENDING', NULL, NULL);

 

INSERT INTO cs_service.requests VALUES ('2a167c59-4a68-4edd-b8c8-0d011408227c', '19da1286-e723-4e52-baf3-6dc9a610c46b', 'Lê Quốc C', NULL, 'Đăng ký vệ sinh hồ bơi', 'Đề nghị vệ sinh hồ bơi khu A trước cuối tuần.', 'Done', '2025-11-07 02:27:48.851834', '2025-11-09 20:27:48.851834', 'REQ-2025-00003', NULL, NULL, NULL, NULL);
INSERT INTO cs_service.requests VALUES ('25df6b53-d7c3-4ff8-9e02-fca8af10aac5', '8f492e32-ec8b-4b34-9af3-0ca426236cc7', 'Nguyễn Văn A', NULL, 'Yêu cầu sửa máy lạnh', 'Máy lạnh phòng khách kêu to, cần kiểm tra.', 'Processing', '2025-11-08 02:27:48.851834', '2025-11-10 02:28:18', 'REQ-2025-00001', NULL, NULL, NULL, NULL);
INSERT INTO cs_service.requests VALUES ('8b93f33e-3318-4b42-9961-6522a2dc161b', 'b2b88df1-087f-4a38-a5cc-eafb60add1eb', 'Trần Thị B', NULL, 'Sự cố mất nước tầng 5', 'Cả tầng 5 đang bị mất nước từ sáng nay.', 'Processing', '2025-11-09 02:27:48.851834', '2025-11-10 02:28:31', 'REQ-2025-00002', NULL, NULL, NULL, NULL);
INSERT INTO cs_service.requests VALUES ('9cc19458-dac3-4a2c-8657-be08dd00e973', 'a6ddccb6-db46-4ed9-8d5f-841e74ab28ae', 'Phạm Minh D', NULL, 'Đăng ký bảo trì thang máy', 'Thang máy block B có tiếng kêu bất thường, đề nghị kiểm tra.', 'Pending', '2025-11-09 14:40:13.126524', '2025-11-09 14:40:13.126524', 'REQ-2025-00004', NULL, NULL, NULL, NULL);
INSERT INTO cs_service.requests VALUES ('1857b1bc-8098-47fd-a249-909822a48de5', '4329fab8-7be2-4829-a3a8-2230c9ffcc44', 'Đặng Thu E', NULL, 'Yêu cầu tháo dỡ cây nghiêng', 'Cây xanh trước nhà nghiêng vào đường, cần xử lý trước khi mưa bão.', 'Pending', '2025-11-09 18:40:13.126524', '2025-11-09 18:40:13.126524', 'REQ-2025-00005', NULL, NULL, NULL, NULL);
INSERT INTO cs_service.requests VALUES ('e716fa75-8b82-4155-96c7-4d99890d8b5f', '57c7d51b-3812-4f89-a30d-8db81ec253d4', 'Võ Quốc F', NULL, 'Đề nghị thay bóng đèn hành lang', 'Hành lang tầng 12 khu C có 3 bóng đèn bị cháy, đề nghị thay mới.', 'Pending', '2025-11-09 22:40:13.126524', '2025-11-09 22:40:13.126524', 'REQ-2025-00006', NULL, NULL, NULL, NULL);
INSERT INTO cs_service.requests VALUES ('26463c4f-1ff2-491c-8707-c27293a359b1', '700446e5-e83e-4e48-9a74-10a1374e4942', 'Thành', NULL, 'Tiếng ồn', 'Đề nghị sửa lại', 'PENDING', '2025-11-13 03:01:20', '2025-11-13 03:01:20', 'REQ-2025-00007', NULL, NULL, NULL, NULL);

 
INSERT INTO data.building_deletion_requests VALUES ('15c15148-a15e-49d5-9846-78a4a9a4e112', '550e8400-e29b-41d4-a716-446655440003', '550e8400-e29b-41d4-a716-446655440000', 'Test deletion request - Building cần được xóa do không còn sử dụng', '550e8400-e29b-41d4-a716-446655440000', 'Đã phê duyệt xóa building', 'APPROVED', '2025-10-12 19:18:01.121064+07', '2025-10-12 19:18:08.962408+07');
INSERT INTO data.building_deletion_requests VALUES ('e8bc7f2b-b2e5-4dcb-abb3-2ecbc7eac405', '550e8400-e29b-41d4-a716-446655440003', '550e8400-e29b-41d4-a716-446655440000', 'Test deletion request - Building cần được xóa do không còn sử dụng', '550e8400-e29b-41d4-a716-446655440000', 'Đã phê duyệt xóa building', 'APPROVED', '2025-10-12 19:19:10.470812+07', '2025-10-12 19:19:12.748299+07');
INSERT INTO data.building_deletion_requests VALUES ('cb986cee-b395-449b-9635-48b2d245bc93', '473debd5-669c-44c4-a94a-3992ef41dad9', '550e8400-e29b-41d4-a716-446655440013', 'Building deletion as part of tenant deletion process', '550e8400-e29b-41d4-a716-446655440013', 'Auto-approved during tenant deletion approval', 'APPROVED', '2025-10-17 13:40:51.625822+07', '2025-10-17 13:40:51.625822+07');
INSERT INTO data.building_deletion_requests VALUES ('e102dbe6-e7a3-46f3-923b-2872df9867f3', '6386525f-336f-4557-aba6-b7e44d870a1f', '550e8400-e29b-41d4-a716-446655440013', 'Building deletion as part of tenant deletion process', '550e8400-e29b-41d4-a716-446655440013', 'Auto-approved during tenant deletion approval', 'COMPLETED', '2025-10-17 13:52:34.660203+07', '2025-10-17 13:52:34.660203+07');
INSERT INTO data.building_deletion_requests VALUES ('2e358da9-4a86-42a4-a889-0c48445f6518', '6ef6d030-dd3b-45d2-9948-912805d8b6ec', '550e8400-e29b-41d4-a716-446655440013', 'Building deletion as part of tenant deletion process', '550e8400-e29b-41d4-a716-446655440013', 'Auto-approved during tenant deletion approval', 'COMPLETED', '2025-10-17 13:54:15.588008+07', '2025-10-17 13:54:15.588008+07');
INSERT INTO data.building_deletion_requests VALUES ('ea8f1dad-b6bf-443c-8746-b96ba25d937f', '0adb49d7-eceb-4b67-aa91-419d5f98618e', '550e8400-e29b-41d4-a716-446655440013', 'Building deletion as part of tenant deletion process', '550e8400-e29b-41d4-a716-446655440013', 'Auto-approved during tenant deletion approval', 'COMPLETED', '2025-10-18 15:53:54.937039+07', '2025-10-18 15:53:54.937039+07');
INSERT INTO data.building_deletion_requests VALUES ('25038790-fad7-43df-a051-21fc86189bc7', 'f502b03e-ce39-46fc-adf5-fd03c18c868b', '550e8400-e29b-41d4-a716-446655440013', 'Building deletion as part of tenant deletion process', '550e8400-e29b-41d4-a716-446655440013', 'Auto-approved during tenant deletion approval', 'COMPLETED', '2025-10-19 22:21:59.223338+07', '2025-10-19 22:21:59.223338+07');
INSERT INTO data.building_deletion_requests VALUES ('1f918d9a-8f35-4961-8cf2-bae0991c7093', 'ef37e238-f981-4385-b31a-626f9619a6eb', '550e8400-e29b-41d4-a716-446655440013', 'Building deletion as part of tenant deletion process', '550e8400-e29b-41d4-a716-446655440013', 'Auto-approved during tenant deletion approval', 'COMPLETED', '2025-10-17 13:47:42.682145+07', '2025-10-17 13:47:42.682145+07');
INSERT INTO data.building_deletion_requests VALUES ('5e53d498-e919-4cd0-adc4-a695c276cf36', '014f124d-f673-4d31-a5f1-2f486b98037f', '44444444-4444-4444-4444-444444444444', 'Building deletion as part of tenant deletion process', '44444444-4444-4444-4444-444444444444', 'Auto-approved during tenant deletion approval', 'APPROVED', '2025-10-22 17:51:37.39936+07', '2025-10-22 17:51:37.39936+07');
INSERT INTO data.building_deletion_requests VALUES ('4c9bc674-5a53-4b2a-9327-fbd88859272b', '6d1610d0-cf94-47bf-a059-95ebdaf352fb', '44444444-4444-4444-4444-444444444444', 'Building deletion as part of tenant deletion process', '44444444-4444-4444-4444-444444444444', 'Auto-approved during tenant deletion approval', 'APPROVED', '2025-10-22 17:51:37.401742+07', '2025-10-22 17:51:37.401742+07');
INSERT INTO data.building_deletion_requests VALUES ('60015389-9f1c-418d-95fd-22d08fba59c5', 'cbcb894e-d6a2-49d2-ab1d-319d88da45d6', '44444444-4444-4444-4444-444444444444', 'Building deletion as part of tenant deletion process', '44444444-4444-4444-4444-444444444444', 'Auto-approved during tenant deletion approval', 'APPROVED', '2025-10-22 17:51:37.402751+07', '2025-10-22 17:51:37.402751+07');
INSERT INTO data.building_deletion_requests VALUES ('628fd122-28da-4e83-bfcb-4f967b6054e5', 'a9ccaeed-435a-45d2-bf5e-c34ba87245d0', '44444444-4444-4444-4444-444444444444', 'Building deletion as part of tenant deletion process', '44444444-4444-4444-4444-444444444444', 'Auto-approved during tenant deletion approval', 'APPROVED', '2025-10-22 17:51:37.403953+07', '2025-10-22 17:51:37.403953+07');
INSERT INTO data.building_deletion_requests VALUES ('1c55b59c-ebe2-48dd-baf8-f928e5912a24', '014f124d-f673-4d31-a5f1-2f486b98037f', '550e8400-e29b-41d4-a716-446655440000', 'Building deletion as part of tenant deletion process', '550e8400-e29b-41d4-a716-446655440000', 'Auto-approved during tenant deletion approval', 'COMPLETED', '2025-10-17 11:33:09.863078+07', '2025-10-17 11:33:09.863078+07');
INSERT INTO data.building_deletion_requests VALUES ('78abc501-6f6c-4378-82f2-b1c94b61bd4c', '6d1610d0-cf94-47bf-a059-95ebdaf352fb', '44444444-4444-4444-4444-444444444444', 'Building deletion as part of tenant deletion process', '44444444-4444-4444-4444-444444444444', 'Auto-approved during tenant deletion approval', 'APPROVED', '2025-10-22 17:53:25.79822+07', '2025-10-22 17:53:25.79822+07');
INSERT INTO data.building_deletion_requests VALUES ('b38ef604-6a8b-447e-a60e-88be044f6f9f', 'cbcb894e-d6a2-49d2-ab1d-319d88da45d6', '44444444-4444-4444-4444-444444444444', 'Building deletion as part of tenant deletion process', '44444444-4444-4444-4444-444444444444', 'Auto-approved during tenant deletion approval', 'APPROVED', '2025-10-22 17:53:25.807407+07', '2025-10-22 17:53:25.807407+07');
INSERT INTO data.building_deletion_requests VALUES ('f5d357d2-470f-41aa-8705-c4f132c18f5b', 'a9ccaeed-435a-45d2-bf5e-c34ba87245d0', '44444444-4444-4444-4444-444444444444', 'Building deletion as part of tenant deletion process', '44444444-4444-4444-4444-444444444444', 'Auto-approved during tenant deletion approval', 'APPROVED', '2025-10-22 17:53:25.808407+07', '2025-10-22 17:53:25.808407+07');
INSERT INTO data.building_deletion_requests VALUES ('95dae16a-ded9-4377-848f-e1d8d0409d86', '6d1610d0-cf94-47bf-a059-95ebdaf352fb', '550e8400-e29b-41d4-a716-446655440000', 'Building deletion as part of tenant deletion process', '550e8400-e29b-41d4-a716-446655440000', 'Auto-approved during tenant deletion approval', 'COMPLETED', '2025-10-17 11:33:09.871449+07', '2025-10-17 11:33:09.871449+07');
INSERT INTO data.building_deletion_requests VALUES ('148b472f-2414-436c-aac4-705bc5c66213', 'cbcb894e-d6a2-49d2-ab1d-319d88da45d6', '550e8400-e29b-41d4-a716-446655440000', 'Building deletion as part of tenant deletion process', '550e8400-e29b-41d4-a716-446655440000', 'Auto-approved during tenant deletion approval', 'COMPLETED', '2025-10-17 11:33:09.873916+07', '2025-10-17 11:33:09.873916+07');
INSERT INTO data.building_deletion_requests VALUES ('230710c5-2407-4824-98ef-66a14a1cdeb2', 'a9ccaeed-435a-45d2-bf5e-c34ba87245d0', '550e8400-e29b-41d4-a716-446655440000', 'Building deletion as part of tenant deletion process', '550e8400-e29b-41d4-a716-446655440000', 'Auto-approved during tenant deletion approval', 'COMPLETED', '2025-10-17 11:33:09.874934+07', '2025-10-17 11:33:09.874934+07');
INSERT INTO data.building_deletion_requests VALUES ('77dbf1ad-28d5-455a-bfbb-650a4c058619', 'f1fa948c-30a7-400f-bc29-8a196624a8f3', '550e8400-e29b-41d4-a716-446655440013', 'Building deletion as part of tenant deletion process', '550e8400-e29b-41d4-a716-446655440013', 'Auto-approved during tenant deletion approval', 'APPROVED', '2025-10-25 03:12:34.344046+07', '2025-10-25 03:12:34.344046+07');
INSERT INTO data.building_deletion_requests VALUES ('82ceb173-6984-44c3-a289-4545cfc73f51', 'f000e570-90d6-46a8-9267-c7bcabdf4fdd', '880e8400-e29b-41d4-a716-446655440003', 'Testing building deletion flow', 'c10e8400-e29b-41d4-a716-446655440100', 'Approve deletion for automation test', 'APPROVED', '2025-11-09 00:43:53.411452+07', '2025-11-09 00:44:04.574047+07');
INSERT INTO data.building_deletion_requests VALUES ('e4bec98b-0488-4fac-a837-04a8eeaa8318', '78fbcccb-9071-4cfd-83ef-73d72cb93763', '880e8400-e29b-41d4-a716-446655440003', 'Testing building deletion flow', 'c10e8400-e29b-41d4-a716-446655440100', 'Approve deletion for automation test', 'COMPLETED', '2025-11-09 00:50:41.91541+07', '2025-11-09 00:51:03.837289+07');
INSERT INTO data.building_deletion_requests VALUES ('4c15dc8d-b6fc-4d0a-9fa5-08aa56a153a2', 'fde0497e-28ef-4ac2-9802-fe1ba9b1c0c8', '880e8400-e29b-41d4-a716-446655440003', 'Testing building deletion flow', 'c10e8400-e29b-41d4-a716-446655440100', 'Approve deletion for automation test', 'COMPLETED', '2025-11-09 01:01:57.511371+07', '2025-11-09 01:02:05.627202+07');
INSERT INTO data.building_deletion_requests VALUES ('71ba6464-b073-4934-b974-992b10f5d140', 'ae89e6b4-3aa1-404a-b797-ec01730315b8', '880e8400-e29b-41d4-a716-446655440003', 'Testing building deletion flow', 'c10e8400-e29b-41d4-a716-446655440100', 'Approve deletion for automation test', 'APPROVED', '2025-11-09 01:02:59.729352+07', '2025-11-09 01:03:46.409436+07');

INSERT INTO data.buildings VALUES ('dc7f86b1-d05c-4184-bb08-689e79dddf68', 'A', 'Tòa nhà A', '123 Đường Nguyễn Văn A, Phường 1, Quận 1, Hà Nội', '2025-12-17 00:30:19.937836+07', '2025-12-17 00:30:19.937836+07', false, 'ACTIVE', 'admin', 'admin', 10);
INSERT INTO data.buildings VALUES ('7c050951-978b-4017-b74c-8eb7e4c45648', 'C', 'Tòa nhà C', '789 Đường Trần Văn C, Phường 3, Quận 3, Hà Nội', '2025-12-17 00:30:19.937836+07', '2025-12-17 00:30:19.937836+07', false, 'ACTIVE', 'admin', 'admin', 15);
INSERT INTO data.buildings VALUES ('1bcfd76a-83c7-467a-ae00-e164dfdceb82', 'D', 'Tòa nhà D', '321 Đường Phạm Văn D, Phường 4, Quận 4, Hà Nội', '2025-12-17 00:30:19.937836+07', '2025-12-17 00:30:19.937836+07', false, 'ACTIVE', 'admin', 'admin', 8);
INSERT INTO data.buildings VALUES ('4a4903f4-cc30-4de0-bb93-6dfe737d0469', 'E', 'Tòa nhà E', '654 Đường Hoàng Văn E, Phường 5, Quận 5, Hà Nội', '2025-12-17 00:30:19.937836+07', '2025-12-17 00:30:19.937836+07', false, 'ACTIVE', 'admin', 'admin', 20);
INSERT INTO data.buildings VALUES ('ae331b32-9c70-4069-8236-5429a1689910', 'F', 'Tòa nhà F', '987 Đường Võ Văn F, Phường 6, Quận 6, Hà Nội', '2025-12-17 00:30:19.937836+07', '2025-12-17 00:30:19.937836+07', false, 'ACTIVE', 'admin', 'admin', 18);
INSERT INTO data.buildings VALUES ('5eb04d1d-5b92-4940-ae2f-4759968432a5', 'G', 'Tòa nhà G', '147 Đường Đặng Văn G, Phường 7, Quận 7, Hà Nội', '2025-12-17 00:30:19.937836+07', '2025-12-17 00:30:19.937836+07', false, 'ACTIVE', 'admin', 'admin', 14);
INSERT INTO data.buildings VALUES ('857690ef-c717-47f6-8021-d62f71d2cac4', 'H', 'Tòa nhà H', '258 Đường Lý Văn H, Phường 8, Quận 8, Hà Nội', '2025-12-17 00:30:19.937836+07', '2025-12-17 00:30:19.937836+07', false, 'ACTIVE', 'admin', 'admin', 16);
INSERT INTO data.buildings VALUES ('b8a153d8-3038-4ed9-95ea-575613b47f24', 'I', 'Tòa nhà I', '369 Đường Trương Văn I, Phường 9, Quận 9, Hà Nội', '2025-12-17 00:30:19.937836+07', '2025-12-17 00:30:19.937836+07', false, 'ACTIVE', 'admin', 'admin', 22);
INSERT INTO data.buildings VALUES ('be1daa6e-f3a8-4087-85c6-802e25f79c66', 'J', 'Tòa nhà J', '741 Đường Vũ Văn J, Phường 10, Quận 10, Hà Nội', '2025-12-17 00:30:19.937836+07', '2025-12-17 00:30:19.937836+07', false, 'ACTIVE', 'admin', 'admin', 19);
INSERT INTO data.buildings VALUES ('331b0391-adf6-45ce-8315-5d0597824253', 'K', 'City', '12331, Xã Má Lé, Huyện Đồng Văn, Tỉnh Hà Giang', '2025-12-19 05:18:39.01315+07', '2025-12-19 05:18:39.01315+07', false, 'ACTIVE', 'admin_test', NULL, 5);
INSERT INTO data.buildings VALUES ('f7952720-e1d2-4a76-bb45-2d705e98dc66', 'L', 'Toà nhà Z', '123 Đường ABC, Quận 1', '2025-12-19 05:19:07.146815+07', '2025-12-19 05:19:07.146815+07', false, 'ACTIVE', 'admin_test', NULL, 11);
INSERT INTO data.buildings VALUES ('9358cc1a-4227-4bac-b42d-f4398d86e024', 'B', 'Thành', '456 Đường Lê Văn B, Phường Nhật Tân, Quận Tây Hồ, Thành phố Hà Nội', '2025-12-17 00:30:19.937836+07', '2025-12-19 05:21:42.685277+07', false, 'ACTIVE', 'admin', 'admin_test', 12);


INSERT INTO data.household_members VALUES ('51d84e98-fe6b-4343-b432-974698b57ad1', 'bdb023ea-d070-4167-acdf-89a51a7f04a8', 'cb76570a-38ef-4c49-9438-9578df93d456', 'Chủ hộ', true, '2023-12-22', NULL, '2025-12-22 22:57:01.898515+07', '2025-12-22 22:57:01.898515+07', NULL);
INSERT INTO data.household_members VALUES ('5f4a18ac-ff79-4fbe-9fc1-1347e1dd46fa', 'bdb023ea-d070-4167-acdf-89a51a7f04a8', '51fc04c2-1f32-45d8-97ca-fd0d386e0286', 'Vợ', false, '2023-12-22', NULL, '2025-12-22 22:57:01.898515+07', '2025-12-22 22:57:01.898515+07', NULL);
INSERT INTO data.household_members VALUES ('779bce84-37cb-40c0-9118-42dfe025e925', 'c3e0de4b-4953-4590-8580-73f642faba75', '1e42d86e-02c5-4993-bb43-ab39953a0ec9', 'Chủ hộ', true, '2024-12-22', NULL, '2025-12-22 22:57:01.898515+07', '2025-12-22 22:57:01.898515+07', NULL);
INSERT INTO data.household_members VALUES ('e274768f-2d0d-4b2b-8e9a-bd2b730cb1e5', 'c3e0de4b-4953-4590-8580-73f642faba75', '319d6a2f-1443-4f30-b113-5c3e19918f74', 'Vợ', false, '2024-12-22', NULL, '2025-12-22 22:57:01.898515+07', '2025-12-22 22:57:01.898515+07', NULL);
INSERT INTO data.household_members VALUES ('37aed560-4e69-42e7-9622-892e73a69215', '06563024-fda5-4a67-97c3-361b4a29f58c', 'b6a5d0bc-1bae-45cd-bf17-ec54d244ea63', 'Chủ hộ', true, '2025-06-22', NULL, '2025-12-22 22:57:01.898515+07', '2025-12-22 22:57:01.898515+07', NULL);
INSERT INTO data.household_members VALUES ('68b4fca3-32e0-4621-9912-c035dc69ef2a', '06563024-fda5-4a67-97c3-361b4a29f58c', 'a73f0fbf-3b8f-4a37-8562-c040f008f978', 'Vợ', false, '2025-06-22', NULL, '2025-12-22 22:57:01.898515+07', '2025-12-22 22:57:01.898515+07', NULL);
INSERT INTO data.household_members VALUES ('83e13443-bbfc-45c4-8680-742a7262a78e', 'da8414ce-b779-4105-b580-9f0f6ea2f86f', 'e7b3afc5-bd19-475b-8e32-d9ac1e99a844', 'Chủ hộ', true, '2025-09-22', NULL, '2025-12-22 22:57:01.898515+07', '2025-12-22 22:57:01.898515+07', NULL);
INSERT INTO data.household_members VALUES ('ee2084a1-fad1-43d5-a718-0902be5727ad', 'da8414ce-b779-4105-b580-9f0f6ea2f86f', '9e2f5fad-5902-4524-a729-a65199389e46', 'Vợ', false, '2025-09-22', NULL, '2025-12-22 22:57:01.898515+07', '2025-12-22 22:57:01.898515+07', NULL);
INSERT INTO data.household_members VALUES ('98a677c8-f220-441f-8c0b-0ac0a0f7bf3c', '2405b5cd-ef0c-47c9-9cc1-b4b5c35110e1', '88c7ef89-fd27-4451-9a71-3d84d8d295ef', 'Chủ hộ', true, '2025-11-22', NULL, '2025-12-22 22:57:01.898515+07', '2025-12-22 22:57:01.898515+07', NULL);
INSERT INTO data.household_members VALUES ('7f265394-5a33-4cbc-b47f-5729d5490b49', '2405b5cd-ef0c-47c9-9cc1-b4b5c35110e1', '81ffd291-0af1-48e5-9085-e9da9691d0b6', 'Vợ', false, '2025-11-22', NULL, '2025-12-22 22:57:01.898515+07', '2025-12-22 22:57:01.898515+07', NULL);
INSERT INTO data.household_members VALUES ('b0511801-fafd-4ec8-910b-d027a3c2c1f5', 'e3bb4d92-f12f-442b-83e7-458267168716', 'c8f9975c-17db-42e8-a61a-a15fadc3ce00', 'Chủ hộ', true, '2023-12-22', NULL, '2025-12-22 22:57:01.898515+07', '2025-12-22 22:57:01.898515+07', NULL);
INSERT INTO data.household_members VALUES ('34f06dbd-c4c3-4068-96d6-50c5b0db40df', 'e3bb4d92-f12f-442b-83e7-458267168716', '56ea0aa4-6efe-4290-9d52-5e5f54a6bdd5', 'Vợ', false, '2023-12-22', NULL, '2025-12-22 22:57:01.898515+07', '2025-12-22 22:57:01.898515+07', NULL);
INSERT INTO data.household_members VALUES ('baa2ff92-cd02-41b0-9fc2-759ec4d24cfc', 'b7cbc111-dbd7-4963-b88b-a036e60913c8', '621d1bf0-9a99-46cf-9fb1-e02ed4d33a5e', 'Chủ hộ', true, '2025-06-22', NULL, '2025-12-22 22:57:01.898515+07', '2025-12-22 22:57:01.898515+07', NULL);
INSERT INTO data.household_members VALUES ('01ea5466-2bbf-4b02-8e4a-ccd23a6d11d1', 'b7cbc111-dbd7-4963-b88b-a036e60913c8', 'a4d1751a-227e-49fe-b20b-d22bdce89038', 'Vợ', false, '2025-06-22', NULL, '2025-12-22 22:57:01.898515+07', '2025-12-22 22:57:01.898515+07', NULL);
INSERT INTO data.household_members VALUES ('0afda0dc-6934-4a7d-b6b0-e570cf21eb9b', '3b64a5cf-7341-4aca-ae36-60f0eb5a1ef9', 'fc95023e-8be2-421f-ae45-cd0ccd93a4cc', 'Chủ hộ', true, '2025-09-22', NULL, '2025-12-22 22:57:01.898515+07', '2025-12-22 22:57:01.898515+07', NULL);
INSERT INTO data.household_members VALUES ('69af5d8b-c69d-4b22-b2d5-01e9721e04cb', '3b64a5cf-7341-4aca-ae36-60f0eb5a1ef9', 'e0378c72-b3fa-4e95-a160-a228d4130a6d', 'Vợ', false, '2025-09-22', NULL, '2025-12-22 22:57:01.898515+07', '2025-12-22 22:57:01.898515+07', NULL);
INSERT INTO data.household_members VALUES ('06f5ff22-243f-4edf-95a7-d34a8b463344', '2f379d01-e14a-42f8-85f9-46d19ed7ba5d', '21ebb321-0155-4410-a133-25227086ddac', 'Chủ hộ', true, '2025-11-22', NULL, '2025-12-22 22:57:01.898515+07', '2025-12-22 22:57:01.898515+07', NULL);
INSERT INTO data.household_members VALUES ('e9f1305b-6419-494b-9b7a-570114c486d5', '2f379d01-e14a-42f8-85f9-46d19ed7ba5d', '28a11659-d623-4e33-ade4-8b57c19a50fc', 'Vợ', false, '2025-11-22', NULL, '2025-12-22 22:57:01.898515+07', '2025-12-22 22:57:01.898515+07', NULL);
INSERT INTO data.household_members VALUES ('821418f9-be25-407e-918d-5233b723f3e1', '46c548af-1a40-4aff-a4f5-0ef22264a996', 'bec20cd5-5e78-4cd6-a25e-04549a971789', 'Chủ hộ', true, '2023-12-22', NULL, '2025-12-22 22:57:01.898515+07', '2025-12-22 22:57:01.898515+07', NULL);
INSERT INTO data.household_members VALUES ('1805ef1f-03b3-47f7-88aa-ba1497dbfabb', '46c548af-1a40-4aff-a4f5-0ef22264a996', '4124db77-b85d-4cdf-af97-d13f3bd9157b', 'Vợ', false, '2023-12-22', NULL, '2025-12-22 22:57:01.898515+07', '2025-12-22 22:57:01.898515+07', NULL);
INSERT INTO data.household_members VALUES ('bb384e5c-e5bc-42b6-9685-8d3cf643002c', 'ab327ba0-2b81-49f4-879a-b0135f47c450', '08d95d96-b08a-4c38-b121-7344e78fdebd', 'Chủ hộ', true, '2024-12-22', NULL, '2025-12-22 22:57:01.898515+07', '2025-12-22 22:57:01.898515+07', NULL);
INSERT INTO data.household_members VALUES ('31e38a94-bf59-4049-9e19-7284e04161bd', 'ab327ba0-2b81-49f4-879a-b0135f47c450', '8e663935-3c90-42f8-8409-31cb70309ded', 'Vợ', false, '2024-12-22', NULL, '2025-12-22 22:57:01.898515+07', '2025-12-22 22:57:01.898515+07', NULL);
INSERT INTO data.household_members VALUES ('f09e21e7-78bd-4cc6-8956-8cc66f5db04f', '63c0b57a-6795-4d31-b5d6-9b4a8592e13c', '641a3119-77f3-4a11-bcf4-7164e59fcda4', 'Chủ hộ', true, '2025-06-22', NULL, '2025-12-22 22:57:01.898515+07', '2025-12-22 22:57:01.898515+07', NULL);
INSERT INTO data.household_members VALUES ('e2dc0dc0-023c-41f6-959e-1f35d1eca33f', '63c0b57a-6795-4d31-b5d6-9b4a8592e13c', '13a81f8b-2e79-4294-bc25-8897aaf8cf56', 'Vợ', false, '2025-06-22', NULL, '2025-12-22 22:57:01.898515+07', '2025-12-22 22:57:01.898515+07', NULL);
INSERT INTO data.household_members VALUES ('a556ec69-9165-444e-8c29-01a27bcc5877', '72b2117b-56ac-43f1-b06c-4d180196e4e4', 'b159ddcf-85d4-4ff2-a828-57cdaab9f719', 'Chủ hộ', true, '2025-09-22', NULL, '2025-12-22 22:57:01.898515+07', '2025-12-22 22:57:01.898515+07', NULL);
INSERT INTO data.household_members VALUES ('3b7e9df5-a1d7-4d09-a838-d1d71450647b', '72b2117b-56ac-43f1-b06c-4d180196e4e4', '8cdb00f1-bab3-447f-9e90-06fa703daabb', 'Vợ', false, '2025-09-22', NULL, '2025-12-22 22:57:01.898515+07', '2025-12-22 22:57:01.898515+07', NULL);
INSERT INTO data.household_members VALUES ('9e034e90-b0e5-446d-999d-8138f302534c', '12cdd9ca-28df-49ae-8659-2cf6db3ef496', 'aee46036-352e-4721-8f77-852698221c80', 'Chủ hộ', true, '2025-11-22', NULL, '2025-12-22 22:57:01.898515+07', '2025-12-22 22:57:01.898515+07', NULL);
INSERT INTO data.household_members VALUES ('71d02e5b-0647-4a60-b3a9-d33838f6990a', '12cdd9ca-28df-49ae-8659-2cf6db3ef496', 'c358662c-f937-41ba-b5bc-def3b8374239', 'Vợ', false, '2025-11-22', NULL, '2025-12-22 22:57:01.898515+07', '2025-12-22 22:57:01.898515+07', NULL);
INSERT INTO data.household_members VALUES ('c55bf634-3aef-484b-a042-228baea74a31', '9d261e84-c201-4db4-af20-24d021a40262', 'fa8be3b2-2f76-4392-a936-b08c4644da5d', 'Chủ hộ', true, '2023-12-22', NULL, '2025-12-22 22:57:01.898515+07', '2025-12-22 22:57:01.898515+07', NULL);
INSERT INTO data.household_members VALUES ('a9cf23c5-4fb7-40f2-bb05-3f541a96b12f', '9d261e84-c201-4db4-af20-24d021a40262', 'cced06b6-acbf-4d98-92a6-e9ec9339269a', 'Vợ', false, '2023-12-22', NULL, '2025-12-22 22:57:01.898515+07', '2025-12-22 22:57:01.898515+07', NULL);
INSERT INTO data.household_members VALUES ('a5dcc829-d746-4d5e-91a8-a0b873b5572d', '9ce796ee-20d9-4569-a3bb-ae6d7e1e1d82', 'df16734a-36f3-4920-a4f9-5238038b66a3', 'Chủ hộ', true, '2024-12-22', NULL, '2025-12-22 22:57:01.898515+07', '2025-12-22 22:57:01.898515+07', NULL);
INSERT INTO data.household_members VALUES ('2ae89900-72bb-4e98-aa3c-667704a548ce', '9ce796ee-20d9-4569-a3bb-ae6d7e1e1d82', '13f959a5-cd06-4af3-88f8-ea3a9de5fd5c', 'Vợ', false, '2024-12-22', NULL, '2025-12-22 22:57:01.898515+07', '2025-12-22 22:57:01.898515+07', NULL);
INSERT INTO data.household_members VALUES ('ff400e8c-976f-48c4-b749-4bbb5da1e4a9', '3ec07e4a-f267-4580-b914-2903ce3612dc', '31e6413e-b1cb-4abc-83be-6a1124d9a90a', 'Chủ hộ', true, '2025-06-22', NULL, '2025-12-22 22:57:01.898515+07', '2025-12-22 22:57:01.898515+07', NULL);
INSERT INTO data.household_members VALUES ('5c52b4a7-19c4-4f97-ae39-deeb88f610be', '3ec07e4a-f267-4580-b914-2903ce3612dc', 'f327206f-7190-4f6b-87de-b347aef5700b', 'Vợ', false, '2025-06-22', NULL, '2025-12-22 22:57:01.898515+07', '2025-12-22 22:57:01.898515+07', NULL);
INSERT INTO data.household_members VALUES ('444f7f44-8b0d-4ef7-947f-852026184ec3', '9f7280bf-08ed-46df-aaf9-07913143b70a', 'a0833ccc-a537-4997-9b3b-4b6f09f52f91', 'Chủ hộ', true, '2025-09-22', NULL, '2025-12-22 22:57:01.898515+07', '2025-12-22 22:57:01.898515+07', NULL);
INSERT INTO data.household_members VALUES ('0e17b2e8-f277-46b1-b965-8c2dc4ee0860', '9f7280bf-08ed-46df-aaf9-07913143b70a', '2d21a4c0-2f1f-48f5-a3a7-3edb54948302', 'Vợ', false, '2025-09-22', NULL, '2025-12-22 22:57:01.898515+07', '2025-12-22 22:57:01.898515+07', NULL);
INSERT INTO data.household_members VALUES ('0e3f9982-92bb-40d8-8a8c-24916d7f0bba', 'c4788a1f-95e9-4abc-b3ef-d5f9d595a090', '070534c8-f559-47f1-9942-611591cc5310', 'Chủ hộ', true, '2025-11-22', NULL, '2025-12-22 22:57:01.898515+07', '2025-12-22 22:57:01.898515+07', NULL);
INSERT INTO data.household_members VALUES ('740f5dc5-3c0d-4e13-8d43-cac06ebed626', 'c4788a1f-95e9-4abc-b3ef-d5f9d595a090', '5db02410-17b2-4b29-a53d-fe2a11fc7a0b', 'Vợ', false, '2025-11-22', NULL, '2025-12-22 22:57:01.898515+07', '2025-12-22 22:57:01.898515+07', NULL);
INSERT INTO data.household_members VALUES ('4fcca156-7e1c-4884-afe8-15682250ac27', 'a668b1ac-661d-486f-8496-321bf87c1f70', 'bec20cd5-5e78-4cd6-a25e-04549a971789', 'Chủ hộ', true, '2025-06-22', '2026-01-01', '2025-12-22 23:03:23.0017+07', '2025-12-22 23:06:54.542151+07', NULL);
INSERT INTO data.household_members VALUES ('20bb5462-b648-4a74-ac2e-1bc8e663ff7a', 'a668b1ac-661d-486f-8496-321bf87c1f70', '08d95d96-b08a-4c38-b121-7344e78fdebd', 'Vợ', false, '2025-06-22', '2026-01-01', '2025-12-22 23:03:23.0017+07', '2025-12-22 23:06:54.542151+07', NULL);
INSERT INTO data.household_members VALUES ('f3f3cb8f-e3da-46fd-8e91-e6816c5e99c1', 'edce7551-0a28-4758-881a-68f7db23e463', '641a3119-77f3-4a11-bcf4-7164e59fcda4', 'Chủ hộ', true, '2024-12-22', '2025-06-21', '2025-12-22 23:03:23.0017+07', '2025-12-22 23:06:54.542151+07', NULL);


INSERT INTO data.households VALUES ('bdb023ea-d070-4167-acdf-89a51a7f04a8', 'ecbbd449-1c71-4699-9eb8-e6495d5a7765', 'OWNER', 'cb76570a-38ef-4c49-9438-9578df93d456', '2023-12-22', NULL, DEFAULT, '2025-12-22 22:57:01.898515+07', '2025-12-22 22:57:01.898515+07', NULL);
INSERT INTO data.households VALUES ('c3e0de4b-4953-4590-8580-73f642faba75', 'aa58685c-36ef-462e-9754-a118067b9c87', 'OWNER', '1e42d86e-02c5-4993-bb43-ab39953a0ec9', '2024-12-22', NULL, DEFAULT, '2025-12-22 22:57:01.898515+07', '2025-12-22 22:57:01.898515+07', NULL);
INSERT INTO data.households VALUES ('06563024-fda5-4a67-97c3-361b4a29f58c', '032db618-2858-4eb5-9c40-507bc823c231', 'OWNER', 'b6a5d0bc-1bae-45cd-bf17-ec54d244ea63', '2025-06-22', NULL, DEFAULT, '2025-12-22 22:57:01.898515+07', '2025-12-22 22:57:01.898515+07', NULL);
INSERT INTO data.households VALUES ('da8414ce-b779-4105-b580-9f0f6ea2f86f', 'b3dc8433-6cc3-4769-8672-3363de9cdcd6', 'OWNER', 'e7b3afc5-bd19-475b-8e32-d9ac1e99a844', '2025-09-22', NULL, DEFAULT, '2025-12-22 22:57:01.898515+07', '2025-12-22 22:57:01.898515+07', NULL);
INSERT INTO data.households VALUES ('2405b5cd-ef0c-47c9-9cc1-b4b5c35110e1', 'b12f7f1f-05b5-4a38-8342-df97583b3b6d', 'OWNER', '88c7ef89-fd27-4451-9a71-3d84d8d295ef', '2025-11-22', NULL, DEFAULT, '2025-12-22 22:57:01.898515+07', '2025-12-22 22:57:01.898515+07', NULL);
INSERT INTO data.households VALUES ('e3bb4d92-f12f-442b-83e7-458267168716', 'c9ec5d87-4086-43d0-a97c-0a285f7160de', 'OWNER', 'c8f9975c-17db-42e8-a61a-a15fadc3ce00', '2023-12-22', NULL, DEFAULT, '2025-12-22 22:57:01.898515+07', '2025-12-22 22:57:01.898515+07', NULL);
INSERT INTO data.households VALUES ('b7cbc111-dbd7-4963-b88b-a036e60913c8', 'eb49affe-e1ea-4a55-a2fa-3677353ebf2e', 'OWNER', '621d1bf0-9a99-46cf-9fb1-e02ed4d33a5e', '2025-06-22', NULL, DEFAULT, '2025-12-22 22:57:01.898515+07', '2025-12-22 22:57:01.898515+07', NULL);
INSERT INTO data.households VALUES ('3b64a5cf-7341-4aca-ae36-60f0eb5a1ef9', 'cdbeded4-e307-422b-88c8-537492320179', 'OWNER', 'fc95023e-8be2-421f-ae45-cd0ccd93a4cc', '2025-09-22', NULL, DEFAULT, '2025-12-22 22:57:01.898515+07', '2025-12-22 22:57:01.898515+07', NULL);
INSERT INTO data.households VALUES ('2f379d01-e14a-42f8-85f9-46d19ed7ba5d', 'e647a2ec-8c60-4132-8f2f-6efffb074d1c', 'OWNER', '21ebb321-0155-4410-a133-25227086ddac', '2025-11-22', NULL, DEFAULT, '2025-12-22 22:57:01.898515+07', '2025-12-22 22:57:01.898515+07', NULL);
INSERT INTO data.households VALUES ('46c548af-1a40-4aff-a4f5-0ef22264a996', 'f647beb3-367b-4e3b-bbb1-490669f5e84d', 'OWNER', 'bec20cd5-5e78-4cd6-a25e-04549a971789', '2023-12-22', NULL, DEFAULT, '2025-12-22 22:57:01.898515+07', '2025-12-22 22:57:01.898515+07', NULL);
INSERT INTO data.households VALUES ('ab327ba0-2b81-49f4-879a-b0135f47c450', '95f001b2-32b3-49b1-a9f8-281e0716b67a', 'OWNER', '08d95d96-b08a-4c38-b121-7344e78fdebd', '2024-12-22', NULL, DEFAULT, '2025-12-22 22:57:01.898515+07', '2025-12-22 22:57:01.898515+07', NULL);
INSERT INTO data.households VALUES ('63c0b57a-6795-4d31-b5d6-9b4a8592e13c', 'b7da7e27-dc7c-4cb7-8872-b44a98a2e595', 'OWNER', '641a3119-77f3-4a11-bcf4-7164e59fcda4', '2025-06-22', NULL, DEFAULT, '2025-12-22 22:57:01.898515+07', '2025-12-22 22:57:01.898515+07', NULL);
INSERT INTO data.households VALUES ('72b2117b-56ac-43f1-b06c-4d180196e4e4', '881ee741-8da4-4e39-bc7d-66bf2400084e', 'OWNER', 'b159ddcf-85d4-4ff2-a828-57cdaab9f719', '2025-09-22', NULL, DEFAULT, '2025-12-22 22:57:01.898515+07', '2025-12-22 22:57:01.898515+07', NULL);
INSERT INTO data.households VALUES ('12cdd9ca-28df-49ae-8659-2cf6db3ef496', 'b59095dc-cb7f-4dd1-8c17-6d7396bd758c', 'OWNER', 'aee46036-352e-4721-8f77-852698221c80', '2025-11-22', NULL, DEFAULT, '2025-12-22 22:57:01.898515+07', '2025-12-22 22:57:01.898515+07', NULL);
INSERT INTO data.households VALUES ('9d261e84-c201-4db4-af20-24d021a40262', '782716a3-1a44-4970-adbf-bdf69e6f675c', 'OWNER', 'fa8be3b2-2f76-4392-a936-b08c4644da5d', '2023-12-22', NULL, DEFAULT, '2025-12-22 22:57:01.898515+07', '2025-12-22 22:57:01.898515+07', NULL);
INSERT INTO data.households VALUES ('9ce796ee-20d9-4569-a3bb-ae6d7e1e1d82', '741acf8d-b496-4f4f-bacf-e90b727d5a63', 'OWNER', 'df16734a-36f3-4920-a4f9-5238038b66a3', '2024-12-22', NULL, DEFAULT, '2025-12-22 22:57:01.898515+07', '2025-12-22 22:57:01.898515+07', NULL);
INSERT INTO data.households VALUES ('3ec07e4a-f267-4580-b914-2903ce3612dc', '044149e5-6707-4912-b369-8cab5fc990e3', 'OWNER', '31e6413e-b1cb-4abc-83be-6a1124d9a90a', '2025-06-22', NULL, DEFAULT, '2025-12-22 22:57:01.898515+07', '2025-12-22 22:57:01.898515+07', NULL);
INSERT INTO data.households VALUES ('9f7280bf-08ed-46df-aaf9-07913143b70a', 'c258dc39-767a-4ebf-a162-48cdc2f4dfcd', 'OWNER', 'a0833ccc-a537-4997-9b3b-4b6f09f52f91', '2025-09-22', NULL, DEFAULT, '2025-12-22 22:57:01.898515+07', '2025-12-22 22:57:01.898515+07', NULL);
INSERT INTO data.households VALUES ('c4788a1f-95e9-4abc-b3ef-d5f9d595a090', 'e2c3b408-dc6c-41e1-83c5-476b29966adb', 'OWNER', '070534c8-f559-47f1-9942-611591cc5310', '2025-11-22', NULL, DEFAULT, '2025-12-22 22:57:01.898515+07', '2025-12-22 22:57:01.898515+07', NULL);
INSERT INTO data.households VALUES ('a668b1ac-661d-486f-8496-321bf87c1f70', '032db618-2858-4eb5-9c40-507bc823c231', 'TENANT', 'bec20cd5-5e78-4cd6-a25e-04549a971789', '2025-06-22', '2026-01-01', DEFAULT, '2025-12-22 23:03:23.0017+07', '2025-12-22 23:06:54.542151+07', '87b57b82-e555-4b9a-9b32-fc20297f4a01');
INSERT INTO data.households VALUES ('edce7551-0a28-4758-881a-68f7db23e463', '032db618-2858-4eb5-9c40-507bc823c231', 'TENANT', '641a3119-77f3-4a11-bcf4-7164e59fcda4', '2024-12-22', '2025-06-21', DEFAULT, '2025-12-22 23:03:23.0017+07', '2025-12-22 23:06:54.542151+07', '29f46352-1ce1-4b95-822b-81363442cffe');
 
INSERT INTO data.meter_reading_assignments VALUES ('2ce79992-9346-4a71-a595-d046b6d2f0e3', '64c49731-382c-4cfd-89ca-2e39f8a9d22e', 'dc7f86b1-d05c-4184-bb08-689e79dddf68', 'b0959e08-35f1-4b12-8fb0-20bb3692d132', '11111111-1111-1111-1111-111111111111', 'c10e8400-e29b-41d4-a716-446655440100', '2025-12-22 22:25:50.753114+07', '2025-12-22 22:26:32.879288+07', NULL, '2025-12-22 22:25:50.754113+07', '2025-12-22 22:26:32.880388+07', '2025-12-01', '2025-12-15', NULL, 'COMPLETED', '{52dae26c-a8f3-42dd-9fd0-a95a4fa54d68,b002a5c7-d0f6-410d-898e-1f6fec15afdd,f15d93c0-5aad-44df-b1ee-8495b7dca740,87ea51de-17b3-4818-87bb-e1c2c224da41}', NULL);
INSERT INTO data.meter_reading_assignments VALUES ('d045db31-f179-461e-8f88-f77f2ed88988', '64c49731-382c-4cfd-89ca-2e39f8a9d22e', '1bcfd76a-83c7-467a-ae00-e164dfdceb82', 'b0959e08-35f1-4b12-8fb0-20bb3692d132', '11111111-1111-1111-1111-111111111111', 'c10e8400-e29b-41d4-a716-446655440100', '2025-12-22 22:25:50.917905+07', '2025-12-22 22:26:34.649391+07', NULL, '2025-12-22 22:25:50.917905+07', '2025-12-22 22:26:34.650443+07', '2025-12-01', '2025-12-15', NULL, 'COMPLETED', '{8ad3336b-b328-4abf-ac04-324bf06180f8,f2e097c9-5971-429e-a85a-169b30c9b4dd,9e50a3d1-6f32-44d4-ab90-149fac8b3f4b,ba1f291c-1220-4c80-bf55-7d29fe2531b7}', NULL);
INSERT INTO data.meter_reading_assignments VALUES ('6f3a1880-c937-4a11-a310-735a5b3c6a88', '64c49731-382c-4cfd-89ca-2e39f8a9d22e', '7c050951-978b-4017-b74c-8eb7e4c45648', 'b0959e08-35f1-4b12-8fb0-20bb3692d132', '11111111-1111-1111-1111-111111111111', 'c10e8400-e29b-41d4-a716-446655440100', '2025-12-22 22:25:50.844243+07', '2025-12-22 22:26:35.664433+07', NULL, '2025-12-22 22:25:50.844242+07', '2025-12-22 22:26:35.665432+07', '2025-12-01', '2025-12-15', NULL, 'COMPLETED', '{b1d6e80e-7424-4da8-8ae5-44e54d61d39c,ae472cf7-a075-4318-92e8-e7591cd0c4d4,7b0323f0-beca-426e-989b-2a84e32bb44c,8bbcf0dc-f61a-469a-bec1-84acf35a4b0b,11e48583-a73b-464f-b6bd-5672a421cdff}', NULL);
INSERT INTO data.meter_reading_assignments VALUES ('ac608661-7c53-4ff8-a5b6-f47ee0a520c5', '64c49731-382c-4cfd-89ca-2e39f8a9d22e', '5eb04d1d-5b92-4940-ae2f-4759968432a5', 'b0959e08-35f1-4b12-8fb0-20bb3692d132', '11111111-1111-1111-1111-111111111111', 'c10e8400-e29b-41d4-a716-446655440100', '2025-12-22 22:25:51.066394+07', '2025-12-22 22:26:36.950609+07', NULL, '2025-12-22 22:25:51.066393+07', '2025-12-22 22:26:36.951636+07', '2025-12-01', '2025-12-15', NULL, 'COMPLETED', '{008999aa-0c47-45c6-adf1-7b7c4b535b6d,e52c2833-bdd6-4cf9-8e86-4bcc7858ca08,572efe67-2968-46c0-acfe-1b6c93e9962b,f897eb9b-534b-45c6-90d0-655d3a0a1319,f1e3db20-7395-4888-ba5c-95da267ba942}', NULL);
INSERT INTO data.meter_reading_assignments VALUES ('39664633-5128-4d02-b395-a8305a3300a3', '64c49731-382c-4cfd-89ca-2e39f8a9d22e', '4a4903f4-cc30-4de0-bb93-6dfe737d0469', 'b0959e08-35f1-4b12-8fb0-20bb3692d132', '11111111-1111-1111-1111-111111111111', 'c10e8400-e29b-41d4-a716-446655440100', '2025-12-22 22:25:50.991281+07', '2025-12-22 22:26:37.99808+07', NULL, '2025-12-22 22:25:50.99128+07', '2025-12-22 22:26:37.999115+07', '2025-12-01', '2025-12-15', NULL, 'COMPLETED', '{e2318a62-c25e-4a00-b92c-46d66cf38f2c,fec44cf5-2fc2-4534-9e48-fcdd17d74444,035c3030-4ca4-49b5-ad21-a18956005a65,c660f0ca-41da-455e-9856-8e72f87413f4,147ec661-eddf-46f7-9bc9-d5ec0d8750b1}', NULL);
INSERT INTO data.meter_reading_assignments VALUES ('c04c17cd-b4c2-4abf-9da5-4cb4fb1e1234', '64c49731-382c-4cfd-89ca-2e39f8a9d22e', 'be1daa6e-f3a8-4087-85c6-802e25f79c66', 'b0959e08-35f1-4b12-8fb0-20bb3692d132', '11111111-1111-1111-1111-111111111111', 'c10e8400-e29b-41d4-a716-446655440100', '2025-12-22 22:25:51.158477+07', '2025-12-22 22:26:39.28352+07', NULL, '2025-12-22 22:25:51.159986+07', '2025-12-22 22:26:39.284648+07', '2025-12-01', '2025-12-15', NULL, 'COMPLETED', '{1c41b9bb-e8d8-41d8-822e-c0e609e4e215,6e28d2fd-9967-4ebf-9804-510ad0e97f3b}', NULL);
INSERT INTO data.meter_reading_assignments VALUES ('4e1bd1a9-536f-4462-8cd7-616594d44ae4', '8bc41b78-4d69-4fb0-942c-e724b99ad565', '7c050951-978b-4017-b74c-8eb7e4c45648', 'b0959e08-35f1-4b12-8fb0-20bb3692d132', '11111111-1111-1111-1111-111111111111', '11111111-1111-1111-1111-111111111111', '2025-12-22 22:27:13.619868+07', NULL, NULL, '2025-12-22 22:27:13.619868+07', '2025-12-22 22:27:13.619868+07', '2025-12-01', '2025-12-15', NULL, 'OVERDUE', '{8bbcf0dc-f61a-469a-bec1-84acf35a4b0b}', NULL);
 
INSERT INTO data.project_info VALUES ('18a87885-82ab-4300-a1b6-209ab9a51602', 'QHome Project', 'QHOME', NULL, NULL, NULL, 'Single residential management project', '2025-10-29 17:39:16.273745+07', '2025-10-29 17:39:16.273745+07');
 
INSERT INTO data.reading_cycles VALUES ('8bc41b78-4d69-4fb0-942c-e724b99ad565', '2025-12', '2025-12-01', '2025-12-15', 'OPEN', 'Auto-generated cycle for 2025-12 (reading period: 1-15)', NULL, '2025-12-22 22:23:57.132279+07', '2025-12-22 22:23:57.132279+07', '789a9b63-6bba-4746-8121-55de5d237dc6');
INSERT INTO data.reading_cycles VALUES ('f4761f1f-3cdd-45cd-bff8-701890233ef3', '2026-01', '2026-01-01', '2026-01-15', 'OPEN', 'Auto-generated cycle for 2026-01 (reading period: 1-15)', NULL, '2025-12-22 22:23:57.145309+07', '2025-12-22 22:23:57.145309+07', '789a9b63-6bba-4746-8121-55de5d237dc6');
INSERT INTO data.reading_cycles VALUES ('055a0b61-da03-417f-8a10-d951753bde2d', '2026-01', '2026-01-01', '2026-01-15', 'OPEN', 'Auto-generated cycle for 2026-01 (reading period: 1-15)', NULL, '2025-12-22 22:23:57.675253+07', '2025-12-22 22:23:57.675253+07', 'b0959e08-35f1-4b12-8fb0-20bb3692d132');
INSERT INTO data.reading_cycles VALUES ('64c49731-382c-4cfd-89ca-2e39f8a9d22e', '2025-12', '2025-12-01', '2025-12-15', 'COMPLETED', 'Auto-generated cycle for 2025-12 (reading period: 1-15)', NULL, '2025-12-22 22:23:57.671935+07', '2025-12-22 22:26:45.834411+07', 'b0959e08-35f1-4b12-8fb0-20bb3692d132');
 
INSERT INTO data.residents VALUES ('cb76570a-38ef-4c49-9438-9578df93d456', 'Trần Văn C01', '0901000001', 'tranvanc01@example.com', '001001000001', '1985-01-15', 'ACTIVE', '2025-12-22 22:52:48.133593+07', '2025-12-22 22:57:01.898515+07', '1344504a-4d44-4864-aac9-82610f8a469a');
INSERT INTO data.residents VALUES ('51fc04c2-1f32-45d8-97ca-fd0d386e0286', 'Trần Thị C01', '0901000006', 'tranthic01@example.com', '001001000006', '1987-03-20', 'ACTIVE', '2025-12-22 22:52:48.133593+07', '2025-12-22 22:57:01.898515+07', 'bc718fdc-bc9b-42be-a1e8-5ce8b394ca40');
INSERT INTO data.residents VALUES ('1e42d86e-02c5-4993-bb43-ab39953a0ec9', 'Lê Thị C02', '0901000002', 'lethic02@example.com', '001001000002', '1990-03-20', 'ACTIVE', '2025-12-22 22:52:48.133593+07', '2025-12-22 22:57:01.898515+07', 'b81a6193-a6d9-494a-8f8c-64249329904c');
INSERT INTO data.residents VALUES ('319d6a2f-1443-4f30-b113-5c3e19918f74', 'Lê Văn C02', '0901000007', 'levanc02@example.com', '001001000007', '1992-05-15', 'ACTIVE', '2025-12-22 22:52:48.133593+07', '2025-12-22 22:57:01.898515+07', '2ed605e7-9157-42d5-ab18-ec094d5acf77');
INSERT INTO data.residents VALUES ('b6a5d0bc-1bae-45cd-bf17-ec54d244ea63', 'Phạm Văn C03', '0901000003', 'phamvanc03@example.com', '001001000003', '1988-05-10', 'ACTIVE', '2025-12-22 22:57:01.898515+07', '2025-12-22 22:57:01.898515+07', '671dc302-7a93-42b5-9687-f42ba689df51');
INSERT INTO data.residents VALUES ('a73f0fbf-3b8f-4a37-8562-c040f008f978', 'Phạm Thị C03', '0901000008', 'phamthic03@example.com', '001001000008', '1990-07-05', 'ACTIVE', '2025-12-22 22:57:01.898515+07', '2025-12-22 22:57:01.898515+07', '7d0995c9-d4c6-4d9e-833d-35f11c8a483c');
INSERT INTO data.residents VALUES ('e7b3afc5-bd19-475b-8e32-d9ac1e99a844', 'Hoàng Thị C04', '0901000004', 'hoangthic04@example.com', '001001000004', '1992-07-25', 'ACTIVE', '2025-12-22 22:57:01.898515+07', '2025-12-22 22:57:01.898515+07', 'ec8d7802-e711-4182-a0d6-77406fd506d1');
INSERT INTO data.residents VALUES ('9e2f5fad-5902-4524-a729-a65199389e46', 'Hoàng Văn C04', '0901000009', 'hoangvanc04@example.com', '001001000009', '1994-09-10', 'ACTIVE', '2025-12-22 22:57:01.898515+07', '2025-12-22 22:57:01.898515+07', '97f61ece-44cc-45a2-bafd-b9fe3c9ea7f2');
INSERT INTO data.residents VALUES ('88c7ef89-fd27-4451-9a71-3d84d8d295ef', 'Vũ Văn C05', '0901000005', 'vuvanc05@example.com', '001001000005', '1987-09-30', 'ACTIVE', '2025-12-22 22:57:01.898515+07', '2025-12-22 22:57:01.898515+07', NULL);
INSERT INTO data.residents VALUES ('81ffd291-0af1-48e5-9085-e9da9691d0b6', 'Vũ Thị C05', '0901000010', 'vuthic05@example.com', '001001000010', '1989-11-15', 'ACTIVE', '2025-12-22 22:57:01.898515+07', '2025-12-22 22:57:01.898515+07', '5015762a-3f0c-42b8-8e1d-43e5644d5fe5');
INSERT INTO data.residents VALUES ('c8f9975c-17db-42e8-a61a-a15fadc3ce00', 'Đặng Văn D01', '0902000001', 'dangvand01@example.com', '001002000001', '1986-02-14', 'ACTIVE', '2025-12-22 22:52:48.133593+07', '2025-12-22 22:57:01.898515+07', NULL);
INSERT INTO data.residents VALUES ('56ea0aa4-6efe-4290-9d52-5e5f54a6bdd5', 'Đặng Thị D01', '0902000006', 'dangthid01@example.com', '001002000006', '1988-04-10', 'ACTIVE', '2025-12-22 22:52:48.133593+07', '2025-12-22 22:57:01.898515+07', '456eb303-e30f-4d8f-80bb-86ba6886b71b');
INSERT INTO data.residents VALUES ('621d1bf0-9a99-46cf-9fb1-e02ed4d33a5e', 'Ngô Văn D03', '0902000003', 'ngovand03@example.com', '001002000003', '1989-06-22', 'ACTIVE', '2025-12-22 22:57:01.898515+07', '2025-12-22 22:57:01.898515+07', NULL);
INSERT INTO data.residents VALUES ('a4d1751a-227e-49fe-b20b-d22bdce89038', 'Ngô Thị D03', '0902000008', 'ngothid03@example.com', '001002000008', '1991-08-15', 'ACTIVE', '2025-12-22 22:57:01.898515+07', '2025-12-22 22:57:01.898515+07', '6ebb0dea-0543-4853-bb5a-d72e78ab66c3');
INSERT INTO data.residents VALUES ('fc95023e-8be2-421f-ae45-cd0ccd93a4cc', 'Đỗ Thị D04', '0902000004', 'dothid04@example.com', '001002000004', '1993-08-12', 'ACTIVE', '2025-12-22 22:57:01.898515+07', '2025-12-22 22:57:01.898515+07', NULL);
INSERT INTO data.residents VALUES ('e0378c72-b3fa-4e95-a160-a228d4130a6d', 'Đỗ Văn D04', '0902000009', 'dovand04@example.com', '001002000009', '1995-10-05', 'ACTIVE', '2025-12-22 22:57:01.898515+07', '2025-12-22 22:57:01.898515+07', 'b67b5297-dcb4-48b8-9998-8b2947d6642d');
INSERT INTO data.residents VALUES ('21ebb321-0155-4410-a133-25227086ddac', 'Lý Văn D05', '0902000005', 'lyvand05@example.com', '001002000005', '1988-10-25', 'ACTIVE', '2025-12-22 22:57:01.898515+07', '2025-12-22 22:57:01.898515+07', NULL);
INSERT INTO data.residents VALUES ('28a11659-d623-4e33-ade4-8b57c19a50fc', 'Lý Thị D05', '0902000010', 'lythid05@example.com', '001002000010', '1990-12-20', 'ACTIVE', '2025-12-22 22:57:01.898515+07', '2025-12-22 22:57:01.898515+07', '6bb54dcc-ca08-4070-84d4-9c41da82b1dc');
INSERT INTO data.residents VALUES ('4124db77-b85d-4cdf-af97-d13f3bd9157b', 'Võ Thị E01', '0903000006', 'vothie01@example.com', '001003000006', '1989-03-15', 'ACTIVE', '2025-12-22 22:52:48.133593+07', '2025-12-22 22:57:01.898515+07', 'e54a4078-b058-4399-86e0-557ebbeaf21c');
INSERT INTO data.residents VALUES ('8e663935-3c90-42f8-8409-31cb70309ded', 'Hồ Văn E02', '0903000007', 'hovane02@example.com', '001003000007', '1994-05-10', 'ACTIVE', '2025-12-22 22:57:01.898515+07', '2025-12-22 22:57:01.898515+07', '2d79eae0-a9e1-4f42-a309-95516e6c931a');
INSERT INTO data.residents VALUES ('13a81f8b-2e79-4294-bc25-8897aaf8cf56', 'Tôn Thị E03', '0903000008', 'tonthie03@example.com', '001003000008', '1992-07-05', 'ACTIVE', '2025-12-22 22:57:01.898515+07', '2025-12-22 22:57:01.898515+07', '6a10e24c-4610-4a28-9010-fcf1f0a113d7');
INSERT INTO data.residents VALUES ('b159ddcf-85d4-4ff2-a828-57cdaab9f719', 'Chu Thị E04', '0903000004', 'chuthie04@example.com', '001003000004', '1994-07-25', 'ACTIVE', '2025-12-22 22:57:01.898515+07', '2025-12-22 22:57:01.898515+07', NULL);
INSERT INTO data.residents VALUES ('8cdb00f1-bab3-447f-9e90-06fa703daabb', 'Chu Văn E04', '0903000009', 'chuvane04@example.com', '001003000009', '1996-09-20', 'ACTIVE', '2025-12-22 22:57:01.898515+07', '2025-12-22 22:57:01.898515+07', '0034d8e5-a149-4145-bb31-91ad040b419e');
INSERT INTO data.residents VALUES ('aee46036-352e-4721-8f77-852698221c80', 'Dương Văn E05', '0903000005', 'duongvane05@example.com', '001003000005', '1989-09-30', 'ACTIVE', '2025-12-22 22:57:01.898515+07', '2025-12-22 22:57:01.898515+07', NULL);
INSERT INTO data.residents VALUES ('c358662c-f937-41ba-b5bc-def3b8374239', 'Dương Thị E05', '0903000010', 'duongthie05@example.com', '001003000010', '1991-11-15', 'ACTIVE', '2025-12-22 22:57:01.898515+07', '2025-12-22 22:57:01.898515+07', '23583721-b749-40d2-8b41-8139b0e159b5');
INSERT INTO data.residents VALUES ('fa8be3b2-2f76-4392-a936-b08c4644da5d', 'Trịnh Văn G01', '0904000001', 'trinhvang01@example.com', '001004000001', '1986-02-20', 'ACTIVE', '2025-12-22 22:52:48.133593+07', '2025-12-22 22:57:01.898515+07', NULL);
INSERT INTO data.residents VALUES ('cced06b6-acbf-4d98-92a6-e9ec9339269a', 'Trịnh Thị G01', '0904000006', 'trinhthig01@example.com', '001004000006', '1988-04-15', 'ACTIVE', '2025-12-22 22:52:48.133593+07', '2025-12-22 22:57:01.898515+07', '3b9b4427-bc35-48d0-9c67-a6446db8da00');
INSERT INTO data.residents VALUES ('df16734a-36f3-4920-a4f9-5238038b66a3', 'Lưu Thị G02', '0904000002', 'luuthig02@example.com', '001004000002', '1991-04-15', 'ACTIVE', '2025-12-22 22:57:01.898515+07', '2025-12-22 22:57:01.898515+07', NULL);
INSERT INTO data.residents VALUES ('13f959a5-cd06-4af3-88f8-ea3a9de5fd5c', 'Lưu Văn G02', '0904000007', 'luuvang02@example.com', '001004000007', '1993-06-10', 'ACTIVE', '2025-12-22 22:57:01.898515+07', '2025-12-22 22:57:01.898515+07', '113cc521-571f-4155-b09a-6c76fc6c5551');
INSERT INTO data.residents VALUES ('31e6413e-b1cb-4abc-83be-6a1124d9a90a', 'Mai Văn G03', '0904000003', 'maivang03@example.com', '001004000003', '1988-06-10', 'ACTIVE', '2025-12-22 22:57:01.898515+07', '2025-12-22 22:57:01.898515+07', NULL);
INSERT INTO data.residents VALUES ('f327206f-7190-4f6b-87de-b347aef5700b', 'Mai Thị G03', '0904000008', 'maithig03@example.com', '001004000008', '1990-08-05', 'ACTIVE', '2025-12-22 22:57:01.898515+07', '2025-12-22 22:57:01.898515+07', '4fa1ad8d-29b6-4eda-9a43-3689195ad0b3');
INSERT INTO data.residents VALUES ('a0833ccc-a537-4997-9b3b-4b6f09f52f91', 'Tạ Thị G04', '0904000004', 'tathig04@example.com', '001004000004', '1992-08-12', 'ACTIVE', '2025-12-22 22:57:01.898515+07', '2025-12-22 22:57:01.898515+07', NULL);
INSERT INTO data.residents VALUES ('2d21a4c0-2f1f-48f5-a3a7-3edb54948302', 'Tạ Văn G04', '0904000009', 'tavang04@example.com', '001004000009', '1994-10-15', 'ACTIVE', '2025-12-22 22:57:01.898515+07', '2025-12-22 22:57:01.898515+07', '239c8611-66fa-4874-a66c-e776f69e9ae1');
INSERT INTO data.residents VALUES ('070534c8-f559-47f1-9942-611591cc5310', 'Phan Văn G05', '0904000005', 'phanvang05@example.com', '001004000005', '1989-10-25', 'ACTIVE', '2025-12-22 22:57:01.898515+07', '2025-12-22 22:57:01.898515+07', NULL);
INSERT INTO data.residents VALUES ('5db02410-17b2-4b29-a53d-fe2a11fc7a0b', 'Phan Thị G05', '0904000010', 'phanthig05@example.com', '001004000010', '1991-12-20', 'ACTIVE', '2025-12-22 22:57:01.898515+07', '2025-12-22 22:57:01.898515+07', '96f2a9f2-5e99-4c30-b645-fb2c49f9f3e9');
INSERT INTO data.residents VALUES ('641a3119-77f3-4a11-bcf4-7164e59fcda4', 'Trần Văn C03 (Expired)', '0903000003', 'tranvanc03_expired@example.com', '001003000003', '1980-03-10', 'ACTIVE', '2025-12-22 22:57:01.898515+07', '2025-12-22 23:06:54.542151+07', '745f3067-cabd-4cc8-b46d-83721728e265');
INSERT INTO data.residents VALUES ('bec20cd5-5e78-4cd6-a25e-04549a971789', 'Nguyễn Văn C03 (Active)', '0903000001', 'nguyenvanc03_active@example.com', '001003000001', '1985-05-20', 'ACTIVE', '2025-12-22 22:52:48.133593+07', '2025-12-22 23:06:54.542151+07', '026f1945-e355-4dd5-a873-01655a378b9d');
INSERT INTO data.residents VALUES ('08d95d96-b08a-4c38-b121-7344e78fdebd', 'Nguyễn Thị C03 (Active)', '0903000002', 'nguyenthic03_active@example.com', '001003000002', '1987-08-15', 'ACTIVE', '2025-12-22 22:57:01.898515+07', '2025-12-22 23:06:54.542151+07', '9a1ecb87-871c-4efa-818a-fcae62700051');

 
INSERT INTO data.services VALUES ('789a9b63-6bba-4746-8121-55de5d237dc6', 'ELECTRIC', 'Điện', 'Electricity', 'UTILITY', 'KWH', 'kWh', true, true, true, NULL, 1, '2025-10-30 10:39:55.534314+07', '2025-10-30 10:39:55.534314+07');
INSERT INTO data.services VALUES ('b0959e08-35f1-4b12-8fb0-20bb3692d132', 'WATER', 'Nước', 'Water', 'UTILITY', 'M3', 'm³', true, true, true, NULL, 2, '2025-10-30 10:39:55.534314+07', '2025-10-30 10:39:55.534314+07');
INSERT INTO data.services VALUES ('dfbc4c52-d79d-43a0-b917-3335f27fd8c1', 'MANAGEMENT', 'Phí quản lý', 'Management Fee', 'UTILITY', 'MONTH', 'tháng', true, false, true, NULL, 3, '2025-10-30 10:39:55.534314+07', '2025-10-30 10:39:55.534314+07');
INSERT INTO data.services VALUES ('3ef869aa-d5e8-4b7b-94b8-7d4e9086c49e', 'PARKING', 'Phí gửi xe', 'Parking Fee', 'AMENITY', 'UNIT', 'xe', true, false, true, NULL, 4, '2025-10-30 10:39:55.534314+07', '2025-10-30 10:39:55.534314+07');
INSERT INTO data.services VALUES ('c129fb21-cde3-4418-8de5-eefca6e91e94', 'INTERNET', 'Internet', 'Internet', 'AMENITY', 'MONTH', 'tháng', true, false, true, NULL, 5, '2025-10-30 10:39:55.534314+07', '2025-10-30 10:39:55.534314+07');
INSERT INTO data.services VALUES ('39894dbf-942c-4f49-9eb8-c157151d5457', 'CABLE_TV', 'Truyền hình cáp', 'Cable TV', 'AMENITY', 'MONTH', 'tháng', true, false, true, NULL, 6, '2025-10-30 10:39:55.534314+07', '2025-10-30 10:39:55.534314+07');
 

INSERT INTO data.units VALUES ('4125d4aa-0980-43ff-b762-556d60b9a677', 'dc7f86b1-d05c-4184-bb08-689e79dddf68', 'A1---01', 1, 50.00, 1, 'ACTIVE', '2025-12-22 22:56:54.175661+07', '2025-12-22 22:56:54.175661+07');
INSERT INTO data.units VALUES ('cbc13488-6b8f-42d7-a1e1-35f5cdb7cfa2', 'dc7f86b1-d05c-4184-bb08-689e79dddf68', 'A2---02', 2, 65.50, 2, 'ACTIVE', '2025-12-22 22:56:54.175661+07', '2025-12-22 22:56:54.175661+07');
INSERT INTO data.units VALUES ('bddd4220-f17b-4e31-9c20-c03295bd0213', 'dc7f86b1-d05c-4184-bb08-689e79dddf68', 'A3---03', 3, 80.00, 2, 'ACTIVE', '2025-12-22 22:56:54.175661+07', '2025-12-22 22:56:54.175661+07');
INSERT INTO data.units VALUES ('4d32d4a3-5a02-4add-9024-f638d8e8a410', 'dc7f86b1-d05c-4184-bb08-689e79dddf68', 'A4---04', 4, 95.75, 3, 'ACTIVE', '2025-12-22 22:56:54.175661+07', '2025-12-22 22:56:54.175661+07');
INSERT INTO data.units VALUES ('1a3d42d3-41f1-4523-9512-581d4e65c45f', 'dc7f86b1-d05c-4184-bb08-689e79dddf68', 'A5---05', 5, 75.25, 2, 'ACTIVE', '2025-12-22 22:56:54.175661+07', '2025-12-22 22:56:54.175661+07');
INSERT INTO data.units VALUES ('913b3048-c084-4b4f-9675-cfde360d6ed7', '9358cc1a-4227-4bac-b42d-f4398d86e024', 'B1---01', 1, 55.00, 1, 'ACTIVE', '2025-12-22 22:56:54.175661+07', '2025-12-22 22:56:54.175661+07');
INSERT INTO data.units VALUES ('3298a769-c7b2-437a-8939-6215b9ea326f', '9358cc1a-4227-4bac-b42d-f4398d86e024', 'B2---02', 2, 70.50, 2, 'ACTIVE', '2025-12-22 22:56:54.175661+07', '2025-12-22 22:56:54.175661+07');
INSERT INTO data.units VALUES ('60d17634-06d1-478f-aca4-5dd8da859a47', '9358cc1a-4227-4bac-b42d-f4398d86e024', 'B3---03', 3, 85.00, 2, 'ACTIVE', '2025-12-22 22:56:54.175661+07', '2025-12-22 22:56:54.175661+07');
INSERT INTO data.units VALUES ('1d1ce574-e4c4-4e87-953f-a1e4bb361616', '9358cc1a-4227-4bac-b42d-f4398d86e024', 'B4---04', 4, 100.00, 3, 'ACTIVE', '2025-12-22 22:56:54.175661+07', '2025-12-22 22:56:54.175661+07');
INSERT INTO data.units VALUES ('cb05f596-8d9c-485c-8401-c5dd25a61b31', '9358cc1a-4227-4bac-b42d-f4398d86e024', 'B5---05', 5, 78.50, 2, 'ACTIVE', '2025-12-22 22:56:54.175661+07', '2025-12-22 22:56:54.175661+07');
INSERT INTO data.units VALUES ('ecbbd449-1c71-4699-9eb8-e6495d5a7765', '7c050951-978b-4017-b74c-8eb7e4c45648', 'C1---01', 1, 60.00, 1, 'ACTIVE', '2025-12-22 22:56:54.175661+07', '2025-12-22 22:56:54.175661+07');
INSERT INTO data.units VALUES ('aa58685c-36ef-462e-9754-a118067b9c87', '7c050951-978b-4017-b74c-8eb7e4c45648', 'C2---02', 2, 75.50, 2, 'ACTIVE', '2025-12-22 22:56:54.175661+07', '2025-12-22 22:56:54.175661+07');
INSERT INTO data.units VALUES ('032db618-2858-4eb5-9c40-507bc823c231', '7c050951-978b-4017-b74c-8eb7e4c45648', 'C3---03', 3, 90.00, 2, 'ACTIVE', '2025-12-22 22:56:54.175661+07', '2025-12-22 22:56:54.175661+07');
INSERT INTO data.units VALUES ('b3dc8433-6cc3-4769-8672-3363de9cdcd6', '7c050951-978b-4017-b74c-8eb7e4c45648', 'C4---04', 4, 105.25, 3, 'ACTIVE', '2025-12-22 22:56:54.175661+07', '2025-12-22 22:56:54.175661+07');
INSERT INTO data.units VALUES ('b12f7f1f-05b5-4a38-8342-df97583b3b6d', '7c050951-978b-4017-b74c-8eb7e4c45648', 'C5---05', 5, 82.75, 2, 'ACTIVE', '2025-12-22 22:56:54.175661+07', '2025-12-22 22:56:54.175661+07');
INSERT INTO data.units VALUES ('c9ec5d87-4086-43d0-a97c-0a285f7160de', '1bcfd76a-83c7-467a-ae00-e164dfdceb82', 'D1---01', 1, 48.00, 1, 'ACTIVE', '2025-12-22 22:56:54.175661+07', '2025-12-22 22:56:54.175661+07');
INSERT INTO data.units VALUES ('6e87c32b-267e-4da5-9a88-d47c48f8698b', '1bcfd76a-83c7-467a-ae00-e164dfdceb82', 'D2---02', 2, 63.50, 2, 'ACTIVE', '2025-12-22 22:56:54.175661+07', '2025-12-22 22:56:54.175661+07');
INSERT INTO data.units VALUES ('eb49affe-e1ea-4a55-a2fa-3677353ebf2e', '1bcfd76a-83c7-467a-ae00-e164dfdceb82', 'D3---03', 3, 78.00, 2, 'ACTIVE', '2025-12-22 22:56:54.175661+07', '2025-12-22 22:56:54.175661+07');
INSERT INTO data.units VALUES ('cdbeded4-e307-422b-88c8-537492320179', '1bcfd76a-83c7-467a-ae00-e164dfdceb82', 'D4---04', 4, 92.50, 3, 'ACTIVE', '2025-12-22 22:56:54.175661+07', '2025-12-22 22:56:54.175661+07');
INSERT INTO data.units VALUES ('e647a2ec-8c60-4132-8f2f-6efffb074d1c', '1bcfd76a-83c7-467a-ae00-e164dfdceb82', 'D5---05', 5, 73.25, 2, 'ACTIVE', '2025-12-22 22:56:54.175661+07', '2025-12-22 22:56:54.175661+07');
INSERT INTO data.units VALUES ('f647beb3-367b-4e3b-bbb1-490669f5e84d', '4a4903f4-cc30-4de0-bb93-6dfe737d0469', 'E1---01', 1, 52.00, 1, 'ACTIVE', '2025-12-22 22:56:54.175661+07', '2025-12-22 22:56:54.175661+07');
INSERT INTO data.units VALUES ('95f001b2-32b3-49b1-a9f8-281e0716b67a', '4a4903f4-cc30-4de0-bb93-6dfe737d0469', 'E2---02', 2, 67.50, 2, 'ACTIVE', '2025-12-22 22:56:54.175661+07', '2025-12-22 22:56:54.175661+07');
INSERT INTO data.units VALUES ('b7da7e27-dc7c-4cb7-8872-b44a98a2e595', '4a4903f4-cc30-4de0-bb93-6dfe737d0469', 'E3---03', 3, 82.00, 2, 'ACTIVE', '2025-12-22 22:56:54.175661+07', '2025-12-22 22:56:54.175661+07');
INSERT INTO data.units VALUES ('881ee741-8da4-4e39-bc7d-66bf2400084e', '4a4903f4-cc30-4de0-bb93-6dfe737d0469', 'E4---04', 4, 97.75, 3, 'ACTIVE', '2025-12-22 22:56:54.175661+07', '2025-12-22 22:56:54.175661+07');
INSERT INTO data.units VALUES ('b59095dc-cb7f-4dd1-8c17-6d7396bd758c', '4a4903f4-cc30-4de0-bb93-6dfe737d0469', 'E5---05', 5, 76.50, 2, 'ACTIVE', '2025-12-22 22:56:54.175661+07', '2025-12-22 22:56:54.175661+07');
INSERT INTO data.units VALUES ('8b7594af-81da-49a9-87d3-eb98d158c931', 'ae331b32-9c70-4069-8236-5429a1689910', 'F1---01', 1, 54.00, 1, 'ACTIVE', '2025-12-22 22:56:54.175661+07', '2025-12-22 22:56:54.175661+07');
INSERT INTO data.units VALUES ('6c6de381-c93d-4892-9145-21eefa50a6e9', 'ae331b32-9c70-4069-8236-5429a1689910', 'F2---02', 2, 69.50, 2, 'ACTIVE', '2025-12-22 22:56:54.175661+07', '2025-12-22 22:56:54.175661+07');
INSERT INTO data.units VALUES ('07b0cf1d-d344-47d9-98e0-73559555bee5', 'ae331b32-9c70-4069-8236-5429a1689910', 'F3---03', 3, 84.00, 2, 'ACTIVE', '2025-12-22 22:56:54.175661+07', '2025-12-22 22:56:54.175661+07');
INSERT INTO data.units VALUES ('ab261ef7-2463-46ff-9171-db09b985fc8d', 'ae331b32-9c70-4069-8236-5429a1689910', 'F4---04', 4, 99.25, 3, 'ACTIVE', '2025-12-22 22:56:54.175661+07', '2025-12-22 22:56:54.175661+07');
INSERT INTO data.units VALUES ('61a4b07b-1fc4-47d5-aa7a-19e800df779f', 'ae331b32-9c70-4069-8236-5429a1689910', 'F5---05', 5, 77.75, 2, 'ACTIVE', '2025-12-22 22:56:54.175661+07', '2025-12-22 22:56:54.175661+07');
INSERT INTO data.units VALUES ('782716a3-1a44-4970-adbf-bdf69e6f675c', '5eb04d1d-5b92-4940-ae2f-4759968432a5', 'G1---01', 1, 56.00, 1, 'ACTIVE', '2025-12-22 22:56:54.175661+07', '2025-12-22 22:56:54.175661+07');
INSERT INTO data.units VALUES ('741acf8d-b496-4f4f-bacf-e90b727d5a63', '5eb04d1d-5b92-4940-ae2f-4759968432a5', 'G2---02', 2, 71.50, 2, 'ACTIVE', '2025-12-22 22:56:54.175661+07', '2025-12-22 22:56:54.175661+07');
INSERT INTO data.units VALUES ('044149e5-6707-4912-b369-8cab5fc990e3', '5eb04d1d-5b92-4940-ae2f-4759968432a5', 'G3---03', 3, 86.00, 2, 'ACTIVE', '2025-12-22 22:56:54.175661+07', '2025-12-22 22:56:54.175661+07');
INSERT INTO data.units VALUES ('c258dc39-767a-4ebf-a162-48cdc2f4dfcd', '5eb04d1d-5b92-4940-ae2f-4759968432a5', 'G4---04', 4, 101.00, 3, 'ACTIVE', '2025-12-22 22:56:54.175661+07', '2025-12-22 22:56:54.175661+07');
INSERT INTO data.units VALUES ('e2c3b408-dc6c-41e1-83c5-476b29966adb', '5eb04d1d-5b92-4940-ae2f-4759968432a5', 'G5---05', 5, 79.50, 2, 'ACTIVE', '2025-12-22 22:56:54.175661+07', '2025-12-22 22:56:54.175661+07');
INSERT INTO data.units VALUES ('4275cf1c-b37f-4f3e-98de-e0dfa6890a79', '857690ef-c717-47f6-8021-d62f71d2cac4', 'H1---01', 1, 58.00, 1, 'ACTIVE', '2025-12-22 22:56:54.175661+07', '2025-12-22 22:56:54.175661+07');
INSERT INTO data.units VALUES ('e5d94302-9399-4aab-805a-2e251300da9e', '857690ef-c717-47f6-8021-d62f71d2cac4', 'H2---02', 2, 73.50, 2, 'ACTIVE', '2025-12-22 22:56:54.175661+07', '2025-12-22 22:56:54.175661+07');
INSERT INTO data.units VALUES ('15bd6e10-4ddf-4a72-87bc-641de7dd0d77', '857690ef-c717-47f6-8021-d62f71d2cac4', 'H3---03', 3, 88.00, 2, 'ACTIVE', '2025-12-22 22:56:54.175661+07', '2025-12-22 22:56:54.175661+07');
INSERT INTO data.units VALUES ('1692ecc2-c46a-4abe-807e-c9cb919ebdcc', '857690ef-c717-47f6-8021-d62f71d2cac4', 'H4---04', 4, 103.25, 3, 'ACTIVE', '2025-12-22 22:56:54.175661+07', '2025-12-22 22:56:54.175661+07');
INSERT INTO data.units VALUES ('a697d2d8-d957-4918-b48b-c210fba2faa2', '857690ef-c717-47f6-8021-d62f71d2cac4', 'H5---05', 5, 81.75, 2, 'ACTIVE', '2025-12-22 22:56:54.175661+07', '2025-12-22 22:56:54.175661+07');
INSERT INTO data.units VALUES ('27f3220b-5d00-4ede-a4bf-7e7eb548e596', 'b8a153d8-3038-4ed9-95ea-575613b47f24', 'I1---01', 1, 60.00, 1, 'ACTIVE', '2025-12-22 22:56:54.175661+07', '2025-12-22 22:56:54.175661+07');
INSERT INTO data.units VALUES ('00a622f6-8b41-496c-b52d-4bae9ed49458', 'b8a153d8-3038-4ed9-95ea-575613b47f24', 'I2---02', 2, 75.50, 2, 'ACTIVE', '2025-12-22 22:56:54.175661+07', '2025-12-22 22:56:54.175661+07');
INSERT INTO data.units VALUES ('a0f2d518-04b8-4f90-8288-aabcae6c0a61', 'b8a153d8-3038-4ed9-95ea-575613b47f24', 'I3---03', 3, 90.00, 2, 'ACTIVE', '2025-12-22 22:56:54.175661+07', '2025-12-22 22:56:54.175661+07');
INSERT INTO data.units VALUES ('c9d069fd-3e74-4802-8908-d1fa2f5dc761', 'b8a153d8-3038-4ed9-95ea-575613b47f24', 'I4---04', 4, 105.50, 3, 'ACTIVE', '2025-12-22 22:56:54.175661+07', '2025-12-22 22:56:54.175661+07');
INSERT INTO data.units VALUES ('380ab681-81f8-4237-a574-b80ef7d66a2a', 'b8a153d8-3038-4ed9-95ea-575613b47f24', 'I5---05', 5, 83.25, 2, 'ACTIVE', '2025-12-22 22:56:54.175661+07', '2025-12-22 22:56:54.175661+07');
INSERT INTO data.units VALUES ('18640520-7f0f-4ae6-a78f-f41f59e67fc5', 'be1daa6e-f3a8-4087-85c6-802e25f79c66', 'J1---01', 1, 62.00, 1, 'ACTIVE', '2025-12-22 22:56:54.175661+07', '2025-12-22 22:56:54.175661+07');
INSERT INTO data.units VALUES ('c566ac39-bcfb-4ec1-a0df-ad617d3d1dec', 'be1daa6e-f3a8-4087-85c6-802e25f79c66', 'J2---02', 2, 77.50, 2, 'ACTIVE', '2025-12-22 22:56:54.175661+07', '2025-12-22 22:56:54.175661+07');
INSERT INTO data.units VALUES ('8fb70781-265b-44e9-af38-dbc8947a49f8', 'be1daa6e-f3a8-4087-85c6-802e25f79c66', 'J3---03', 3, 92.00, 2, 'ACTIVE', '2025-12-22 22:56:54.175661+07', '2025-12-22 22:56:54.175661+07');
INSERT INTO data.units VALUES ('3d081cd6-99b6-4ebc-9e81-e25a28c8223a', 'be1daa6e-f3a8-4087-85c6-802e25f79c66', 'J4---04', 4, 107.75, 3, 'ACTIVE', '2025-12-22 22:56:54.175661+07', '2025-12-22 22:56:54.175661+07');
INSERT INTO data.units VALUES ('65ee68d8-5a53-47e9-acf9-ac927f6ec2b7', 'be1daa6e-f3a8-4087-85c6-802e25f79c66', 'J5---05', 5, 85.50, 2, 'ACTIVE', '2025-12-22 22:56:54.175661+07', '2025-12-22 22:56:54.175661+07');
INSERT INTO data.units VALUES ('da1a7195-da8c-4f20-8a68-52a1102428cb', 'dc7f86b1-d05c-4184-bb08-689e79dddf68', 'A9---01', 9, 100.00, 5, 'ACTIVE', '2025-12-22 23:19:58.934108+07', '2025-12-22 23:19:58.934108+07');
 
INSERT INTO files.contract_files VALUES ('93b82992-a4e1-445d-9e55-a66da0a3c9bd', 'fe3dbd91-648c-4196-927e-333c723efab4', '972d2aba-9629-457f-b32a-7440c14c2d92.pdf', 'Thẻ ghi nhớ_ HCM202 - NEW - SOẠN ĐỘC QUYỀN BỞI THỦY TIÊN _ Quizlet.pdf', 'contracts/fe3dbd91-648c-4196-927e-333c723efab4/972d2aba-9629-457f-b32a-7440c14c2d92.pdf', 'http://localhost:8082/api/files/contracts/fe3dbd91-648c-4196-927e-333c723efab4/972d2aba-9629-457f-b32a-7440c14c2d92.pdf', 'application/pdf', 923292, true, 0, '900c087a-0da9-4a14-ba5d-4362b3f968d8', '2025-12-19 06:06:03.832062+07', NULL, false);
 

INSERT INTO files.contracts VALUES ('29f46352-1ce1-4b95-822b-81363442cffe', '032db618-2858-4eb5-9c40-507bc823c231', 'TEST-STATUS-C-C3---03-EXPIRED', 'RENTAL', '2024-12-22', '2025-11-22', NULL, 'EXPIRED', '00000000-0000-0000-0000-000000000001', '2025-12-22 22:57:50.413484+07', '2025-12-22 23:06:54.542151+07', NULL, NULL, NULL, NULL, NULL, 7000000.00, NULL, NULL, '2025-12-22 23:06:54.542151+07', 'DECLINED', NULL, 0, NULL);
INSERT INTO files.contracts VALUES ('87b57b82-e555-4b9a-9b32-fc20297f4a01', '032db618-2858-4eb5-9c40-507bc823c231', 'TEST-RENEWAL-C-C3---03-REMINDED-3', 'RENTAL', '2025-06-22', '2026-01-01', NULL, 'ACTIVE', '00000000-0000-0000-0000-000000000001', '2025-12-22 22:57:50.413484+07', '2025-12-22 23:06:54.542151+07', NULL, NULL, NULL, NULL, NULL, 7000000.00, NULL, '2025-12-19 23:06:54.542151+07', NULL, 'REMINDED', NULL, 0, NULL);
INSERT INTO files.contracts VALUES ('fe3dbd91-648c-4196-927e-333c723efab4', '581fe9bb-1b02-4037-b60a-5f8d206b2797', 'HDA1---01-191225', 'RENTAL', '2025-12-20', '2026-06-20', '12321', 'ACTIVE', '1b6e50d6-1e19-4fce-8e3c-eb2db3b0b819', '2025-12-19 06:06:03.736377+07', '2025-12-19 06:06:03.736377+07', NULL, NULL, NULL, NULL, NULL, 1232131.00, NULL, NULL, NULL, 'PENDING', NULL, 0, NULL);
INSERT INTO files.contracts VALUES ('d435e978-e088-44d3-869d-0eabf840a1b8', '52dae26c-a8f3-42dd-9fd0-a95a4fa54d68', 'HDA1---01-211225', 'RENTAL', '2025-12-22', '2026-10-22', NULL, 'ACTIVE', 'da64ed21-d8fb-481e-92a5-551bc0c7a187', '2025-12-21 16:03:56.330535+07', '2025-12-21 16:03:56.331535+07', NULL, NULL, NULL, NULL, NULL, 2000000.00, NULL, NULL, NULL, 'PENDING', NULL, 0, NULL);
INSERT INTO files.contracts VALUES ('633750cc-89f3-404f-955e-5635dc830bc9', 'c9ec5d87-4086-43d0-a97c-0a285f7160de', 'TEST-RENEWAL-D-D1---01-PENDING', 'RENTAL', '2025-06-22', '2026-01-21', NULL, 'ACTIVE', '00000000-0000-0000-0000-000000000001', '2025-12-22 22:57:50.413484+07', '2025-12-22 22:57:50.413484+07', NULL, NULL, NULL, NULL, NULL, 3000000.00, NULL, NULL, NULL, 'PENDING', NULL, 0, NULL);
INSERT INTO files.contracts VALUES ('6166cd7a-316f-4802-8204-a835f1082145', 'f647beb3-367b-4e3b-bbb1-490669f5e84d', 'TEST-RENEWAL-E-E1---01-PENDING', 'RENTAL', '2025-06-22', '2026-01-21', NULL, 'ACTIVE', '00000000-0000-0000-0000-000000000001', '2025-12-22 22:57:50.413484+07', '2025-12-22 22:57:50.413484+07', NULL, NULL, NULL, NULL, NULL, 3000000.00, NULL, NULL, NULL, 'PENDING', NULL, 0, NULL);
INSERT INTO files.contracts VALUES ('081f2b39-dcea-4ff8-b33f-9c395609e3db', '782716a3-1a44-4970-adbf-bdf69e6f675c', 'TEST-RENEWAL-G-G1---01-PENDING', 'RENTAL', '2025-06-22', '2026-01-21', NULL, 'ACTIVE', '00000000-0000-0000-0000-000000000001', '2025-12-22 22:57:50.413484+07', '2025-12-22 22:57:50.413484+07', NULL, NULL, NULL, NULL, NULL, 3000000.00, NULL, NULL, NULL, 'PENDING', NULL, 0, NULL);
INSERT INTO files.contracts VALUES ('2e009cb8-ac7b-45d1-8adb-1719c48cc61c', 'ecbbd449-1c71-4699-9eb8-e6495d5a7765', 'TEST-RENEWAL-C-C1---01-PENDING', 'RENTAL', '2025-06-22', '2026-01-21', NULL, 'ACTIVE', '00000000-0000-0000-0000-000000000001', '2025-12-22 22:57:50.413484+07', '2025-12-22 22:57:50.413484+07', NULL, NULL, NULL, NULL, NULL, 5000000.00, NULL, NULL, NULL, 'PENDING', NULL, 0, NULL);
INSERT INTO files.contracts VALUES ('18a44ff0-9e9f-414a-9c52-5bab91c10e6d', '4275cf1c-b37f-4f3e-98de-e0dfa6890a79', 'TEST-RENEWAL-H-H1---01-PENDING', 'RENTAL', '2025-06-22', '2026-01-21', NULL, 'ACTIVE', '00000000-0000-0000-0000-000000000001', '2025-12-22 22:57:50.413484+07', '2025-12-22 22:57:50.413484+07', NULL, NULL, NULL, NULL, NULL, 3000000.00, NULL, NULL, NULL, 'PENDING', NULL, 0, NULL);
INSERT INTO files.contracts VALUES ('3c0bc8ae-4662-4dcf-80e3-c19edb0fe3e7', '913b3048-c084-4b4f-9675-cfde360d6ed7', 'TEST-RENEWAL-B-B1---01-PENDING', 'RENTAL', '2025-06-22', '2026-01-21', NULL, 'ACTIVE', '00000000-0000-0000-0000-000000000001', '2025-12-22 22:57:50.413484+07', '2025-12-22 22:57:50.413484+07', NULL, NULL, NULL, NULL, NULL, 3000000.00, NULL, NULL, NULL, 'PENDING', NULL, 0, NULL);
INSERT INTO files.contracts VALUES ('dd8c5a08-90c9-4d09-b548-3326ee772427', '8b7594af-81da-49a9-87d3-eb98d158c931', 'TEST-RENEWAL-F-F1---01-PENDING', 'RENTAL', '2025-06-22', '2026-01-21', NULL, 'ACTIVE', '00000000-0000-0000-0000-000000000001', '2025-12-22 22:57:50.413484+07', '2025-12-22 22:57:50.413484+07', NULL, NULL, NULL, NULL, NULL, 3000000.00, NULL, NULL, NULL, 'PENDING', NULL, 0, NULL);
INSERT INTO files.contracts VALUES ('8723f653-c92e-4d1a-9939-d934232ef823', '27f3220b-5d00-4ede-a4bf-7e7eb548e596', 'TEST-RENEWAL-I-I1---01-PENDING', 'RENTAL', '2025-06-22', '2026-01-21', NULL, 'ACTIVE', '00000000-0000-0000-0000-000000000001', '2025-12-22 22:57:50.413484+07', '2025-12-22 22:57:50.413484+07', NULL, NULL, NULL, NULL, NULL, 5000000.00, NULL, NULL, NULL, 'PENDING', NULL, 0, NULL);
INSERT INTO files.contracts VALUES ('91c8d069-6dcc-4b24-a2fe-63684dd90806', '18640520-7f0f-4ae6-a78f-f41f59e67fc5', 'TEST-RENEWAL-J-J1---01-PENDING', 'RENTAL', '2025-06-22', '2026-01-21', NULL, 'ACTIVE', '00000000-0000-0000-0000-000000000001', '2025-12-22 22:57:50.413484+07', '2025-12-22 22:57:50.413484+07', NULL, NULL, NULL, NULL, NULL, 5000000.00, NULL, NULL, NULL, 'PENDING', NULL, 0, NULL);
INSERT INTO files.contracts VALUES ('385bb2cb-6b7f-4c59-8d98-4437f602d6bc', '6e87c32b-267e-4da5-9a88-d47c48f8698b', 'TEST-RENEWAL-D-D2---02-REMINDED-2', 'RENTAL', '2025-06-22', '2026-01-11', NULL, 'ACTIVE', '00000000-0000-0000-0000-000000000001', '2025-12-22 22:57:50.413484+07', '2025-12-22 22:57:50.413484+07', NULL, NULL, NULL, NULL, NULL, 5000000.00, NULL, '2025-12-12 22:57:50.413484+07', NULL, 'REMINDED', NULL, 0, NULL);
INSERT INTO files.contracts VALUES ('36525289-e39d-470e-91b6-3ea0e9c20b4a', '95f001b2-32b3-49b1-a9f8-281e0716b67a', 'TEST-RENEWAL-E-E2---02-REMINDED-2', 'RENTAL', '2025-06-22', '2026-01-11', NULL, 'ACTIVE', '00000000-0000-0000-0000-000000000001', '2025-12-22 22:57:50.413484+07', '2025-12-22 22:57:50.413484+07', NULL, NULL, NULL, NULL, NULL, 5000000.00, NULL, '2025-12-12 22:57:50.413484+07', NULL, 'REMINDED', NULL, 0, NULL);
INSERT INTO files.contracts VALUES ('513bfcd9-717f-4c33-9023-41e2d6c6fd35', '741acf8d-b496-4f4f-bacf-e90b727d5a63', 'TEST-RENEWAL-G-G2---02-REMINDED-2', 'RENTAL', '2025-06-22', '2026-01-11', NULL, 'ACTIVE', '00000000-0000-0000-0000-000000000001', '2025-12-22 22:57:50.413484+07', '2025-12-22 22:57:50.413484+07', NULL, NULL, NULL, NULL, NULL, 5000000.00, NULL, '2025-12-12 22:57:50.413484+07', NULL, 'REMINDED', NULL, 0, NULL);
INSERT INTO files.contracts VALUES ('7d4fec08-a4ae-43b2-8733-f8c9e3d172a0', 'aa58685c-36ef-462e-9754-a118067b9c87', 'TEST-RENEWAL-C-C2---02-REMINDED-2', 'RENTAL', '2025-06-22', '2026-01-11', NULL, 'ACTIVE', '00000000-0000-0000-0000-000000000001', '2025-12-22 22:57:50.413484+07', '2025-12-22 22:57:50.413484+07', NULL, NULL, NULL, NULL, NULL, 5000000.00, NULL, '2025-12-12 22:57:50.413484+07', NULL, 'REMINDED', NULL, 0, NULL);
INSERT INTO files.contracts VALUES ('51a6c5a8-265c-4408-bc82-a1294b184680', 'e5d94302-9399-4aab-805a-2e251300da9e', 'TEST-RENEWAL-H-H2---02-REMINDED-2', 'RENTAL', '2025-06-22', '2026-01-11', NULL, 'ACTIVE', '00000000-0000-0000-0000-000000000001', '2025-12-22 22:57:50.413484+07', '2025-12-22 22:57:50.413484+07', NULL, NULL, NULL, NULL, NULL, 5000000.00, NULL, '2025-12-12 22:57:50.413484+07', NULL, 'REMINDED', NULL, 0, NULL);
INSERT INTO files.contracts VALUES ('058f9416-91fe-467b-af55-b50cdd07327c', '3298a769-c7b2-437a-8939-6215b9ea326f', 'TEST-RENEWAL-B-B2---02-REMINDED-2', 'RENTAL', '2025-06-22', '2026-01-11', NULL, 'ACTIVE', '00000000-0000-0000-0000-000000000001', '2025-12-22 22:57:50.413484+07', '2025-12-22 22:57:50.413484+07', NULL, NULL, NULL, NULL, NULL, 5000000.00, NULL, '2025-12-12 22:57:50.413484+07', NULL, 'REMINDED', NULL, 0, NULL);
INSERT INTO files.contracts VALUES ('270aabd7-ebab-4ede-9931-60550378b284', '6c6de381-c93d-4892-9145-21eefa50a6e9', 'TEST-RENEWAL-F-F2---02-REMINDED-2', 'RENTAL', '2025-06-22', '2026-01-11', NULL, 'ACTIVE', '00000000-0000-0000-0000-000000000001', '2025-12-22 22:57:50.413484+07', '2025-12-22 22:57:50.413484+07', NULL, NULL, NULL, NULL, NULL, 5000000.00, NULL, '2025-12-12 22:57:50.413484+07', NULL, 'REMINDED', NULL, 0, NULL);
INSERT INTO files.contracts VALUES ('fe934205-4ef0-40f9-9ae1-92ce772331b4', '00a622f6-8b41-496c-b52d-4bae9ed49458', 'TEST-RENEWAL-I-I2---02-REMINDED-2', 'RENTAL', '2025-06-22', '2026-01-11', NULL, 'ACTIVE', '00000000-0000-0000-0000-000000000001', '2025-12-22 22:57:50.413484+07', '2025-12-22 22:57:50.413484+07', NULL, NULL, NULL, NULL, NULL, 5000000.00, NULL, '2025-12-12 22:57:50.413484+07', NULL, 'REMINDED', NULL, 0, NULL);
INSERT INTO files.contracts VALUES ('517a9e1e-adef-4556-8c83-8b9ab679d80a', 'c566ac39-bcfb-4ec1-a0df-ad617d3d1dec', 'TEST-RENEWAL-J-J2---02-REMINDED-2', 'RENTAL', '2025-06-22', '2026-01-11', NULL, 'ACTIVE', '00000000-0000-0000-0000-000000000001', '2025-12-22 22:57:50.413484+07', '2025-12-22 22:57:50.413484+07', NULL, NULL, NULL, NULL, NULL, 5000000.00, NULL, '2025-12-12 22:57:50.413484+07', NULL, 'REMINDED', NULL, 0, NULL);
INSERT INTO files.contracts VALUES ('c5f4fa56-8c55-479e-be17-e48f038d5e74', 'eb49affe-e1ea-4a55-a2fa-3677353ebf2e', 'TEST-RENEWAL-D-D3---03-REMINDED-3', 'RENTAL', '2025-06-22', '2026-01-01', NULL, 'ACTIVE', '00000000-0000-0000-0000-000000000001', '2025-12-22 22:57:50.413484+07', '2025-12-22 22:57:50.413484+07', NULL, NULL, NULL, NULL, NULL, 5000000.00, NULL, '2025-12-02 22:57:50.413484+07', NULL, 'REMINDED', NULL, 0, NULL);
INSERT INTO files.contracts VALUES ('6ee2ecea-129a-4d42-95b3-35d77185d38c', 'b7da7e27-dc7c-4cb7-8872-b44a98a2e595', 'TEST-RENEWAL-E-E3---03-REMINDED-3', 'RENTAL', '2025-06-22', '2026-01-01', NULL, 'ACTIVE', '00000000-0000-0000-0000-000000000001', '2025-12-22 22:57:50.413484+07', '2025-12-22 22:57:50.413484+07', NULL, NULL, NULL, NULL, NULL, 7000000.00, NULL, '2025-12-02 22:57:50.413484+07', NULL, 'REMINDED', NULL, 0, NULL);
INSERT INTO files.contracts VALUES ('d0f7afbd-816a-48cd-b863-bd3b3f4bc6a5', '044149e5-6707-4912-b369-8cab5fc990e3', 'TEST-RENEWAL-G-G3---03-REMINDED-3', 'RENTAL', '2025-06-22', '2026-01-01', NULL, 'ACTIVE', '00000000-0000-0000-0000-000000000001', '2025-12-22 22:57:50.413484+07', '2025-12-22 22:57:50.413484+07', NULL, NULL, NULL, NULL, NULL, 7000000.00, NULL, '2025-12-02 22:57:50.413484+07', NULL, 'REMINDED', NULL, 0, NULL);
INSERT INTO files.contracts VALUES ('222e2a60-ac64-4ac9-b436-ccc3ffd1f7cd', '15bd6e10-4ddf-4a72-87bc-641de7dd0d77', 'TEST-RENEWAL-H-H3---03-REMINDED-3', 'RENTAL', '2025-06-22', '2026-01-01', NULL, 'ACTIVE', '00000000-0000-0000-0000-000000000001', '2025-12-22 22:57:50.413484+07', '2025-12-22 22:57:50.413484+07', NULL, NULL, NULL, NULL, NULL, 7000000.00, NULL, '2025-12-02 22:57:50.413484+07', NULL, 'REMINDED', NULL, 0, NULL);
INSERT INTO files.contracts VALUES ('d3bce7d8-ce3b-4f28-9e9d-346be71bbcda', '60d17634-06d1-478f-aca4-5dd8da859a47', 'TEST-RENEWAL-B-B3---03-REMINDED-3', 'RENTAL', '2025-06-22', '2026-01-01', NULL, 'ACTIVE', '00000000-0000-0000-0000-000000000001', '2025-12-22 22:57:50.413484+07', '2025-12-22 22:57:50.413484+07', NULL, NULL, NULL, NULL, NULL, 7000000.00, NULL, '2025-12-02 22:57:50.413484+07', NULL, 'REMINDED', NULL, 0, NULL);
INSERT INTO files.contracts VALUES ('29abc36e-eb99-4a53-9319-6815091d5b45', '07b0cf1d-d344-47d9-98e0-73559555bee5', 'TEST-RENEWAL-F-F3---03-REMINDED-3', 'RENTAL', '2025-06-22', '2026-01-01', NULL, 'ACTIVE', '00000000-0000-0000-0000-000000000001', '2025-12-22 22:57:50.413484+07', '2025-12-22 22:57:50.413484+07', NULL, NULL, NULL, NULL, NULL, 7000000.00, NULL, '2025-12-02 22:57:50.413484+07', NULL, 'REMINDED', NULL, 0, NULL);
INSERT INTO files.contracts VALUES ('a5545550-6898-4fc4-a0f2-5f1da650d31b', 'a0f2d518-04b8-4f90-8288-aabcae6c0a61', 'TEST-RENEWAL-I-I3---03-REMINDED-3', 'RENTAL', '2025-06-22', '2026-01-01', NULL, 'ACTIVE', '00000000-0000-0000-0000-000000000001', '2025-12-22 22:57:50.413484+07', '2025-12-22 22:57:50.413484+07', NULL, NULL, NULL, NULL, NULL, 7000000.00, NULL, '2025-12-02 22:57:50.413484+07', NULL, 'REMINDED', NULL, 0, NULL);
INSERT INTO files.contracts VALUES ('d360ad7b-d946-46bf-a847-eac2243b9b2f', '8fb70781-265b-44e9-af38-dbc8947a49f8', 'TEST-RENEWAL-J-J3---03-REMINDED-3', 'RENTAL', '2025-06-22', '2026-01-01', NULL, 'ACTIVE', '00000000-0000-0000-0000-000000000001', '2025-12-22 22:57:50.413484+07', '2025-12-22 22:57:50.413484+07', NULL, NULL, NULL, NULL, NULL, 7000000.00, NULL, '2025-12-02 22:57:50.413484+07', NULL, 'REMINDED', NULL, 0, NULL);
INSERT INTO files.contracts VALUES ('8278ff9f-ba9b-4943-bc6d-eddc2c0acdd3', 'cdbeded4-e307-422b-88c8-537492320179', 'TEST-RENEWAL-D-D4---04-REMINDED-21DAYS', 'RENTAL', '2025-06-22', '2025-12-25', NULL, 'ACTIVE', '00000000-0000-0000-0000-000000000001', '2025-12-22 22:57:50.413484+07', '2025-12-22 22:57:50.413484+07', NULL, NULL, NULL, NULL, NULL, 7000000.00, NULL, '2025-12-01 22:57:50.413484+07', NULL, 'REMINDED', NULL, 0, NULL);
INSERT INTO files.contracts VALUES ('d4c8fcd3-893a-4c34-9511-5e2c6856e315', '881ee741-8da4-4e39-bc7d-66bf2400084e', 'TEST-RENEWAL-E-E4---04-REMINDED-21DAYS', 'RENTAL', '2025-06-22', '2025-12-25', NULL, 'ACTIVE', '00000000-0000-0000-0000-000000000001', '2025-12-22 22:57:50.413484+07', '2025-12-22 22:57:50.413484+07', NULL, NULL, NULL, NULL, NULL, 7000000.00, NULL, '2025-12-01 22:57:50.413484+07', NULL, 'REMINDED', NULL, 0, NULL);
INSERT INTO files.contracts VALUES ('d83f2b75-2596-4a7b-a617-12b6ffd1c946', 'c258dc39-767a-4ebf-a162-48cdc2f4dfcd', 'TEST-RENEWAL-G-G4---04-REMINDED-21DAYS', 'RENTAL', '2025-06-22', '2025-12-25', NULL, 'ACTIVE', '00000000-0000-0000-0000-000000000001', '2025-12-22 22:57:50.413484+07', '2025-12-22 22:57:50.413484+07', NULL, NULL, NULL, NULL, NULL, 10000000.00, NULL, '2025-12-01 22:57:50.413484+07', NULL, 'REMINDED', NULL, 0, NULL);
INSERT INTO files.contracts VALUES ('66bab50d-315b-4b8c-89f5-32aa6b0c1812', 'b3dc8433-6cc3-4769-8672-3363de9cdcd6', 'TEST-RENEWAL-C-C4---04-REMINDED-21DAYS', 'RENTAL', '2025-06-22', '2025-12-25', NULL, 'ACTIVE', '00000000-0000-0000-0000-000000000001', '2025-12-22 22:57:50.413484+07', '2025-12-22 22:57:50.413484+07', NULL, NULL, NULL, NULL, NULL, 10000000.00, NULL, '2025-12-01 22:57:50.413484+07', NULL, 'REMINDED', NULL, 0, NULL);
INSERT INTO files.contracts VALUES ('8b4cdfc2-8873-441b-8387-59555cdc9160', '1692ecc2-c46a-4abe-807e-c9cb919ebdcc', 'TEST-RENEWAL-H-H4---04-REMINDED-21DAYS', 'RENTAL', '2025-06-22', '2025-12-25', NULL, 'ACTIVE', '00000000-0000-0000-0000-000000000001', '2025-12-22 22:57:50.413484+07', '2025-12-22 22:57:50.413484+07', NULL, NULL, NULL, NULL, NULL, 10000000.00, NULL, '2025-12-01 22:57:50.413484+07', NULL, 'REMINDED', NULL, 0, NULL);
INSERT INTO files.contracts VALUES ('aa51a597-5109-449d-a592-688151614798', 'b002a5c7-d0f6-410d-898e-1f6fec15afdd', 'HDA2---02-211225', 'RENTAL', '2025-12-24', '2027-05-24', NULL, 'ACTIVE', 'c4c94ddf-36de-4bef-9f73-ced429f8c7b8', '2025-12-21 16:13:02.278676+07', '2025-12-21 16:13:02.278676+07', NULL, NULL, NULL, NULL, NULL, 20000000.00, NULL, NULL, NULL, 'PENDING', NULL, 0, NULL);
INSERT INTO files.contracts VALUES ('07bca4a0-7b70-40e9-ab40-f04fcd3a34d4', '1d1ce574-e4c4-4e87-953f-a1e4bb361616', 'TEST-RENEWAL-B-B4---04-REMINDED-21DAYS', 'RENTAL', '2025-06-22', '2025-12-25', NULL, 'ACTIVE', '00000000-0000-0000-0000-000000000001', '2025-12-22 22:57:50.413484+07', '2025-12-22 22:57:50.413484+07', NULL, NULL, NULL, NULL, NULL, 10000000.00, NULL, '2025-12-01 22:57:50.413484+07', NULL, 'REMINDED', NULL, 0, NULL);
INSERT INTO files.contracts VALUES ('196cb504-e244-449c-a6df-ad98cbf29604', 'ab261ef7-2463-46ff-9171-db09b985fc8d', 'TEST-RENEWAL-F-F4---04-REMINDED-21DAYS', 'RENTAL', '2025-06-22', '2025-12-25', NULL, 'ACTIVE', '00000000-0000-0000-0000-000000000001', '2025-12-22 22:57:50.413484+07', '2025-12-22 22:57:50.413484+07', NULL, NULL, NULL, NULL, NULL, 7000000.00, NULL, '2025-12-01 22:57:50.413484+07', NULL, 'REMINDED', NULL, 0, NULL);
INSERT INTO files.contracts VALUES ('2ef29447-4d4e-4fa3-8571-a80fdf62a84b', 'c9d069fd-3e74-4802-8908-d1fa2f5dc761', 'TEST-RENEWAL-I-I4---04-REMINDED-21DAYS', 'RENTAL', '2025-06-22', '2025-12-25', NULL, 'ACTIVE', '00000000-0000-0000-0000-000000000001', '2025-12-22 22:57:50.413484+07', '2025-12-22 22:57:50.413484+07', NULL, NULL, NULL, NULL, NULL, 10000000.00, NULL, '2025-12-01 22:57:50.413484+07', NULL, 'REMINDED', NULL, 0, NULL);
INSERT INTO files.contracts VALUES ('61b4e99e-3af3-46cf-96c3-f170d805bba9', '3d081cd6-99b6-4ebc-9e81-e25a28c8223a', 'TEST-RENEWAL-J-J4---04-REMINDED-21DAYS', 'RENTAL', '2025-06-22', '2025-12-25', NULL, 'ACTIVE', '00000000-0000-0000-0000-000000000001', '2025-12-22 22:57:50.413484+07', '2025-12-22 22:57:50.413484+07', NULL, NULL, NULL, NULL, NULL, 10000000.00, NULL, '2025-12-01 22:57:50.413484+07', NULL, 'REMINDED', NULL, 0, NULL);
INSERT INTO files.contracts VALUES ('930eae5a-679e-4c19-8c19-ce868b2bdc27', 'e647a2ec-8c60-4132-8f2f-6efffb074d1c', 'TEST-RENEWAL-D-D5---05-DECLINED', 'RENTAL', '2025-06-22', '2026-01-16', NULL, 'ACTIVE', '00000000-0000-0000-0000-000000000001', '2025-12-22 22:57:50.413484+07', '2025-12-22 22:57:50.413484+07', NULL, NULL, NULL, NULL, NULL, 5000000.00, NULL, '2025-11-27 22:57:50.413484+07', '2025-12-17 22:57:50.413484+07', 'DECLINED', NULL, 0, NULL);
INSERT INTO files.contracts VALUES ('62979064-c90e-4a5b-a6b9-e7968f3872e1', 'b59095dc-cb7f-4dd1-8c17-6d7396bd758c', 'TEST-RENEWAL-E-E5---05-DECLINED', 'RENTAL', '2025-06-22', '2026-01-16', NULL, 'ACTIVE', '00000000-0000-0000-0000-000000000001', '2025-12-22 22:57:50.413484+07', '2025-12-22 22:57:50.413484+07', NULL, NULL, NULL, NULL, NULL, 5000000.00, NULL, '2025-11-27 22:57:50.413484+07', '2025-12-17 22:57:50.413484+07', 'DECLINED', NULL, 0, NULL);
INSERT INTO files.contracts VALUES ('13c68c9e-2409-4f23-bbcf-68bf82140a11', 'e2c3b408-dc6c-41e1-83c5-476b29966adb', 'TEST-RENEWAL-G-G5---05-DECLINED', 'RENTAL', '2025-06-22', '2026-01-16', NULL, 'ACTIVE', '00000000-0000-0000-0000-000000000001', '2025-12-22 22:57:50.413484+07', '2025-12-22 22:57:50.413484+07', NULL, NULL, NULL, NULL, NULL, 5000000.00, NULL, '2025-11-27 22:57:50.413484+07', '2025-12-17 22:57:50.413484+07', 'DECLINED', NULL, 0, NULL);
INSERT INTO files.contracts VALUES ('bc43fa10-d4aa-4711-86ef-5918f1aa616d', 'b12f7f1f-05b5-4a38-8342-df97583b3b6d', 'TEST-RENEWAL-C-C5---05-DECLINED', 'RENTAL', '2025-06-22', '2026-01-16', NULL, 'ACTIVE', '00000000-0000-0000-0000-000000000001', '2025-12-22 22:57:50.413484+07', '2025-12-22 22:57:50.413484+07', NULL, NULL, NULL, NULL, NULL, 7000000.00, NULL, '2025-11-27 22:57:50.413484+07', '2025-12-17 22:57:50.413484+07', 'DECLINED', NULL, 0, NULL);
INSERT INTO files.contracts VALUES ('a06fa7cd-2c4d-4ff8-95d8-e65cf0cb31ff', 'a697d2d8-d957-4918-b48b-c210fba2faa2', 'TEST-RENEWAL-H-H5---05-DECLINED', 'RENTAL', '2025-06-22', '2026-01-16', NULL, 'ACTIVE', '00000000-0000-0000-0000-000000000001', '2025-12-22 22:57:50.413484+07', '2025-12-22 22:57:50.413484+07', NULL, NULL, NULL, NULL, NULL, 7000000.00, NULL, '2025-11-27 22:57:50.413484+07', '2025-12-17 22:57:50.413484+07', 'DECLINED', NULL, 0, NULL);
INSERT INTO files.contracts VALUES ('0a8efe08-37ea-400e-a40e-3cbecb1792da', 'cb05f596-8d9c-485c-8401-c5dd25a61b31', 'TEST-RENEWAL-B-B5---05-DECLINED', 'RENTAL', '2025-06-22', '2026-01-16', NULL, 'ACTIVE', '00000000-0000-0000-0000-000000000001', '2025-12-22 22:57:50.413484+07', '2025-12-22 22:57:50.413484+07', NULL, NULL, NULL, NULL, NULL, 5000000.00, NULL, '2025-11-27 22:57:50.413484+07', '2025-12-17 22:57:50.413484+07', 'DECLINED', NULL, 0, NULL);
INSERT INTO files.contracts VALUES ('26017279-f9a3-4a27-8bbf-1a8c099b64ef', '61a4b07b-1fc4-47d5-aa7a-19e800df779f', 'TEST-RENEWAL-F-F5---05-DECLINED', 'RENTAL', '2025-06-22', '2026-01-16', NULL, 'ACTIVE', '00000000-0000-0000-0000-000000000001', '2025-12-22 22:57:50.413484+07', '2025-12-22 22:57:50.413484+07', NULL, NULL, NULL, NULL, NULL, 5000000.00, NULL, '2025-11-27 22:57:50.413484+07', '2025-12-17 22:57:50.413484+07', 'DECLINED', NULL, 0, NULL);
INSERT INTO files.contracts VALUES ('91456936-c399-47e1-8992-52e8a9ec495c', '380ab681-81f8-4237-a574-b80ef7d66a2a', 'TEST-RENEWAL-I-I5---05-DECLINED', 'RENTAL', '2025-06-22', '2026-01-16', NULL, 'ACTIVE', '00000000-0000-0000-0000-000000000001', '2025-12-22 22:57:50.413484+07', '2025-12-22 22:57:50.413484+07', NULL, NULL, NULL, NULL, NULL, 7000000.00, NULL, '2025-11-27 22:57:50.413484+07', '2025-12-17 22:57:50.413484+07', 'DECLINED', NULL, 0, NULL);
INSERT INTO files.contracts VALUES ('b3f773d2-fc3b-44d0-8048-cfb7e01b0656', '65ee68d8-5a53-47e9-acf9-ac927f6ec2b7', 'TEST-RENEWAL-J-J5---05-DECLINED', 'RENTAL', '2025-06-22', '2026-01-16', NULL, 'ACTIVE', '00000000-0000-0000-0000-000000000001', '2025-12-22 22:57:50.413484+07', '2025-12-22 22:57:50.413484+07', NULL, NULL, NULL, NULL, NULL, 7000000.00, NULL, '2025-11-27 22:57:50.413484+07', '2025-12-17 22:57:50.413484+07', 'DECLINED', NULL, 0, NULL);
INSERT INTO files.contracts VALUES ('849840d4-ae53-40ae-be09-26d25b815c56', 'c9ec5d87-4086-43d0-a97c-0a285f7160de', 'TEST-STATUS-D-D1---01-INACTIVE-1DAY', 'RENTAL', '2025-12-23', '2026-12-22', NULL, 'INACTIVE', '00000000-0000-0000-0000-000000000001', '2025-12-22 22:57:50.413484+07', '2025-12-22 22:57:50.413484+07', NULL, NULL, NULL, NULL, NULL, 3000000.00, NULL, NULL, NULL, 'PENDING', NULL, 0, NULL);
INSERT INTO files.contracts VALUES ('3ac47e52-138d-4d7c-b955-4072d7eac0e2', 'f647beb3-367b-4e3b-bbb1-490669f5e84d', 'TEST-STATUS-E-E1---01-INACTIVE-1DAY', 'RENTAL', '2025-12-23', '2026-12-22', NULL, 'INACTIVE', '00000000-0000-0000-0000-000000000001', '2025-12-22 22:57:50.413484+07', '2025-12-22 22:57:50.413484+07', NULL, NULL, NULL, NULL, NULL, 3000000.00, NULL, NULL, NULL, 'PENDING', NULL, 0, NULL);
INSERT INTO files.contracts VALUES ('514a7bfd-8a2f-48f0-8e31-70ff56f8413d', '782716a3-1a44-4970-adbf-bdf69e6f675c', 'TEST-STATUS-G-G1---01-INACTIVE-1DAY', 'RENTAL', '2025-12-23', '2026-12-22', NULL, 'INACTIVE', '00000000-0000-0000-0000-000000000001', '2025-12-22 22:57:50.413484+07', '2025-12-22 22:57:50.413484+07', NULL, NULL, NULL, NULL, NULL, 3000000.00, NULL, NULL, NULL, 'PENDING', NULL, 0, NULL);
INSERT INTO files.contracts VALUES ('371db215-846e-4f7a-b7a2-f2794f0ede5c', 'ecbbd449-1c71-4699-9eb8-e6495d5a7765', 'TEST-STATUS-C-C1---01-INACTIVE-1DAY', 'RENTAL', '2025-12-23', '2026-12-22', NULL, 'INACTIVE', '00000000-0000-0000-0000-000000000001', '2025-12-22 22:57:50.413484+07', '2025-12-22 22:57:50.413484+07', NULL, NULL, NULL, NULL, NULL, 5000000.00, NULL, NULL, NULL, 'PENDING', NULL, 0, NULL);
INSERT INTO files.contracts VALUES ('30904ae7-388b-4819-ae41-041ba5c0a124', '4275cf1c-b37f-4f3e-98de-e0dfa6890a79', 'TEST-STATUS-H-H1---01-INACTIVE-1DAY', 'RENTAL', '2025-12-23', '2026-12-22', NULL, 'INACTIVE', '00000000-0000-0000-0000-000000000001', '2025-12-22 22:57:50.413484+07', '2025-12-22 22:57:50.413484+07', NULL, NULL, NULL, NULL, NULL, 3000000.00, NULL, NULL, NULL, 'PENDING', NULL, 0, NULL);
INSERT INTO files.contracts VALUES ('e5eceb8b-b47f-4f9a-b789-91ef79d1ed19', '913b3048-c084-4b4f-9675-cfde360d6ed7', 'TEST-STATUS-B-B1---01-INACTIVE-1DAY', 'RENTAL', '2025-12-23', '2026-12-22', NULL, 'INACTIVE', '00000000-0000-0000-0000-000000000001', '2025-12-22 22:57:50.413484+07', '2025-12-22 22:57:50.413484+07', NULL, NULL, NULL, NULL, NULL, 3000000.00, NULL, NULL, NULL, 'PENDING', NULL, 0, NULL);
INSERT INTO files.contracts VALUES ('709c4a6e-4aa7-4413-949e-b9133c0d4404', '8b7594af-81da-49a9-87d3-eb98d158c931', 'TEST-STATUS-F-F1---01-INACTIVE-1DAY', 'RENTAL', '2025-12-23', '2026-12-22', NULL, 'INACTIVE', '00000000-0000-0000-0000-000000000001', '2025-12-22 22:57:50.413484+07', '2025-12-22 22:57:50.413484+07', NULL, NULL, NULL, NULL, NULL, 3000000.00, NULL, NULL, NULL, 'PENDING', NULL, 0, NULL);
INSERT INTO files.contracts VALUES ('645a9261-3555-4f32-9d27-9bdc988b5f2e', '27f3220b-5d00-4ede-a4bf-7e7eb548e596', 'TEST-STATUS-I-I1---01-INACTIVE-1DAY', 'RENTAL', '2025-12-23', '2026-12-22', NULL, 'INACTIVE', '00000000-0000-0000-0000-000000000001', '2025-12-22 22:57:50.413484+07', '2025-12-22 22:57:50.413484+07', NULL, NULL, NULL, NULL, NULL, 5000000.00, NULL, NULL, NULL, 'PENDING', NULL, 0, NULL);
INSERT INTO files.contracts VALUES ('68f9d2d1-38a0-4533-914f-32cc2432245f', '18640520-7f0f-4ae6-a78f-f41f59e67fc5', 'TEST-STATUS-J-J1---01-INACTIVE-1DAY', 'RENTAL', '2025-12-23', '2026-12-22', NULL, 'INACTIVE', '00000000-0000-0000-0000-000000000001', '2025-12-22 22:57:50.413484+07', '2025-12-22 22:57:50.413484+07', NULL, NULL, NULL, NULL, NULL, 5000000.00, NULL, NULL, NULL, 'PENDING', NULL, 0, NULL);
INSERT INTO files.contracts VALUES ('659a48f1-bdb2-438d-8253-dc385b1bf87e', '6e87c32b-267e-4da5-9a88-d47c48f8698b', 'TEST-STATUS-D-D2---02-INACTIVE-7DAYS', 'RENTAL', '2025-12-29', '2026-12-29', NULL, 'INACTIVE', '00000000-0000-0000-0000-000000000001', '2025-12-22 22:57:50.413484+07', '2025-12-22 22:57:50.413484+07', NULL, NULL, NULL, NULL, NULL, 5000000.00, NULL, NULL, NULL, 'PENDING', NULL, 0, NULL);
INSERT INTO files.contracts VALUES ('48cf4e5a-38c1-4f8d-98e3-9bf538a6c3b9', '95f001b2-32b3-49b1-a9f8-281e0716b67a', 'TEST-STATUS-E-E2---02-INACTIVE-7DAYS', 'RENTAL', '2025-12-29', '2026-12-29', NULL, 'INACTIVE', '00000000-0000-0000-0000-000000000001', '2025-12-22 22:57:50.413484+07', '2025-12-22 22:57:50.413484+07', NULL, NULL, NULL, NULL, NULL, 5000000.00, NULL, NULL, NULL, 'PENDING', NULL, 0, NULL);
INSERT INTO files.contracts VALUES ('465e0165-964d-4cd2-b9fb-f98dabf825b6', '741acf8d-b496-4f4f-bacf-e90b727d5a63', 'TEST-STATUS-G-G2---02-INACTIVE-7DAYS', 'RENTAL', '2025-12-29', '2026-12-29', NULL, 'INACTIVE', '00000000-0000-0000-0000-000000000001', '2025-12-22 22:57:50.413484+07', '2025-12-22 22:57:50.413484+07', NULL, NULL, NULL, NULL, NULL, 5000000.00, NULL, NULL, NULL, 'PENDING', NULL, 0, NULL);
INSERT INTO files.contracts VALUES ('690be33f-3100-459e-bc2a-1027c59b3341', 'aa58685c-36ef-462e-9754-a118067b9c87', 'TEST-STATUS-C-C2---02-INACTIVE-7DAYS', 'RENTAL', '2025-12-29', '2026-12-29', NULL, 'INACTIVE', '00000000-0000-0000-0000-000000000001', '2025-12-22 22:57:50.413484+07', '2025-12-22 22:57:50.413484+07', NULL, NULL, NULL, NULL, NULL, 5000000.00, NULL, NULL, NULL, 'PENDING', NULL, 0, NULL);
INSERT INTO files.contracts VALUES ('394b0880-d132-4a5c-ae28-6a2381e6b688', 'e5d94302-9399-4aab-805a-2e251300da9e', 'TEST-STATUS-H-H2---02-INACTIVE-7DAYS', 'RENTAL', '2025-12-29', '2026-12-29', NULL, 'INACTIVE', '00000000-0000-0000-0000-000000000001', '2025-12-22 22:57:50.413484+07', '2025-12-22 22:57:50.413484+07', NULL, NULL, NULL, NULL, NULL, 5000000.00, NULL, NULL, NULL, 'PENDING', NULL, 0, NULL);
INSERT INTO files.contracts VALUES ('06b5a2e4-2d00-49f9-8a6e-c1a2cc5693c3', '3298a769-c7b2-437a-8939-6215b9ea326f', 'TEST-STATUS-B-B2---02-INACTIVE-7DAYS', 'RENTAL', '2025-12-29', '2026-12-29', NULL, 'INACTIVE', '00000000-0000-0000-0000-000000000001', '2025-12-22 22:57:50.413484+07', '2025-12-22 22:57:50.413484+07', NULL, NULL, NULL, NULL, NULL, 5000000.00, NULL, NULL, NULL, 'PENDING', NULL, 0, NULL);
INSERT INTO files.contracts VALUES ('66d64362-5c5c-4936-a7a5-4a8f43c4f110', '6c6de381-c93d-4892-9145-21eefa50a6e9', 'TEST-STATUS-F-F2---02-INACTIVE-7DAYS', 'RENTAL', '2025-12-29', '2026-12-29', NULL, 'INACTIVE', '00000000-0000-0000-0000-000000000001', '2025-12-22 22:57:50.413484+07', '2025-12-22 22:57:50.413484+07', NULL, NULL, NULL, NULL, NULL, 5000000.00, NULL, NULL, NULL, 'PENDING', NULL, 0, NULL);
INSERT INTO files.contracts VALUES ('91d7b3ee-ed6a-44a0-a65d-217850825860', '00a622f6-8b41-496c-b52d-4bae9ed49458', 'TEST-STATUS-I-I2---02-INACTIVE-7DAYS', 'RENTAL', '2025-12-29', '2026-12-29', NULL, 'INACTIVE', '00000000-0000-0000-0000-000000000001', '2025-12-22 22:57:50.413484+07', '2025-12-22 22:57:50.413484+07', NULL, NULL, NULL, NULL, NULL, 5000000.00, NULL, NULL, NULL, 'PENDING', NULL, 0, NULL);
INSERT INTO files.contracts VALUES ('0990842d-65c9-4169-a218-d12e6026a4cc', 'c566ac39-bcfb-4ec1-a0df-ad617d3d1dec', 'TEST-STATUS-J-J2---02-INACTIVE-7DAYS', 'RENTAL', '2025-12-29', '2026-12-29', NULL, 'INACTIVE', '00000000-0000-0000-0000-000000000001', '2025-12-22 22:57:50.413484+07', '2025-12-22 22:57:50.413484+07', NULL, NULL, NULL, NULL, NULL, 5000000.00, NULL, NULL, NULL, 'PENDING', NULL, 0, NULL);
INSERT INTO files.contracts VALUES ('0bd46bb5-494d-4ac2-9eac-1a64901b8662', 'eb49affe-e1ea-4a55-a2fa-3677353ebf2e', 'TEST-STATUS-D-D3---03-EXPIRED', 'RENTAL', '2024-12-22', '2025-11-22', NULL, 'EXPIRED', '00000000-0000-0000-0000-000000000001', '2025-12-22 22:57:50.413484+07', '2025-12-22 22:57:50.413484+07', NULL, NULL, NULL, NULL, NULL, 5000000.00, NULL, NULL, NULL, 'DECLINED', NULL, 0, NULL);
INSERT INTO files.contracts VALUES ('59c5c89c-e247-41a1-b2df-b59f56fabd86', 'b7da7e27-dc7c-4cb7-8872-b44a98a2e595', 'TEST-STATUS-E-E3---03-EXPIRED', 'RENTAL', '2024-12-22', '2025-11-22', NULL, 'EXPIRED', '00000000-0000-0000-0000-000000000001', '2025-12-22 22:57:50.413484+07', '2025-12-22 22:57:50.413484+07', NULL, NULL, NULL, NULL, NULL, 7000000.00, NULL, NULL, NULL, 'DECLINED', NULL, 0, NULL);
INSERT INTO files.contracts VALUES ('24e57640-43cd-4a8f-a9d3-5ab34a462bd1', '044149e5-6707-4912-b369-8cab5fc990e3', 'TEST-STATUS-G-G3---03-EXPIRED', 'RENTAL', '2024-12-22', '2025-11-22', NULL, 'EXPIRED', '00000000-0000-0000-0000-000000000001', '2025-12-22 22:57:50.413484+07', '2025-12-22 22:57:50.413484+07', NULL, NULL, NULL, NULL, NULL, 7000000.00, NULL, NULL, NULL, 'DECLINED', NULL, 0, NULL);
INSERT INTO files.contracts VALUES ('de250d85-931b-44c5-a72d-4d291bc10bdd', '15bd6e10-4ddf-4a72-87bc-641de7dd0d77', 'TEST-STATUS-H-H3---03-EXPIRED', 'RENTAL', '2024-12-22', '2025-11-22', NULL, 'EXPIRED', '00000000-0000-0000-0000-000000000001', '2025-12-22 22:57:50.413484+07', '2025-12-22 22:57:50.413484+07', NULL, NULL, NULL, NULL, NULL, 7000000.00, NULL, NULL, NULL, 'DECLINED', NULL, 0, NULL);

INSERT INTO iam.permissions VALUES ('base.tenant.create', 'Create tenants');
INSERT INTO iam.permissions VALUES ('base.tenant.read', 'Read tenant information');
INSERT INTO iam.permissions VALUES ('base.tenant.update', 'Update tenant information');
INSERT INTO iam.permissions VALUES ('base.tenant.delete', 'Delete tenants');
INSERT INTO iam.permissions VALUES ('base.tenant.delete.request', 'Request tenant deletion');
INSERT INTO iam.permissions VALUES ('base.tenant.delete.approve', 'Approve tenant deletion');
INSERT INTO iam.permissions VALUES ('base.building.create', 'Create buildings');
INSERT INTO iam.permissions VALUES ('base.building.read', 'Read building information');
INSERT INTO iam.permissions VALUES ('base.building.update', 'Update building information');
INSERT INTO iam.permissions VALUES ('base.building.delete', 'Delete buildings');
INSERT INTO iam.permissions VALUES ('base.building.delete.request', 'Request building deletion');
INSERT INTO iam.permissions VALUES ('base.building.delete.approve', 'Approve building deletion');
INSERT INTO iam.permissions VALUES ('base.unit.create', 'Create units');
INSERT INTO iam.permissions VALUES ('base.unit.read', 'Read unit information');
INSERT INTO iam.permissions VALUES ('base.unit.update', 'Update unit information');
INSERT INTO iam.permissions VALUES ('base.unit.delete', 'Delete units');
INSERT INTO iam.permissions VALUES ('base.unit.view', 'View units');
INSERT INTO iam.permissions VALUES ('base.unit.status.manage', 'Manage unit status');
INSERT INTO iam.permissions VALUES ('base.vehicle.create', 'Create vehicle records');
INSERT INTO iam.permissions VALUES ('base.vehicle.read', 'Read vehicle information');
INSERT INTO iam.permissions VALUES ('base.vehicle.update', 'Update vehicle information');
INSERT INTO iam.permissions VALUES ('base.vehicle.delete', 'Delete vehicle records');
INSERT INTO iam.permissions VALUES ('base.vehicle.view', 'View vehicles');
INSERT INTO iam.permissions VALUES ('base.vehicle.status.manage', 'Manage vehicle status');
INSERT INTO iam.permissions VALUES ('base.vehicle.registration.create', 'Create vehicle registration');
INSERT INTO iam.permissions VALUES ('base.vehicle.registration.read', 'Read vehicle registration');
INSERT INTO iam.permissions VALUES ('base.vehicle.registration.update', 'Update vehicle registration');
INSERT INTO iam.permissions VALUES ('base.vehicle.registration.delete', 'Delete vehicle registration');
INSERT INTO iam.permissions VALUES ('base.vehicle.registration.approve', 'Approve vehicle registration');
INSERT INTO iam.permissions VALUES ('base.vehicle.registration.view', 'View vehicle registrations');
INSERT INTO iam.permissions VALUES ('base.vehicle.registration.cancel', 'Cancel vehicle registration');
INSERT INTO iam.permissions VALUES ('iam.user.create', 'Create users');
INSERT INTO iam.permissions VALUES ('iam.user.read', 'Read user information');
INSERT INTO iam.permissions VALUES ('iam.user.update', 'Update user information');
INSERT INTO iam.permissions VALUES ('iam.user.delete', 'Delete users');
INSERT INTO iam.permissions VALUES ('iam.user.activate', 'Activate/deactivate users');
INSERT INTO iam.permissions VALUES ('iam.role.create', 'Create roles');
INSERT INTO iam.permissions VALUES ('iam.role.read', 'Read role information');
INSERT INTO iam.permissions VALUES ('iam.role.update', 'Update role information');
INSERT INTO iam.permissions VALUES ('iam.role.delete', 'Delete roles');
INSERT INTO iam.permissions VALUES ('iam.role.assign', 'Assign roles to users');
INSERT INTO iam.permissions VALUES ('iam.permission.create', 'Create permissions');
INSERT INTO iam.permissions VALUES ('iam.permission.read', 'Read permission information');
INSERT INTO iam.permissions VALUES ('iam.permission.update', 'Update permission information');
INSERT INTO iam.permissions VALUES ('iam.permission.delete', 'Delete permissions');
INSERT INTO iam.permissions VALUES ('maintenance.request.create', 'Create maintenance requests');
INSERT INTO iam.permissions VALUES ('maintenance.request.read', 'Read maintenance information');
INSERT INTO iam.permissions VALUES ('maintenance.request.update', 'Update maintenance requests');
INSERT INTO iam.permissions VALUES ('maintenance.request.delete', 'Delete maintenance requests');
INSERT INTO iam.permissions VALUES ('maintenance.request.assign', 'Assign maintenance tasks');
INSERT INTO iam.permissions VALUES ('maintenance.request.approve', 'Approve maintenance requests');
INSERT INTO iam.permissions VALUES ('finance.read', 'Read financial information');
INSERT INTO iam.permissions VALUES ('finance.update', 'Update financial records');
INSERT INTO iam.permissions VALUES ('finance.delete', 'Delete financial records');
INSERT INTO iam.permissions VALUES ('finance.create', 'Create financial records');
INSERT INTO iam.permissions VALUES ('finance.approve', 'Approve financial transactions');
INSERT INTO iam.permissions VALUES ('document.create', 'Create documents');
INSERT INTO iam.permissions VALUES ('document.read', 'Read documents');
INSERT INTO iam.permissions VALUES ('document.update', 'Update documents');
INSERT INTO iam.permissions VALUES ('document.delete', 'Delete documents');
INSERT INTO iam.permissions VALUES ('document.upload', 'Upload documents');
INSERT INTO iam.permissions VALUES ('document.download', 'Download documents');
INSERT INTO iam.permissions VALUES ('report.read', 'Read reports');
INSERT INTO iam.permissions VALUES ('report.create', 'Create reports');
INSERT INTO iam.permissions VALUES ('report.export', 'Export reports');
INSERT INTO iam.permissions VALUES ('report.approve', 'Approve reports');
INSERT INTO iam.permissions VALUES ('system.config', 'Configure system settings');
INSERT INTO iam.permissions VALUES ('system.backup', 'Create system backups');
INSERT INTO iam.permissions VALUES ('system.log', 'View system logs');
INSERT INTO iam.permissions VALUES ('system.monitor', 'Monitor system health');
INSERT INTO iam.permissions VALUES ('system.maintenance', 'Perform system maintenance');
INSERT INTO iam.permissions VALUES ('iam.user.role.manage', 'Manage user roles');
INSERT INTO iam.permissions VALUES ('iam.user.permission.read', 'Read user permissions');
INSERT INTO iam.permissions VALUES ('iam.user.password.reset', 'Reset user passwords');
INSERT INTO iam.permissions VALUES ('iam.user.password.change', 'Change user passwords');
INSERT INTO iam.permissions VALUES ('iam.user.account.lock', 'Lock user accounts');
INSERT INTO iam.permissions VALUES ('iam.user.account.unlock', 'Unlock user accounts');
INSERT INTO iam.permissions VALUES ('iam.role.remove', 'Remove roles from users');
INSERT INTO iam.permissions VALUES ('iam.role.permission.read', 'Read role permissions');
INSERT INTO iam.permissions VALUES ('iam.role.permission.manage', 'Manage role permissions');
INSERT INTO iam.permissions VALUES ('iam.tenant.role.read', 'Read tenant roles');
INSERT INTO iam.permissions VALUES ('iam.tenant.role.assign', 'Assign tenant roles');
INSERT INTO iam.permissions VALUES ('iam.tenant.role.remove', 'Remove tenant roles');
INSERT INTO iam.permissions VALUES ('iam.tenant.manager.read', 'Read tenant managers');
INSERT INTO iam.permissions VALUES ('iam.system.stats.read', 'Read system statistics');
INSERT INTO iam.permissions VALUES ('iam.system.settings.manage', 'Manage system settings');
INSERT INTO iam.permissions VALUES ('iam.system.audit.read', 'Read audit logs');
INSERT INTO iam.permissions VALUES ('iam.system.data.export', 'Export system data');
INSERT INTO iam.permissions VALUES ('iam.system.data.import', 'Import system data');
INSERT INTO iam.permissions VALUES ('iam.test.generate_token', 'Generate test tokens');
INSERT INTO iam.permissions VALUES ('iam.test.access', 'Access test endpoints');
INSERT INTO iam.permissions VALUES ('iam.employee.read', 'View employee information');
INSERT INTO iam.permissions VALUES ('iam.employee.role.assign', 'Assign roles to employees');
INSERT INTO iam.permissions VALUES ('iam.employee.role.remove', 'Remove roles from employees');
INSERT INTO iam.permissions VALUES ('iam.employee.role.bulk_assign', 'Bulk assign roles to employees');
INSERT INTO iam.permissions VALUES ('iam.employee.export', 'Export employee list');
INSERT INTO iam.permissions VALUES ('iam.employee.import', 'Import employee list');
INSERT INTO iam.permissions VALUES ('iam.permission.manage', 'Manage user permissions');
INSERT INTO iam.permissions VALUES ('base.building.manage', 'Manage building information');
INSERT INTO iam.permissions VALUES ('base.unit.manage', 'Manage units/apartments');
INSERT INTO iam.permissions VALUES ('base.resident.manage', 'Manage residents');
INSERT INTO iam.permissions VALUES ('base.resident.approve', 'Approve resident applications');
INSERT INTO iam.permissions VALUES ('finance.fee.manage', 'Manage fees and billing');
 

INSERT INTO iam.role_permissions VALUES ('ACCOUNTANT', 'base.tenant.read');
INSERT INTO iam.role_permissions VALUES ('ACCOUNTANT', 'base.building.read');
INSERT INTO iam.role_permissions VALUES ('ACCOUNTANT', 'base.unit.read');
INSERT INTO iam.role_permissions VALUES ('ACCOUNTANT', 'base.unit.view');
INSERT INTO iam.role_permissions VALUES ('ACCOUNTANT', 'base.vehicle.read');
INSERT INTO iam.role_permissions VALUES ('ACCOUNTANT', 'base.vehicle.view');
INSERT INTO iam.role_permissions VALUES ('ACCOUNTANT', 'maintenance.request.create');
INSERT INTO iam.role_permissions VALUES ('ACCOUNTANT', 'maintenance.request.read');
INSERT INTO iam.role_permissions VALUES ('ACCOUNTANT', 'document.read');
INSERT INTO iam.role_permissions VALUES ('ACCOUNTANT', 'document.download');
INSERT INTO iam.role_permissions VALUES ('ACCOUNTANT', 'report.read');
INSERT INTO iam.role_permissions VALUES ('ADMIN', 'base.vehicle.create');
INSERT INTO iam.role_permissions VALUES ('ADMIN', 'base.vehicle.read');
INSERT INTO iam.role_permissions VALUES ('ADMIN', 'base.vehicle.update');
INSERT INTO iam.role_permissions VALUES ('ADMIN', 'base.vehicle.delete');
INSERT INTO iam.role_permissions VALUES ('ADMIN', 'base.vehicle.view');
INSERT INTO iam.role_permissions VALUES ('ADMIN', 'base.vehicle.status.manage');
INSERT INTO iam.role_permissions VALUES ('ADMIN', 'base.vehicle.registration.create');
INSERT INTO iam.role_permissions VALUES ('ADMIN', 'base.vehicle.registration.read');
INSERT INTO iam.role_permissions VALUES ('ADMIN', 'base.vehicle.registration.update');
INSERT INTO iam.role_permissions VALUES ('ADMIN', 'base.vehicle.registration.delete');
INSERT INTO iam.role_permissions VALUES ('ADMIN', 'base.vehicle.registration.approve');
INSERT INTO iam.role_permissions VALUES ('ADMIN', 'base.vehicle.registration.view');
INSERT INTO iam.role_permissions VALUES ('ADMIN', 'base.vehicle.registration.cancel');
INSERT INTO iam.role_permissions VALUES ('ADMIN', 'iam.user.create');
INSERT INTO iam.role_permissions VALUES ('ADMIN', 'iam.user.read');
INSERT INTO iam.role_permissions VALUES ('ADMIN', 'iam.user.update');
INSERT INTO iam.role_permissions VALUES ('ADMIN', 'iam.user.delete');
INSERT INTO iam.role_permissions VALUES ('ADMIN', 'iam.user.activate');
INSERT INTO iam.role_permissions VALUES ('ADMIN', 'iam.role.create');
INSERT INTO iam.role_permissions VALUES ('ADMIN', 'iam.role.read');
INSERT INTO iam.role_permissions VALUES ('ADMIN', 'iam.role.update');
INSERT INTO iam.role_permissions VALUES ('ADMIN', 'iam.role.delete');
INSERT INTO iam.role_permissions VALUES ('ADMIN', 'iam.role.assign');
INSERT INTO iam.role_permissions VALUES ('ADMIN', 'iam.permission.create');
INSERT INTO iam.role_permissions VALUES ('ADMIN', 'iam.permission.read');
INSERT INTO iam.role_permissions VALUES ('ADMIN', 'iam.permission.update');
INSERT INTO iam.role_permissions VALUES ('ADMIN', 'iam.permission.delete');
INSERT INTO iam.role_permissions VALUES ('ADMIN', 'maintenance.request.create');
INSERT INTO iam.role_permissions VALUES ('ADMIN', 'maintenance.request.read');
INSERT INTO iam.role_permissions VALUES ('ACCOUNTANT', 'iam.user.password.change');
INSERT INTO iam.role_permissions VALUES ('ACCOUNTANT', 'iam.employee.read');
INSERT INTO iam.role_permissions VALUES ('ACCOUNTANT', 'finance.fee.manage');
INSERT INTO iam.role_permissions VALUES ('ACCOUNTANT', 'base.tenant.create');
INSERT INTO iam.role_permissions VALUES ('ADMIN', 'maintenance.request.update');
INSERT INTO iam.role_permissions VALUES ('ADMIN', 'maintenance.request.delete');
INSERT INTO iam.role_permissions VALUES ('ADMIN', 'maintenance.request.assign');
INSERT INTO iam.role_permissions VALUES ('ADMIN', 'maintenance.request.approve');
INSERT INTO iam.role_permissions VALUES ('ADMIN', 'finance.read');
INSERT INTO iam.role_permissions VALUES ('ADMIN', 'finance.update');
INSERT INTO iam.role_permissions VALUES ('ADMIN', 'finance.delete');
INSERT INTO iam.role_permissions VALUES ('ADMIN', 'finance.create');
INSERT INTO iam.role_permissions VALUES ('ADMIN', 'finance.approve');
INSERT INTO iam.role_permissions VALUES ('ADMIN', 'document.create');
INSERT INTO iam.role_permissions VALUES ('ADMIN', 'document.read');
INSERT INTO iam.role_permissions VALUES ('ADMIN', 'document.update');
INSERT INTO iam.role_permissions VALUES ('ADMIN', 'document.delete');
INSERT INTO iam.role_permissions VALUES ('ADMIN', 'document.upload');
INSERT INTO iam.role_permissions VALUES ('ADMIN', 'document.download');
INSERT INTO iam.role_permissions VALUES ('ADMIN', 'report.read');
INSERT INTO iam.role_permissions VALUES ('ADMIN', 'report.create');
INSERT INTO iam.role_permissions VALUES ('ADMIN', 'report.export');
INSERT INTO iam.role_permissions VALUES ('ADMIN', 'report.approve');
INSERT INTO iam.role_permissions VALUES ('ADMIN', 'system.config');
INSERT INTO iam.role_permissions VALUES ('ADMIN', 'system.backup');
INSERT INTO iam.role_permissions VALUES ('ADMIN', 'system.log');
INSERT INTO iam.role_permissions VALUES ('ADMIN', 'system.monitor');
INSERT INTO iam.role_permissions VALUES ('ADMIN', 'system.maintenance');
INSERT INTO iam.role_permissions VALUES ('ADMIN', 'iam.user.role.manage');
INSERT INTO iam.role_permissions VALUES ('ADMIN', 'iam.user.permission.read');
INSERT INTO iam.role_permissions VALUES ('ADMIN', 'iam.user.password.reset');
INSERT INTO iam.role_permissions VALUES ('ADMIN', 'iam.user.password.change');
INSERT INTO iam.role_permissions VALUES ('ADMIN', 'iam.user.account.lock');
INSERT INTO iam.role_permissions VALUES ('ADMIN', 'iam.user.account.unlock');
INSERT INTO iam.role_permissions VALUES ('ADMIN', 'iam.role.remove');
INSERT INTO iam.role_permissions VALUES ('ADMIN', 'iam.role.permission.read');
INSERT INTO iam.role_permissions VALUES ('ADMIN', 'iam.role.permission.manage');
INSERT INTO iam.role_permissions VALUES ('ADMIN', 'iam.tenant.role.read');
INSERT INTO iam.role_permissions VALUES ('ADMIN', 'iam.tenant.role.assign');
INSERT INTO iam.role_permissions VALUES ('ADMIN', 'iam.tenant.role.remove');
INSERT INTO iam.role_permissions VALUES ('ADMIN', 'iam.tenant.manager.read');
INSERT INTO iam.role_permissions VALUES ('ADMIN', 'iam.system.stats.read');
INSERT INTO iam.role_permissions VALUES ('ADMIN', 'iam.system.settings.manage');
INSERT INTO iam.role_permissions VALUES ('ADMIN', 'iam.system.audit.read');
INSERT INTO iam.role_permissions VALUES ('ADMIN', 'iam.system.data.export');
INSERT INTO iam.role_permissions VALUES ('ADMIN', 'iam.system.data.import');
INSERT INTO iam.role_permissions VALUES ('ADMIN', 'iam.test.generate_token');
INSERT INTO iam.role_permissions VALUES ('ADMIN', 'iam.test.access');
INSERT INTO iam.role_permissions VALUES ('TECHNICIAN', 'base.unit.read');
INSERT INTO iam.role_permissions VALUES ('TECHNICIAN', 'base.unit.view');
INSERT INTO iam.role_permissions VALUES ('TECHNICIAN', 'base.unit.status.manage');
INSERT INTO iam.role_permissions VALUES ('TECHNICIAN', 'base.vehicle.read');
INSERT INTO iam.role_permissions VALUES ('TECHNICIAN', 'base.vehicle.view');
INSERT INTO iam.role_permissions VALUES ('TECHNICIAN', 'base.vehicle.status.manage');
INSERT INTO iam.role_permissions VALUES ('TECHNICIAN', 'maintenance.request.read');
INSERT INTO iam.role_permissions VALUES ('TECHNICIAN', 'maintenance.request.update');
INSERT INTO iam.role_permissions VALUES ('TECHNICIAN', 'maintenance.request.assign');
INSERT INTO iam.role_permissions VALUES ('TECHNICIAN', 'maintenance.request.approve');
INSERT INTO iam.role_permissions VALUES ('TECHNICIAN', 'document.read');
INSERT INTO iam.role_permissions VALUES ('TECHNICIAN', 'document.upload');
INSERT INTO iam.role_permissions VALUES ('TECHNICIAN', 'document.download');
INSERT INTO iam.role_permissions VALUES ('TECHNICIAN', 'report.read');
INSERT INTO iam.role_permissions VALUES ('TECHNICIAN', 'report.create');
INSERT INTO iam.role_permissions VALUES ('TECHNICIAN', 'iam.user.read');
INSERT INTO iam.role_permissions VALUES ('TECHNICIAN', 'iam.role.read');
INSERT INTO iam.role_permissions VALUES ('TECHNICIAN', 'iam.role.permission.read');
INSERT INTO iam.role_permissions VALUES ('TECHNICIAN', 'iam.permission.read');
INSERT INTO iam.role_permissions VALUES ('TECHNICIAN', 'base.tenant.create');
INSERT INTO iam.role_permissions VALUES ('TECHNICIAN', 'maintenance.request.create');
INSERT INTO iam.role_permissions VALUES ('SUPPORTER', 'base.tenant.read');
INSERT INTO iam.role_permissions VALUES ('SUPPORTER', 'base.building.read');
INSERT INTO iam.role_permissions VALUES ('SUPPORTER', 'base.unit.read');
INSERT INTO iam.role_permissions VALUES ('SUPPORTER', 'base.unit.view');
INSERT INTO iam.role_permissions VALUES ('SUPPORTER', 'base.vehicle.read');
INSERT INTO iam.role_permissions VALUES ('SUPPORTER', 'base.vehicle.view');
INSERT INTO iam.role_permissions VALUES ('SUPPORTER', 'maintenance.request.create');
INSERT INTO iam.role_permissions VALUES ('SUPPORTER', 'maintenance.request.read');
INSERT INTO iam.role_permissions VALUES ('SUPPORTER', 'maintenance.request.update');
INSERT INTO iam.role_permissions VALUES ('SUPPORTER', 'maintenance.request.assign');
INSERT INTO iam.role_permissions VALUES ('SUPPORTER', 'document.read');
INSERT INTO iam.role_permissions VALUES ('SUPPORTER', 'document.upload');
INSERT INTO iam.role_permissions VALUES ('SUPPORTER', 'document.download');
INSERT INTO iam.role_permissions VALUES ('SUPPORTER', 'report.read');
INSERT INTO iam.role_permissions VALUES ('SUPPORTER', 'iam.user.read');
INSERT INTO iam.role_permissions VALUES ('SUPPORTER', 'iam.role.read');
INSERT INTO iam.role_permissions VALUES ('SUPPORTER', 'iam.role.permission.read');
INSERT INTO iam.role_permissions VALUES ('SUPPORTER', 'iam.permission.read');

INSERT INTO iam.roles VALUES ('ACCOUNTANT', 'Accountant', '2025-11-02 17:55:37.707045+07');
INSERT INTO iam.roles VALUES ('UNIT_OWNER', 'Unit Owner', '2025-11-02 17:55:37.707045+07');
INSERT INTO iam.roles VALUES ('ADMIN', 'Administrator', '2025-11-02 17:55:37.707045+07');
INSERT INTO iam.roles VALUES ('TECHNICIAN', 'Technician', '2025-11-02 17:55:37.707045+07');
INSERT INTO iam.roles VALUES ('SUPPORTER', 'Supporter', '2025-11-02 17:55:37.707045+07');
INSERT INTO iam.roles VALUES ('RESIDENT', 'Resident', '2025-11-02 17:55:37.707045+07');

 
INSERT INTO iam.user_roles VALUES ('990e8400-e29b-41d4-a716-446655440004', 'ACCOUNTANT', '2025-10-19 18:16:17.303119+07', 'system');
INSERT INTO iam.user_roles VALUES ('c50e8400-e29b-41d4-a716-446655440104', 'ACCOUNTANT', '2025-10-20 19:35:47.657619+07', 'system');
INSERT INTO iam.user_roles VALUES ('44444444-4444-4444-4444-444444444444', 'ACCOUNTANT', '2025-10-22 10:10:24.361136+07', 'system');
INSERT INTO iam.user_roles VALUES ('550e8400-e29b-41d4-a716-446655440000', 'ADMIN', '2025-10-19 18:16:17.303119+07', 'system');
INSERT INTO iam.user_roles VALUES ('c10e8400-e29b-41d4-a716-446655440100', 'ADMIN', '2025-10-20 19:35:47.657619+07', 'system');
INSERT INTO iam.user_roles VALUES ('770e8400-e29b-41d4-a716-446655440002', 'TECHNICIAN', '2025-10-19 18:16:17.303119+07', 'system');
INSERT INTO iam.user_roles VALUES ('c30e8400-e29b-41d4-a716-446655440102', 'TECHNICIAN', '2025-10-20 19:35:47.657619+07', 'system');
INSERT INTO iam.user_roles VALUES ('11111111-1111-1111-1111-111111111111', 'TECHNICIAN', '2025-10-22 10:10:24.361136+07', 'system');
INSERT INTO iam.user_roles VALUES ('33333333-3333-3333-3333-333333333333', 'TECHNICIAN', '2025-10-22 10:10:24.361136+07', 'system');
INSERT INTO iam.user_roles VALUES ('66666666-6666-6666-6666-666666666666', 'TECHNICIAN', '2025-10-22 10:10:24.361136+07', 'system');
INSERT INTO iam.user_roles VALUES ('880e8400-e29b-41d4-a716-446655440003', 'SUPPORTER', '2025-10-19 18:16:17.303119+07', 'system');
INSERT INTO iam.user_roles VALUES ('c40e8400-e29b-41d4-a716-446655440103', 'SUPPORTER', '2025-10-20 19:35:47.657619+07', 'system');
INSERT INTO iam.user_roles VALUES ('22222222-2222-2222-2222-222222222222', 'SUPPORTER', '2025-10-22 10:10:24.361136+07', 'system');
INSERT INTO iam.user_roles VALUES ('55555555-5555-5555-5555-555555555555', 'SUPPORTER', '2025-10-22 10:10:24.361136+07', 'system');
INSERT INTO iam.user_roles VALUES ('88888888-8888-8888-8888-888888888888', 'SUPPORTER', '2025-10-22 10:10:24.361136+07', 'system');
INSERT INTO iam.user_roles VALUES ('550e8400-e29b-41d4-a716-446655440110', 'RESIDENT', '2025-11-05 23:31:16.304283+07', 'system');
INSERT INTO iam.user_roles VALUES ('550e8400-e29b-41d4-a716-446655440111', 'RESIDENT', '2025-11-05 23:31:16.304283+07', 'system');
INSERT INTO iam.user_roles VALUES ('550e8400-e29b-41d4-a716-446655440112', 'RESIDENT', '2025-11-05 23:31:16.304283+07', 'system');
INSERT INTO iam.user_roles VALUES ('550e8400-e29b-41d4-a716-446655440113', 'RESIDENT', '2025-11-05 23:31:16.304283+07', 'system');
INSERT INTO iam.user_roles VALUES ('9a9422ac-a718-4f82-b811-482ac918312c', 'RESIDENT', '2025-11-06 00:11:02.02495+07', NULL);
INSERT INTO iam.user_roles VALUES ('fce02284-dcc3-4f57-9296-4de3f6848e80', 'RESIDENT', '2025-11-09 18:24:10.917357+07', NULL);
INSERT INTO iam.user_roles VALUES ('2afcf3f3-8b1c-42dd-a109-f114db911258', 'RESIDENT', '2025-11-09 18:48:11.980143+07', NULL);
INSERT INTO iam.user_roles VALUES ('722c1602-a99f-4113-a263-ab564b609cf5', 'SUPPORTER', '2025-11-10 02:58:27.239802+07', NULL);
INSERT INTO iam.user_roles VALUES ('b678d6ad-3d60-4525-b9ac-3a4de8fa8ea1', 'RESIDENT', '2025-11-10 03:01:23.971277+07', NULL);
INSERT INTO iam.user_roles VALUES ('d7cb4ef6-112a-433a-918d-b534c205a10e', 'RESIDENT', '2025-11-10 03:02:18.129171+07', NULL);
INSERT INTO iam.user_roles VALUES ('45ff13e7-bc83-4071-bca4-05a2e9f33515', 'RESIDENT', '2025-11-11 23:36:55.792466+07', NULL);
INSERT INTO iam.user_roles VALUES ('6663fa20-a834-4c71-8fd7-61aab5d73cbb', 'RESIDENT', '2025-11-12 01:17:45.52977+07', NULL);
INSERT INTO iam.user_roles VALUES ('6d2190fd-4d39-4e6b-959e-14faca1fe515', 'RESIDENT', '2025-11-12 04:02:49.996778+07', NULL);
INSERT INTO iam.user_roles VALUES ('2b12a3ff-2ced-46ac-9fe2-11481c315674', 'TECHNICIAN', '2025-11-12 05:41:35.59125+07', NULL);
INSERT INTO iam.user_roles VALUES ('7bfca771-844c-47e2-857d-927eef38d758', 'TECHNICIAN', '2025-11-12 19:02:20.315395+07', NULL);
INSERT INTO iam.user_roles VALUES ('882a628a-a483-4d4a-a472-d330e3d4acb7', 'RESIDENT', '2025-11-12 19:16:15.501591+07', NULL);
INSERT INTO iam.user_roles VALUES ('4dd376d1-d484-4752-8d82-8df2942d4964', 'RESIDENT', '2025-11-12 22:29:25.330002+07', NULL);
INSERT INTO iam.user_roles VALUES ('7f7ca2ec-104c-4eab-9443-1b005805595e', 'RESIDENT', '2025-11-12 22:34:43.045024+07', NULL);
INSERT INTO iam.user_roles VALUES ('a4d53e25-09b3-4ee4-b2cb-4819e564a386', 'TECHNICIAN', '2025-11-13 02:35:28.682249+07', NULL);
INSERT INTO iam.user_roles VALUES ('9c93f020-8256-49fe-bed1-b8ada94e5dd7', 'RESIDENT', '2025-11-13 02:43:13.912136+07', NULL);
INSERT INTO iam.user_roles VALUES ('95928b90-f882-4f6e-aa44-2411bf3dc5da', 'RESIDENT', '2025-11-13 02:46:06.006545+07', NULL);
INSERT INTO iam.user_roles VALUES ('1cfb25f8-ce90-4630-a773-991bf0826363', 'RESIDENT', '2025-11-13 02:49:05.088821+07', NULL);
INSERT INTO iam.user_roles VALUES ('3eb8e3bc-0990-48be-82a9-7cf66319fe1d', 'SUPPORTER', '2025-11-13 02:59:21.693196+07', NULL);
INSERT INTO iam.user_roles VALUES ('8506220e-2c79-4b64-b0e7-8ddfe4063962', 'TECHNICIAN', '2025-11-15 09:06:56.517816+07', NULL);
INSERT INTO iam.user_roles VALUES ('baaa1398-e742-4afd-b054-6bb3df0493e2', 'TECHNICIAN', '2025-11-16 22:52:30.681346+07', NULL);
INSERT INTO iam.user_roles VALUES ('30892dd2-b562-41cd-91cf-700c4422ec5a', 'TECHNICIAN', '2025-11-16 22:54:14.178074+07', NULL);
INSERT INTO iam.user_roles VALUES ('88341a07-4626-4e64-8532-eddf4ad5041f', 'ADMIN', '2025-11-16 22:55:00.191198+07', NULL);
INSERT INTO iam.user_roles VALUES ('baf1becd-7cc8-4d83-aa75-e1275d4471de', 'ADMIN', '2025-11-16 22:59:58.546244+07', NULL);
INSERT INTO iam.user_roles VALUES ('c43ca60b-c4f2-403c-901a-8a9c2d54d974', 'TECHNICIAN', '2025-11-16 23:00:03.450591+07', NULL);
INSERT INTO iam.user_roles VALUES ('1f4cd81f-d319-4d3a-a3f7-2fd3c0a32b9d', 'ADMIN', '2025-11-17 05:57:58.844548+07', NULL);
INSERT INTO iam.user_roles VALUES ('8136103d-f680-4ffc-b256-3ce8fa97f81d', 'TECHNICIAN', '2025-11-17 05:58:03.477657+07', NULL);
INSERT INTO iam.user_roles VALUES ('8136103d-f680-4ffc-b256-3ce8fa97f81d', 'SUPPORTER', '2025-11-17 05:58:03.477657+07', NULL);
INSERT INTO iam.user_roles VALUES ('87b01043-c960-4c83-af8a-62d5f3e4f53c', 'ADMIN', '2025-11-17 05:58:07.16736+07', NULL);
INSERT INTO iam.user_roles VALUES ('58ff5ef7-f5c6-4f09-88af-70715cb84382', 'RESIDENT', '2025-11-17 22:17:32.037696+07', NULL);
INSERT INTO iam.user_roles VALUES ('40ae54c6-2f4b-4145-b628-07fade480a8b', 'RESIDENT', '2025-11-23 08:10:24.068046+07', NULL);
INSERT INTO iam.user_roles VALUES ('f1c44a22-a9c8-4e01-822b-16671aa4b4fe', 'RESIDENT', '2025-12-07 09:18:20.260777+07', NULL);
INSERT INTO iam.user_roles VALUES ('77777777-7777-7777-7777-777777777777', 'ACCOUNTANT', '2025-12-09 23:03:07.808291+07', NULL);
INSERT INTO iam.user_roles VALUES ('cfb5fa31-53f7-40cf-a357-5f80d45926b1', 'ACCOUNTANT', '2025-12-09 23:03:23.961472+07', NULL);
INSERT INTO iam.user_roles VALUES ('c1d1bdbb-f940-45f0-9aa9-d6ddb244f905', 'ACCOUNTANT', '2025-12-09 23:17:05.646891+07', NULL);
INSERT INTO iam.user_roles VALUES ('bb78626d-4541-4957-9738-8ea67421cc73', 'ADMIN', '2025-12-09 23:45:28.309568+07', NULL);
INSERT INTO iam.user_roles VALUES ('5c5002cf-9057-4dae-baf5-3a17a82855fd', 'ACCOUNTANT', '2025-12-09 23:47:18.874511+07', NULL);
INSERT INTO iam.user_roles VALUES ('44fdb899-5b0c-40d5-acfb-d69fd4469e74', 'RESIDENT', '2025-12-10 00:15:59.457392+07', NULL);
INSERT INTO iam.user_roles VALUES ('9ea6c6ec-4e23-4847-bf7b-e89ca8211ece', 'TECHNICIAN', '2025-12-14 09:45:01.638002+07', NULL);
INSERT INTO iam.user_roles VALUES ('9ea6c6ec-4e23-4847-bf7b-e89ca8211ece', 'SUPPORTER', '2025-12-14 09:45:01.638002+07', NULL);
INSERT INTO iam.user_roles VALUES ('38480b81-08cd-424b-a965-db3687f9b163', 'ACCOUNTANT', '2025-12-14 09:57:05.191605+07', NULL);
INSERT INTO iam.user_roles VALUES ('63023980-c6ae-4a2f-aeb0-7c1f5e89895a', 'ACCOUNTANT', '2025-12-14 10:03:53.368118+07', NULL);
INSERT INTO iam.user_roles VALUES ('8c21bc66-4e41-432a-9a04-0b72e02b59c2', 'RESIDENT', '2025-12-14 18:52:31.749934+07', NULL);
INSERT INTO iam.user_roles VALUES ('7d06d8d7-91c6-474b-9c8b-34af9264bead', 'RESIDENT', '2025-12-16 23:36:06.254957+07', NULL);
INSERT INTO iam.user_roles VALUES ('bf4eae35-e88c-4184-a488-9d9b372b8777', 'RESIDENT', '2025-12-16 23:39:44.327793+07', NULL);
INSERT INTO iam.user_roles VALUES ('394918d9-f4ff-48f9-ba10-d72892cc0abc', 'RESIDENT', '2025-12-16 23:40:57.958458+07', NULL);
INSERT INTO iam.user_roles VALUES ('6507ce53-5c88-4cca-aec3-73d1419648d4', 'RESIDENT', '2025-12-17 01:29:08.260343+07', NULL);
INSERT INTO iam.user_roles VALUES ('e3331a25-e92c-4206-abf2-2ec8a62931d3', 'RESIDENT', '2025-12-17 02:56:14.159224+07', NULL);
INSERT INTO iam.user_roles VALUES ('c9423d86-4f8c-416d-842c-a7b94894e15b', 'RESIDENT', '2025-12-17 04:51:37.849898+07', NULL);
INSERT INTO iam.user_roles VALUES ('a48b41bd-bacb-46e5-b7cc-435515abd86f', 'RESIDENT', '2025-12-17 05:09:57.374249+07', NULL);
INSERT INTO iam.user_roles VALUES ('e70cb62c-914d-499f-8ca1-d3ef52fcc377', 'RESIDENT', '2025-12-17 05:15:04.489661+07', NULL);
INSERT INTO iam.user_roles VALUES ('d2ad1bda-42c8-48ce-aecd-07356ce90b8f', 'RESIDENT', '2025-12-17 05:18:14.3042+07', NULL);
INSERT INTO iam.user_roles VALUES ('f28aac60-afba-4413-9116-aac932663605', 'RESIDENT', '2025-12-17 05:23:33.94686+07', NULL);
INSERT INTO iam.user_roles VALUES ('da3b90a7-9d06-45c3-8670-1b215106bc13', 'RESIDENT', '2025-12-17 05:39:36.253771+07', NULL);
INSERT INTO iam.user_roles VALUES ('f0fc08cb-b490-4c32-9521-575fdade684d', 'RESIDENT', '2025-12-17 05:42:16.094065+07', NULL);
INSERT INTO iam.user_roles VALUES ('2b705749-004c-4710-a129-d9f9f5ffea8c', 'RESIDENT', '2025-12-17 05:47:18.59596+07', NULL);
INSERT INTO iam.user_roles VALUES ('94fdaa89-8bee-475e-9569-38f3d05f8469', 'RESIDENT', '2025-12-17 05:54:50.583947+07', NULL);
INSERT INTO iam.user_roles VALUES ('0ce7eeaf-d1bd-4933-8143-1a39f1b1511b', 'RESIDENT', '2025-12-17 06:00:35.130459+07', NULL);
INSERT INTO iam.user_roles VALUES ('1344504a-4d44-4864-aac9-82610f8a469a', 'RESIDENT', '2025-12-18 01:33:25.663404+07', 'system');
INSERT INTO iam.user_roles VALUES ('b81a6193-a6d9-494a-8f8c-64249329904c', 'RESIDENT', '2025-12-18 01:33:25.663404+07', 'system');
INSERT INTO iam.user_roles VALUES ('671dc302-7a93-42b5-9687-f42ba689df51', 'RESIDENT', '2025-12-18 01:33:25.663404+07', 'system');
INSERT INTO iam.user_roles VALUES ('ec8d7802-e711-4182-a0d6-77406fd506d1', 'RESIDENT', '2025-12-18 01:33:25.663404+07', 'system');
INSERT INTO iam.user_roles VALUES ('bc718fdc-bc9b-42be-a1e8-5ce8b394ca40', 'RESIDENT', '2025-12-18 02:09:53.032361+07', 'system');
INSERT INTO iam.user_roles VALUES ('2ed605e7-9157-42d5-ab18-ec094d5acf77', 'RESIDENT', '2025-12-18 02:09:53.032361+07', 'system');
INSERT INTO iam.user_roles VALUES ('7d0995c9-d4c6-4d9e-833d-35f11c8a483c', 'RESIDENT', '2025-12-18 02:09:53.032361+07', 'system');
INSERT INTO iam.user_roles VALUES ('97f61ece-44cc-45a2-bafd-b9fe3c9ea7f2', 'RESIDENT', '2025-12-18 02:09:53.032361+07', 'system');
INSERT INTO iam.user_roles VALUES ('5015762a-3f0c-42b8-8e1d-43e5644d5fe5', 'RESIDENT', '2025-12-18 02:09:53.032361+07', 'system');
INSERT INTO iam.user_roles VALUES ('456eb303-e30f-4d8f-80bb-86ba6886b71b', 'RESIDENT', '2025-12-18 02:09:53.032361+07', 'system');
INSERT INTO iam.user_roles VALUES ('7e6cc8f9-1ebf-466c-baf2-5d9eb9a8593b', 'RESIDENT', '2025-12-18 02:09:53.032361+07', 'system');
INSERT INTO iam.user_roles VALUES ('6ebb0dea-0543-4853-bb5a-d72e78ab66c3', 'RESIDENT', '2025-12-18 02:09:53.032361+07', 'system');
INSERT INTO iam.user_roles VALUES ('b67b5297-dcb4-48b8-9998-8b2947d6642d', 'RESIDENT', '2025-12-18 02:09:53.032361+07', 'system');
INSERT INTO iam.user_roles VALUES ('6bb54dcc-ca08-4070-84d4-9c41da82b1dc', 'RESIDENT', '2025-12-18 02:09:53.032361+07', 'system');
INSERT INTO iam.user_roles VALUES ('e54a4078-b058-4399-86e0-557ebbeaf21c', 'RESIDENT', '2025-12-18 02:09:53.032361+07', 'system');
INSERT INTO iam.user_roles VALUES ('2d79eae0-a9e1-4f42-a309-95516e6c931a', 'RESIDENT', '2025-12-18 02:09:53.032361+07', 'system');
INSERT INTO iam.user_roles VALUES ('6a10e24c-4610-4a28-9010-fcf1f0a113d7', 'RESIDENT', '2025-12-18 02:09:53.032361+07', 'system');
INSERT INTO iam.user_roles VALUES ('0034d8e5-a149-4145-bb31-91ad040b419e', 'RESIDENT', '2025-12-18 02:09:53.032361+07', 'system');
INSERT INTO iam.user_roles VALUES ('23583721-b749-40d2-8b41-8139b0e159b5', 'RESIDENT', '2025-12-18 02:09:53.032361+07', 'system');
INSERT INTO iam.user_roles VALUES ('3b9b4427-bc35-48d0-9c67-a6446db8da00', 'RESIDENT', '2025-12-18 02:09:53.032361+07', 'system');
INSERT INTO iam.user_roles VALUES ('113cc521-571f-4155-b09a-6c76fc6c5551', 'RESIDENT', '2025-12-18 02:09:53.032361+07', 'system');
INSERT INTO iam.user_roles VALUES ('4fa1ad8d-29b6-4eda-9a43-3689195ad0b3', 'RESIDENT', '2025-12-18 02:09:53.032361+07', 'system');
INSERT INTO iam.user_roles VALUES ('239c8611-66fa-4874-a66c-e776f69e9ae1', 'RESIDENT', '2025-12-18 02:09:53.032361+07', 'system');
INSERT INTO iam.user_roles VALUES ('96f2a9f2-5e99-4c30-b645-fb2c49f9f3e9', 'RESIDENT', '2025-12-18 02:09:53.032361+07', 'system');
INSERT INTO iam.user_roles VALUES ('04216c0e-acf9-4345-b023-761e0a4ce6ae', 'RESIDENT', '2025-12-18 02:59:57.784496+07', NULL);
INSERT INTO iam.user_roles VALUES ('dd70a8f1-6d00-43bd-9a44-60ab63cccc00', 'ACCOUNTANT', '2025-12-18 09:33:34.802666+07', NULL);
INSERT INTO iam.user_roles VALUES ('c58134eb-bb4d-4838-a904-98eb5b42176f', 'TECHNICIAN', '2025-12-18 09:33:39.397098+07', NULL);
INSERT INTO iam.user_roles VALUES ('0c7ff939-1341-42ad-ac6a-2f76e829e790', 'RESIDENT', '2025-12-18 09:56:13.747158+07', NULL);
INSERT INTO iam.user_roles VALUES ('92524e9b-0761-48f1-a591-cc46b6f9699a', 'RESIDENT', '2025-12-18 10:04:12.139747+07', NULL);
INSERT INTO iam.user_roles VALUES ('f0e6293d-4b28-4854-9873-fcea8ca7e20e', 'RESIDENT', '2025-12-18 15:35:02.648225+07', NULL);
INSERT INTO iam.user_roles VALUES ('1be5c37c-1499-4944-a89a-e26eab0761e0', 'RESIDENT', '2025-12-18 15:55:56.892339+07', NULL);
INSERT INTO iam.user_roles VALUES ('8305e818-7708-4996-8957-8178bdc65e50', 'ACCOUNTANT', '2025-12-19 04:53:30.79088+07', NULL);
INSERT INTO iam.user_roles VALUES ('549a0858-efab-4f52-b24e-73bd89da75d7', 'RESIDENT', '2025-12-19 05:04:01.189198+07', NULL);
INSERT INTO iam.user_roles VALUES ('87411579-fd67-405d-8742-274f4d69514d', 'RESIDENT', '2025-12-20 10:08:00.261004+07', NULL);
INSERT INTO iam.user_roles VALUES ('c9a51ee5-cb9e-4c66-8b21-9d3176b79506', 'RESIDENT', '2025-12-21 16:04:36.773403+07', NULL);
INSERT INTO iam.user_roles VALUES ('491be3f4-0f1f-4da0-bc87-d6f8e758339b', 'RESIDENT', '2025-12-21 16:13:50.946776+07', NULL);
INSERT INTO iam.user_roles VALUES ('7b15413d-fe6f-49b5-bb9e-4fa2c0ae67f5', 'RESIDENT', '2025-12-21 16:19:35.57268+07', NULL);
INSERT INTO iam.user_roles VALUES ('df0f7356-18ee-495a-8fa3-55266e8b1dad', 'RESIDENT', '2025-12-21 16:25:05.643761+07', NULL);
INSERT INTO iam.user_roles VALUES ('6b81a47c-b7ae-410f-a84a-fe5c176c4be9', 'RESIDENT', '2025-12-22 21:58:36.667164+07', NULL);
INSERT INTO iam.user_roles VALUES ('0d51e5f1-aa80-400a-9937-aa391d7d54e3', 'RESIDENT', '2025-12-22 22:04:20.588155+07', NULL);
INSERT INTO iam.user_roles VALUES ('e400ac8f-e972-416e-b0f3-eedcd7db257f', 'RESIDENT', '2025-12-22 22:52:48.133593+07', 'system');
INSERT INTO iam.user_roles VALUES ('014ea9b7-d6ce-4de0-9c6d-855a056135cc', 'RESIDENT', '2025-12-22 22:52:48.133593+07', 'system');
INSERT INTO iam.user_roles VALUES ('bcf92b33-2f74-4da7-929e-9caf0367b841', 'RESIDENT', '2025-12-22 22:52:48.133593+07', 'system');
INSERT INTO iam.user_roles VALUES ('026f1945-e355-4dd5-a873-01655a378b9d', 'RESIDENT', '2025-12-22 23:03:23.0017+07', 'system');
INSERT INTO iam.user_roles VALUES ('9a1ecb87-871c-4efa-818a-fcae62700051', 'RESIDENT', '2025-12-22 23:03:23.0017+07', 'system');
INSERT INTO iam.user_roles VALUES ('745f3067-cabd-4cc8-b46d-83721728e265', 'RESIDENT', '2025-12-22 23:03:23.0017+07', 'system');
 

INSERT INTO iam.users VALUES ('722c1602-a99f-4113-a263-ab564b609cf5', 'andeptrai', 'ntan26062k4@gmail.com', '$2a$10$DBiplVJvuXVvUfKIh8q6q.duESYZNNhOJ9yBxDlRzL.l13NuMcjD6', true, NULL, 0, NULL, '2025-11-10 02:58:31.862932+07', '2025-11-10 02:58:31.862932+07', true, NULL, NULL);
INSERT INTO iam.users VALUES ('d7cb4ef6-112a-433a-918d-b534c205a10e', 'longleg', 'longaz3108@gmail.com', '$2a$10$DBiplVJvuXVvUfKIh8q6q.duESYZNNhOJ9yBxDlRzL.l13NuMcjD6', true, NULL, 0, NULL, '2025-11-10 03:02:21.080011+07', '2025-11-10 03:02:21.080011+07', true, NULL, NULL);
INSERT INTO iam.users VALUES ('550e8400-e29b-41d4-a716-446655440000', 'admin', 'admin@qhomebase.com', '$2a$10$DBiplVJvuXVvUfKIh8q6q.duESYZNNhOJ9yBxDlRzL.l13NuMcjD6', true, '2025-11-07 11:54:34.863455+07', 0, NULL, '2025-10-19 18:16:17.303119+07', '2025-11-07 11:54:34.87832+07', true, NULL, NULL);
INSERT INTO iam.users VALUES ('660e8400-e29b-41d4-a716-446655440001', 'tenant_owner', 'owner@qhomebase.com', '$2a$10$DBiplVJvuXVvUfKIh8q6q.duESYZNNhOJ9yBxDlRzL.l13NuMcjD6', true, '2025-10-19 18:16:17.303119+07', 1, NULL, '2025-10-19 18:16:17.303119+07', '2025-10-19 18:29:38.326787+07', true, NULL, NULL);
INSERT INTO iam.users VALUES ('990e8400-e29b-41d4-a716-446655440004', 'account', 'account@qhomebase.com', '$2a$10$DBiplVJvuXVvUfKIh8q6q.duESYZNNhOJ9yBxDlRzL.l13NuMcjD6', true, '2025-10-19 18:16:17.303119+07', 0, NULL, '2025-10-19 18:16:17.303119+07', '2025-10-19 18:16:17.303119+07', true, NULL, NULL);
INSERT INTO iam.users VALUES ('aa0e8400-e29b-41d4-a716-446655440005', 'locked_user', 'locked@qhomebase.com', '$2a$10$DBiplVJvuXVvUfKIh8q6q.duESYZNNhOJ9yBxDlRzL.l13NuMcjD6', false, '2025-10-19 17:16:17.303119+07', 6, '2025-10-19 18:59:41.364209+07', '2025-10-19 18:16:17.303119+07', '2025-10-19 18:29:41.36721+07', true, NULL, NULL);
INSERT INTO iam.users VALUES ('bb0e8400-e29b-41d4-a716-446655440006', 'inactive_user', 'inactive@qhomebase.com', '$2a$10$DBiplVJvuXVvUfKIh8q6q.duESYZNNhOJ9yBxDlRzL.l13NuMcjD6', false, '2025-10-18 18:16:17.303119+07', 0, NULL, '2025-10-19 18:16:17.303119+07', '2025-10-19 18:16:17.303119+07', true, NULL, NULL);
INSERT INTO iam.users VALUES ('6663fa20-a834-4c71-8fd7-61aab5d73cbb', 'testqhome6', 'testqhome6@gmail.com', '$2a$10$DBiplVJvuXVvUfKIh8q6q.duESYZNNhOJ9yBxDlRzL.l13NuMcjD6', true, '2025-11-12 01:18:23.488808+07', 0, NULL, '2025-11-12 01:17:50.105273+07', '2025-11-12 01:18:23.520089+07', true, NULL, NULL);
INSERT INTO iam.users VALUES ('88888888-8888-8888-8888-888888888888', 'emma_plumber', 'emma.plumber@qhomebase.com', 'password', true, NULL, 0, NULL, '2025-10-22 10:10:24.361136+07', '2025-10-22 10:10:24.361136+07', true, NULL, NULL);
INSERT INTO iam.users VALUES ('770e8400-e29b-41d4-a716-446655440002', 'technician', 'tech@qhomebase.com', '$2a$10$DBiplVJvuXVvUfKIh8q6q.duESYZNNhOJ9yBxDlRzL.l13NuMcjD6', true, '2025-10-19 22:28:32.323572+07', 0, NULL, '2025-10-19 18:16:17.303119+07', '2025-10-19 22:28:32.324574+07', true, NULL, NULL);
INSERT INTO iam.users VALUES ('dd0e8400-e29b-41d4-a716-446655440008', 'staff_member', 'staff@qhomebase.com', '$2a$10$DBiplVJvuXVvUfKIh8q6q.duESYZNNhOJ9yBxDlRzL.l13NuMcjD6', true, '2025-10-20 17:22:44.906503+07', 0, NULL, '2025-10-20 17:22:44.906503+07', '2025-10-20 17:22:44.906503+07', true, NULL, NULL);
INSERT INTO iam.users VALUES ('c30e8400-e29b-41d4-a716-446655440102', 'technician_test', 'technician_test@qhomebase.com', 'password', true, '2025-10-20 19:35:47.657619+07', 0, NULL, '2025-10-20 19:35:47.657619+07', '2025-10-20 19:35:47.657619+07', true, NULL, NULL);
INSERT INTO iam.users VALUES ('880e8400-e29b-41d4-a716-446655440003', 'supporter', 'support@qhomebase.com', '$2a$10$DBiplVJvuXVvUfKIh8q6q.duESYZNNhOJ9yBxDlRzL.l13NuMcjD6', true, '2025-11-09 00:40:47.958927+07', 0, NULL, '2025-10-19 18:16:17.303119+07', '2025-11-09 00:40:47.980785+07', true, NULL, NULL);
INSERT INTO iam.users VALUES ('c20e8400-e29b-41d4-a716-446655440101', 'tenant_owner_test', 'tenant_owner_test@qhomebase.com', 'password', true, '2025-10-21 00:02:33.204155+07', 0, NULL, '2025-10-20 19:35:47.657619+07', '2025-10-21 00:02:33.262392+07', true, NULL, NULL);
INSERT INTO iam.users VALUES ('cfb5fa31-53f7-40cf-a357-5f80d45926b1', 'an123', 'nta26062k4@gmail.com', '$2a$10$DBiplVJvuXVvUfKIh8q6q.duESYZNNhOJ9yBxDlRzL.l13NuMcjD6', false, NULL, 0, NULL, '2025-11-10 02:59:57.832611+07', '2025-12-09 23:03:23.96254+07', true, NULL, NULL);
INSERT INTO iam.users VALUES ('a4d53e25-09b3-4ee4-b2cb-4819e564a386', 'longxoi', 'kocadat493@fermiro.com', '$2a$10$DBiplVJvuXVvUfKIh8q6q.duESYZNNhOJ9yBxDlRzL.l13NuMcjD6', true, '2025-11-13 02:36:00.912415+07', 0, NULL, '2025-11-13 02:35:32.649591+07', '2025-11-13 02:36:00.917239+07', true, NULL, NULL);
INSERT INTO iam.users VALUES ('44444444-4444-4444-4444-444444444444', 'sarah_billing', 'sarah.billing@qhomebase.com', 'password', true, '2025-10-25 07:51:39.828565+07', 0, NULL, '2025-10-22 10:10:24.361136+07', '2025-10-25 07:51:39.829618+07', true, NULL, NULL);
INSERT INTO iam.users VALUES ('550e8400-e29b-41d4-a716-446655440111', 'tranthid', 'tranthid@example.com', '$2a$10$DBiplVJvuXVvUfKIh8q6q.duESYZNNhOJ9yBxDlRzL.l13NuMcjD6', true, NULL, 0, NULL, '2025-11-05 23:31:16.304283+07', '2025-11-05 23:31:16.304283+07', true, NULL, NULL);
INSERT INTO iam.users VALUES ('550e8400-e29b-41d4-a716-446655440112', 'levanf', 'levanf@example.com', '$2a$10$DBiplVJvuXVvUfKIh8q6q.duESYZNNhOJ9yBxDlRzL.l13NuMcjD6', true, NULL, 0, NULL, '2025-11-05 23:31:16.304283+07', '2025-11-05 23:31:16.304283+07', true, NULL, NULL);
INSERT INTO iam.users VALUES ('550e8400-e29b-41d4-a716-446655440113', 'phamvanh', 'phamvanh@example.com', '$2a$10$DBiplVJvuXVvUfKIh8q6q.duESYZNNhOJ9yBxDlRzL.l13NuMcjD6', true, NULL, 0, NULL, '2025-11-05 23:31:16.304283+07', '2025-11-05 23:31:16.304283+07', true, NULL, NULL);
INSERT INTO iam.users VALUES ('c40e8400-e29b-41d4-a716-446655440103', 'supporter_test', 'supporter_test@qhomebase.com', 'password', true, '2025-11-09 03:14:30.806678+07', 0, NULL, '2025-10-20 19:35:47.657619+07', '2025-11-09 03:14:30.807686+07', true, NULL, NULL);
INSERT INTO iam.users VALUES ('11111111-1111-1111-1111-111111111111', 'john_tech', 'john.tech@qhomebase.com', '$2a$10$DBiplVJvuXVvUfKIh8q6q.duESYZNNhOJ9yBxDlRzL.l13NuMcjD6', true, '2025-12-22 22:17:05.31+07', 0, NULL, '2025-10-22 10:10:24.361136+07', '2025-12-22 22:17:05.315726+07', true, NULL, NULL);
INSERT INTO iam.users VALUES ('550e8400-e29b-41d4-a716-446655440110', 'nguyenvana', 'nguyenvana@example.com', '$2a$10$DBiplVJvuXVvUfKIh8q6q.duESYZNNhOJ9yBxDlRzL.l13NuMcjD6', true, '2025-11-17 22:04:46.650913+07', 0, NULL, '2025-11-05 23:31:16.304283+07', '2025-11-17 22:04:46.676411+07', true, NULL, NULL);
INSERT INTO iam.users VALUES ('55555555-5555-5555-5555-555555555555', 'david_security', 'david.security@qhomebase.com', 'password', true, '2025-10-25 09:30:34.693895+07', 0, NULL, '2025-10-22 10:10:24.361136+07', '2025-10-25 09:30:34.697296+07', true, NULL, NULL);
INSERT INTO iam.users VALUES ('9a9422ac-a718-4f82-b811-482ac918312c', 'nguyenthib', 'nguyenthib@example.com', '$2a$10$DBiplVJvuXVvUfKIh8q6q.duESYZNNhOJ9yBxDlRzL.l13NuMcjD6', true, NULL, 0, NULL, '2025-11-06 00:11:02.098117+07', '2025-11-06 00:11:02.098117+07', true, NULL, NULL);
INSERT INTO iam.users VALUES ('6d2190fd-4d39-4e6b-959e-14faca1fe515', 'kereh29484', 'kereh29484@etramay.com', '$2a$10$DBiplVJvuXVvUfKIh8q6q.duESYZNNhOJ9yBxDlRzL.l13NuMcjD6', true, '2025-11-12 07:03:28.140052+07', 0, NULL, '2025-11-12 04:02:54.509188+07', '2025-11-12 07:03:28.147247+07', true, NULL, NULL);
INSERT INTO iam.users VALUES ('33333333-3333-3333-3333-333333333333', 'mike_maintenance', 'mike.maintenance@qhomebase.com', 'password', true, '2025-10-22 17:33:54.506124+07', 0, NULL, '2025-10-22 10:10:24.361136+07', '2025-10-22 17:33:54.50747+07', true, NULL, NULL);
INSERT INTO iam.users VALUES ('9c93f020-8256-49fe-bed1-b8ada94e5dd7', 'gonomen257', 'gonomen257@etramay.com', '$2a$10$DBiplVJvuXVvUfKIh8q6q.duESYZNNhOJ9yBxDlRzL.l13NuMcjD6', true, NULL, 0, NULL, '2025-11-13 02:43:17.608177+07', '2025-11-13 02:43:17.608177+07', true, NULL, NULL);
INSERT INTO iam.users VALUES ('7bfca771-844c-47e2-857d-927eef38d758', 'thanh tech', 'koxih48520@fermiro.com', '$2a$10$DBiplVJvuXVvUfKIh8q6q.duESYZNNhOJ9yBxDlRzL.l13NuMcjD6', true, '2025-11-12 19:03:07.212779+07', 0, NULL, '2025-11-12 19:02:27.203208+07', '2025-11-12 19:03:07.218263+07', true, NULL, NULL);
INSERT INTO iam.users VALUES ('2afcf3f3-8b1c-42dd-a109-f114db911258', 'thanhvvhe181342', 'thanhvvhe181342@fpt.edu.vn', '$2a$10$DBiplVJvuXVvUfKIh8q6q.duESYZNNhOJ9yBxDlRzL.l13NuMcjD6', true, NULL, 0, NULL, '2025-11-09 18:48:15.044048+07', '2025-11-09 18:48:15.044048+07', true, NULL, NULL);
INSERT INTO iam.users VALUES ('882a628a-a483-4d4a-a472-d330e3d4acb7', 'caxicib101', 'caxicib101@fermiro.com', '$2a$10$DBiplVJvuXVvUfKIh8q6q.duESYZNNhOJ9yBxDlRzL.l13NuMcjD6', true, '2025-11-13 04:52:28.304926+07', 0, NULL, '2025-11-12 19:16:19.866466+07', '2025-11-13 04:52:28.308926+07', true, NULL, NULL);
INSERT INTO iam.users VALUES ('4dd376d1-d484-4752-8d82-8df2942d4964', 'resident_223123', 'resident_223123@qhome.local', '$2a$10$DBiplVJvuXVvUfKIh8q6q.duESYZNNhOJ9yBxDlRzL.l13NuMcjD6', true, NULL, 0, NULL, '2025-11-12 22:29:31.27747+07', '2025-11-12 22:29:31.27747+07', true, NULL, NULL);
INSERT INTO iam.users VALUES ('1cfb25f8-ce90-4630-a773-991bf0826363', 'weked24475', 'weked24475@fermiro.com', '$2a$10$DBiplVJvuXVvUfKIh8q6q.duESYZNNhOJ9yBxDlRzL.l13NuMcjD6', true, '2025-12-14 13:18:45.539207+07', 0, NULL, '2025-11-13 02:49:08.670595+07', '2025-12-14 13:18:45.540246+07', true, NULL, NULL);
INSERT INTO iam.users VALUES ('45ff13e7-bc83-4071-bca4-05a2e9f33515', 'testqhome', 'testqhome@gmail.com', '$2a$10$DBiplVJvuXVvUfKIh8q6q.duESYZNNhOJ9yBxDlRzL.l13NuMcjD6', true, NULL, 0, NULL, '2025-11-11 23:37:00.628676+07', '2025-11-11 23:37:00.628676+07', true, NULL, NULL);
INSERT INTO iam.users VALUES ('7f7ca2ec-104c-4eab-9443-1b005805595e', 'fipon26910', 'fipon26910@fermiro.com', '$2a$10$DBiplVJvuXVvUfKIh8q6q.duESYZNNhOJ9yBxDlRzL.l13NuMcjD6', true, NULL, 0, NULL, '2025-11-12 22:34:46.846412+07', '2025-11-12 22:34:46.846412+07', true, NULL, NULL);
INSERT INTO iam.users VALUES ('8506220e-2c79-4b64-b0e7-8ddfe4063962', 'thanh', 'majeyif277@fermiro.com', '$2a$10$DBiplVJvuXVvUfKIh8q6q.duESYZNNhOJ9yBxDlRzL.l13NuMcjD6', true, NULL, 0, NULL, '2025-11-15 09:07:01.759524+07', '2025-11-15 09:07:01.759524+07', true, NULL, NULL);
INSERT INTO iam.users VALUES ('95928b90-f882-4f6e-aa44-2411bf3dc5da', 'rehiho9948', 'rehiho9948@fermiro.com', '$2a$10$DBiplVJvuXVvUfKIh8q6q.duESYZNNhOJ9yBxDlRzL.l13NuMcjD6', true, '2025-11-13 02:46:32.260521+07', 0, NULL, '2025-11-13 02:46:09.901916+07', '2025-11-13 02:46:32.270716+07', true, NULL, NULL);
INSERT INTO iam.users VALUES ('3eb8e3bc-0990-48be-82a9-7cf66319fe1d', 'testttt', 'cekofeh205@etramay.com', '$2a$10$DBiplVJvuXVvUfKIh8q6q.duESYZNNhOJ9yBxDlRzL.l13NuMcjD6', true, '2025-11-13 03:00:51.695825+07', 0, NULL, '2025-11-13 02:59:25.462914+07', '2025-11-13 03:00:51.698447+07', true, NULL, NULL);
INSERT INTO iam.users VALUES ('fce02284-dcc3-4f57-9296-4de3f6848e80', 'vuthanhml102', 'vuthanhml102@gmail.com', '$2a$10$DBiplVJvuXVvUfKIh8q6q.duESYZNNhOJ9yBxDlRzL.l13NuMcjD6', true, NULL, 0, NULL, '2025-11-09 18:24:13.765872+07', '2025-12-14 09:12:58.158108+07', true, '2025-12-14 09:13:53.539199', 'TWYT5R');
INSERT INTO iam.users VALUES ('77777777-7777-7777-7777-777777777777', 'tom_electrician', 'tom.electrician@qhomebase.com', '$2a$10$DBiplVJvuXVvUfKIh8q6q.duESYZNNhOJ9yBxDlRzL.l13NuMcjD6', false, NULL, 0, NULL, '2025-10-22 10:10:24.361136+07', '2025-12-09 23:03:07.809375+07', true, NULL, NULL);
INSERT INTO iam.users VALUES ('22222222-2222-2222-2222-222222222222', 'jane_support', 'jane.support@qhomebase.com', 'password', true, '2025-12-20 10:47:18.059967+07', 0, NULL, '2025-10-22 10:10:24.361136+07', '2025-12-20 10:47:18.060978+07', true, NULL, NULL);
INSERT INTO iam.users VALUES ('c50e8400-e29b-41d4-a716-446655440104', 'account_test', 'account_test@qhomebase.com', 'password', true, '2025-12-14 13:19:50.049645+07', 0, NULL, '2025-10-20 19:35:47.657619+07', '2025-12-14 13:19:50.050816+07', true, NULL, NULL);
INSERT INTO iam.users VALUES ('b678d6ad-3d60-4525-b9ac-3a4de8fa8ea1', 'thanh123', 'vuthanhml1023@gmail.com', '$2a$10$DBiplVJvuXVvUfKIh8q6q.duESYZNNhOJ9yBxDlRzL.l13NuMcjD6', true, '2025-12-14 13:07:00.4788+07', 0, NULL, '2025-11-10 03:01:26.462062+07', '2025-12-14 13:07:00.479806+07', true, NULL, NULL);
INSERT INTO iam.users VALUES ('66666666-6666-6666-6666-666666666666', 'lisa_cleaning', 'lisa.cleaning@qhomebase.com', 'password', true, '2025-12-21 10:42:41.087042+07', 0, NULL, '2025-10-22 10:10:24.361136+07', '2025-12-21 10:42:41.087041+07', true, NULL, NULL);
INSERT INTO iam.users VALUES ('2b12a3ff-2ced-46ac-9fe2-11481c315674', 'thanh techinician', 'sinamev928@etramay.com', '$2a$10$DBiplVJvuXVvUfKIh8q6q.duESYZNNhOJ9yBxDlRzL.l13NuMcjD6', true, '2025-11-16 06:25:55.211584+07', 0, NULL, '2025-11-12 05:41:38.605615+07', '2025-11-16 06:25:55.258996+07', true, NULL, NULL);
INSERT INTO iam.users VALUES ('30892dd2-b562-41cd-91cf-700c4422ec5a', '@@@@123jjjkk....', 'sojiyo5284@etramay.com', '$2a$10$DBiplVJvuXVvUfKIh8q6q.duESYZNNhOJ9yBxDlRzL.l13NuMcjD6', true, NULL, 0, NULL, '2025-11-16 22:54:20.263158+07', '2025-11-16 22:54:20.263158+07', true, NULL, NULL);
INSERT INTO iam.users VALUES ('88341a07-4626-4e64-8532-eddf4ad5041f', 'tuánan', 'pesepas632@etramay.com', '$2a$10$DBiplVJvuXVvUfKIh8q6q.duESYZNNhOJ9yBxDlRzL.l13NuMcjD6', true, NULL, 0, NULL, '2025-11-16 22:55:04.961007+07', '2025-11-16 22:55:04.961007+07', true, NULL, NULL);
INSERT INTO iam.users VALUES ('baf1becd-7cc8-4d83-aa75-e1275d4471de', 'thanh21378', 'pokox44149@fermiro.com', '$2a$10$DBiplVJvuXVvUfKIh8q6q.duESYZNNhOJ9yBxDlRzL.l13NuMcjD6', true, NULL, 0, NULL, '2025-11-16 23:00:03.421798+07', '2025-11-16 23:00:03.421798+07', true, NULL, NULL);
INSERT INTO iam.users VALUES ('c43ca60b-c4f2-403c-901a-8a9c2d54d974', 'thànhhhh', 'litil89947@etramay.com', '$2a$10$DBiplVJvuXVvUfKIh8q6q.duESYZNNhOJ9yBxDlRzL.l13NuMcjD6', false, NULL, 0, NULL, '2025-11-16 23:00:08.339731+07', '2025-11-16 23:00:08.339731+07', true, NULL, NULL);
INSERT INTO iam.users VALUES ('baaa1398-e742-4afd-b054-6bb3df0493e2', 'js;fsd@sfs;df', 'fodije5931@fermiro.com', '$2a$10$DBiplVJvuXVvUfKIh8q6q.duESYZNNhOJ9yBxDlRzL.l13NuMcjD6', true, '2025-11-16 23:36:33.413607+07', 0, NULL, '2025-11-16 22:52:35.556267+07', '2025-11-16 23:36:33.414112+07', true, NULL, NULL);
INSERT INTO iam.users VALUES ('1f4cd81f-d319-4d3a-a3f7-2fd3c0a32b9d', 'staff.admin', 'staff.admin@example.com', '$2a$10$DBiplVJvuXVvUfKIh8q6q.duESYZNNhOJ9yBxDlRzL.l13NuMcjD6', true, NULL, 0, NULL, '2025-11-17 05:58:03.15068+07', '2025-11-17 05:58:03.15068+07', true, NULL, NULL);
INSERT INTO iam.users VALUES ('8136103d-f680-4ffc-b256-3ce8fa97f81d', 'tech.support', 'tech.support@example.com', '$2a$10$DBiplVJvuXVvUfKIh8q6q.duESYZNNhOJ9yBxDlRzL.l13NuMcjD6', false, NULL, 0, NULL, '2025-11-17 05:58:07.148387+07', '2025-11-17 05:58:07.148387+07', true, NULL, NULL);
INSERT INTO iam.users VALUES ('87b01043-c960-4c83-af8a-62d5f3e4f53c', 'ronaldo', 'yabeh62771@fermiro.com', '$2a$10$DBiplVJvuXVvUfKIh8q6q.duESYZNNhOJ9yBxDlRzL.l13NuMcjD6', false, NULL, 0, NULL, '2025-11-17 05:58:10.907809+07', '2025-11-17 05:58:10.907809+07', true, NULL, NULL);
INSERT INTO iam.users VALUES ('58ff5ef7-f5c6-4f09-88af-70715cb84382', 'jawek77775', 'jawek77775@etramay.com', '$2a$10$DBiplVJvuXVvUfKIh8q6q.duESYZNNhOJ9yBxDlRzL.l13NuMcjD6', true, '2025-11-17 22:19:19.547875+07', 0, NULL, '2025-11-17 22:17:36.989706+07', '2025-11-17 22:19:19.548956+07', true, NULL, NULL);
INSERT INTO iam.users VALUES ('2b705749-004c-4710-a129-d9f9f5ffea8c', 'pagepi1598', 'pagepi1598@mucate.com', '$2a$10$DBiplVJvuXVvUfKIh8q6q.duESYZNNhOJ9yBxDlRzL.l13NuMcjD6', true, '2025-12-17 05:54:07.082468+07', 0, NULL, '2025-12-17 05:47:22.97667+07', '2025-12-17 05:54:07.084694+07', true, NULL, NULL);
INSERT INTO iam.users VALUES ('d2ad1bda-42c8-48ce-aecd-07356ce90b8f', 'loliy29142', 'loliy29142@mekuron.com', '$2a$10$DBiplVJvuXVvUfKIh8q6q.duESYZNNhOJ9yBxDlRzL.l13NuMcjD6', true, '2025-12-17 05:22:12.354177+07', 0, NULL, '2025-12-17 05:18:19.384287+07', '2025-12-17 05:22:12.355437+07', true, NULL, NULL);
INSERT INTO iam.users VALUES ('40ae54c6-2f4b-4145-b628-07fade480a8b', 'cinoj74169', 'cinoj74169@izeao.com', '$2a$10$DBiplVJvuXVvUfKIh8q6q.duESYZNNhOJ9yBxDlRzL.l13NuMcjD6', true, '2025-11-24 03:55:00.731569+07', 0, NULL, '2025-11-23 08:10:28.148685+07', '2025-11-24 03:55:00.773379+07', true, NULL, NULL);
INSERT INTO iam.users VALUES ('7d06d8d7-91c6-474b-9c8b-34af9264bead', 'cipis90815', 'cipis90815@mekuron.com', '$2a$10$DBiplVJvuXVvUfKIh8q6q.duESYZNNhOJ9yBxDlRzL.l13NuMcjD6', true, NULL, 0, NULL, '2025-12-16 23:36:11.571159+07', '2025-12-16 23:36:11.571159+07', true, NULL, NULL);
INSERT INTO iam.users VALUES ('c1d1bdbb-f940-45f0-9aa9-d6ddb244f905', 'qhomeWeb', 'nokeb26553@lawior.com', '$2a$10$DBiplVJvuXVvUfKIh8q6q.duESYZNNhOJ9yBxDlRzL.l13NuMcjD6', true, NULL, 0, NULL, '2025-12-09 23:17:11.237706+07', '2025-12-09 23:17:11.237706+07', true, NULL, NULL);
INSERT INTO iam.users VALUES ('bb78626d-4541-4957-9738-8ea67421cc73', 'staff.admin123', 'staff.admin123@example.com', '$2a$10$DBiplVJvuXVvUfKIh8q6q.duESYZNNhOJ9yBxDlRzL.l13NuMcjD6', true, NULL, 0, NULL, '2025-12-09 23:45:33.005453+07', '2025-12-09 23:45:33.005453+07', true, NULL, NULL);
INSERT INTO iam.users VALUES ('5c5002cf-9057-4dae-baf5-3a17a82855fd', 'staff.admin122', 'staff.Accountant122@example.com', '$2a$10$DBiplVJvuXVvUfKIh8q6q.duESYZNNhOJ9yBxDlRzL.l13NuMcjD6', true, NULL, 0, NULL, '2025-12-09 23:47:23.465601+07', '2025-12-09 23:47:23.465601+07', true, NULL, NULL);
INSERT INTO iam.users VALUES ('bf4eae35-e88c-4184-a488-9d9b372b8777', 'daban25288', 'daban25288@mekuron.com', '$2a$10$DBiplVJvuXVvUfKIh8q6q.duESYZNNhOJ9yBxDlRzL.l13NuMcjD6', true, NULL, 0, NULL, '2025-12-16 23:39:49.213453+07', '2025-12-16 23:39:49.213453+07', true, NULL, NULL);
INSERT INTO iam.users VALUES ('394918d9-f4ff-48f9-ba10-d72892cc0abc', 'lakohi3210', 'lakohi3210@mekuron.com', '$2a$10$DBiplVJvuXVvUfKIh8q6q.duESYZNNhOJ9yBxDlRzL.l13NuMcjD6', true, NULL, 0, NULL, '2025-12-16 23:41:02.700023+07', '2025-12-16 23:41:02.700023+07', true, NULL, NULL);
INSERT INTO iam.users VALUES ('6507ce53-5c88-4cca-aec3-73d1419648d4', 'fagapi7956', 'fagapi7956@mucate.com', '$2a$10$DBiplVJvuXVvUfKIh8q6q.duESYZNNhOJ9yBxDlRzL.l13NuMcjD6', true, NULL, 0, NULL, '2025-12-17 01:29:13.329602+07', '2025-12-17 01:29:13.329602+07', true, NULL, NULL);
INSERT INTO iam.users VALUES ('44fdb899-5b0c-40d5-acfb-d69fd4469e74', 'kohavel749', 'kohavel749@kudimi.com', '$2a$10$DBiplVJvuXVvUfKIh8q6q.duESYZNNhOJ9yBxDlRzL.l13NuMcjD6', true, '2025-12-14 09:09:57.308524+07', 0, NULL, '2025-12-10 00:16:05.07312+07', '2025-12-14 09:09:57.324823+07', true, NULL, NULL);
INSERT INTO iam.users VALUES ('9ea6c6ec-4e23-4847-bf7b-e89ca8211ece', 'thanhvv', 'desivep742@lawior.com', '$2a$10$DBiplVJvuXVvUfKIh8q6q.duESYZNNhOJ9yBxDlRzL.l13NuMcjD6', true, NULL, 0, NULL, '2025-12-14 09:45:06.696666+07', '2025-12-14 09:45:06.696666+07', true, NULL, NULL);
INSERT INTO iam.users VALUES ('38480b81-08cd-424b-a965-db3687f9b163', 'thanhvv1', 'hitod72125@kudimi.com', '$2a$10$DBiplVJvuXVvUfKIh8q6q.duESYZNNhOJ9yBxDlRzL.l13NuMcjD6', true, NULL, 0, NULL, '2025-12-14 09:57:10.154929+07', '2025-12-14 09:57:10.154929+07', true, NULL, NULL);
INSERT INTO iam.users VALUES ('63023980-c6ae-4a2f-aeb0-7c1f5e89895a', 'thanhvv2', 'dedibos854@kudimi.com', '$2a$10$DBiplVJvuXVvUfKIh8q6q.duESYZNNhOJ9yBxDlRzL.l13NuMcjD6', true, NULL, 0, NULL, '2025-12-14 10:03:58.382958+07', '2025-12-14 10:03:58.382958+07', true, NULL, NULL);
INSERT INTO iam.users VALUES ('f1c44a22-a9c8-4e01-822b-16671aa4b4fe', 'jolede7635', 'jolede7635@docsfy.com', '$2a$10$DBiplVJvuXVvUfKIh8q6q.duESYZNNhOJ9yBxDlRzL.l13NuMcjD6', true, '2025-12-14 13:22:16.816322+07', 0, NULL, '2025-12-07 09:18:25.642351+07', '2025-12-14 13:22:16.818341+07', true, NULL, NULL);
INSERT INTO iam.users VALUES ('8c21bc66-4e41-432a-9a04-0b72e02b59c2', 'jeriti9269', 'jeriti9269@kudimi.com', '$2a$10$DBiplVJvuXVvUfKIh8q6q.duESYZNNhOJ9yBxDlRzL.l13NuMcjD6', true, NULL, 0, NULL, '2025-12-14 18:52:36.549282+07', '2025-12-14 18:52:36.549282+07', true, NULL, NULL);
INSERT INTO iam.users VALUES ('e3331a25-e92c-4206-abf2-2ec8a62931d3', 'leyafo3094', 'leyafo3094@mekuron.com', '$2a$10$DBiplVJvuXVvUfKIh8q6q.duESYZNNhOJ9yBxDlRzL.l13NuMcjD6', true, '2025-12-17 02:56:53.44442+07', 0, NULL, '2025-12-17 02:56:19.054431+07', '2025-12-17 02:56:53.447428+07', true, NULL, NULL);
INSERT INTO iam.users VALUES ('c9423d86-4f8c-416d-842c-a7b94894e15b', 'jebib87951', 'jebib87951@mekuron.com', '$2a$10$DBiplVJvuXVvUfKIh8q6q.duESYZNNhOJ9yBxDlRzL.l13NuMcjD6', true, '2025-12-17 04:52:06.491218+07', 0, NULL, '2025-12-17 04:51:42.740506+07', '2025-12-17 04:52:06.491723+07', true, NULL, NULL);
INSERT INTO iam.users VALUES ('f28aac60-afba-4413-9116-aac932663605', 'pepino9477', 'pepino9477@mucate.com', '$2a$10$DBiplVJvuXVvUfKIh8q6q.duESYZNNhOJ9yBxDlRzL.l13NuMcjD6', true, '2025-12-17 05:23:59.994421+07', 0, NULL, '2025-12-17 05:23:38.744745+07', '2025-12-17 05:23:59.997435+07', true, NULL, NULL);
INSERT INTO iam.users VALUES ('a48b41bd-bacb-46e5-b7cc-435515abd86f', 'jarik24222', 'jarik24222@mucate.com', '$2a$10$DBiplVJvuXVvUfKIh8q6q.duESYZNNhOJ9yBxDlRzL.l13NuMcjD6', true, '2025-12-17 05:10:27.693836+07', 0, NULL, '2025-12-17 05:10:04.79335+07', '2025-12-17 05:10:27.695324+07', true, NULL, NULL);
INSERT INTO iam.users VALUES ('e70cb62c-914d-499f-8ca1-d3ef52fcc377', 'cofaric442', 'cofaric442@mekuron.com', '$2a$10$DBiplVJvuXVvUfKIh8q6q.duESYZNNhOJ9yBxDlRzL.l13NuMcjD6', true, '2025-12-17 05:16:30.773377+07', 0, NULL, '2025-12-17 05:15:09.337707+07', '2025-12-17 05:16:30.774579+07', true, NULL, NULL);
INSERT INTO iam.users VALUES ('da3b90a7-9d06-45c3-8670-1b215106bc13', 'pakig75536', 'pakig75536@mucate.com', '$2a$10$DBiplVJvuXVvUfKIh8q6q.duESYZNNhOJ9yBxDlRzL.l13NuMcjD6', true, '2025-12-17 05:40:22.480571+07', 0, NULL, '2025-12-17 05:39:40.981975+07', '2025-12-17 05:40:22.481571+07', true, NULL, NULL);
INSERT INTO iam.users VALUES ('f0fc08cb-b490-4c32-9521-575fdade684d', 'holetaw535', 'holetaw535@mucate.com', '$2a$10$DBiplVJvuXVvUfKIh8q6q.duESYZNNhOJ9yBxDlRzL.l13NuMcjD6', true, '2025-12-17 05:42:45.125399+07', 0, NULL, '2025-12-17 05:42:20.454654+07', '2025-12-17 05:42:45.126427+07', true, NULL, NULL);
INSERT INTO iam.users VALUES ('94fdaa89-8bee-475e-9569-38f3d05f8469', 'dopino2976', 'dopino2976@mekuron.com', '$2a$10$DBiplVJvuXVvUfKIh8q6q.duESYZNNhOJ9yBxDlRzL.l13NuMcjD6', true, '2025-12-17 05:55:22.057777+07', 0, NULL, '2025-12-17 05:54:56.239973+07', '2025-12-17 05:55:22.058777+07', true, NULL, NULL);
INSERT INTO iam.users VALUES ('c10e8400-e29b-41d4-a716-446655440100', 'admin_test', 'admin_test@qhomebase.com', '$2a$10$DBiplVJvuXVvUfKIh8q6q.duESYZNNhOJ9yBxDlRzL.l13NuMcjD6', true, '2025-12-22 21:56:46.784715+07', 0, NULL, '2025-10-20 19:35:47.657619+07', '2025-12-22 21:56:46.859084+07', true, '2025-12-14 10:33:18.530024', 'SP0U35');
INSERT INTO iam.users VALUES ('0ce7eeaf-d1bd-4933-8143-1a39f1b1511b', 'ravocay455', 'ravocay455@mucate.com', '$2a$10$DBiplVJvuXVvUfKIh8q6q.duESYZNNhOJ9yBxDlRzL.l13NuMcjD6', true, '2025-12-18 15:09:14.842158+07', 0, NULL, '2025-12-17 06:00:39.995117+07', '2025-12-18 15:09:14.880185+07', true, NULL, NULL);
INSERT INTO iam.users VALUES ('1344504a-4d44-4864-aac9-82610f8a469a', 'tranvanc01', 'tranvanc01@example.com', '$2a$10$DBiplVJvuXVvUfKIh8q6q.duESYZNNhOJ9yBxDlRzL.l13NuMcjD6', true, NULL, 0, NULL, '2025-12-18 01:33:25.663404+07', '2025-12-22 22:57:01.898515+07', true, NULL, NULL);
INSERT INTO iam.users VALUES ('b81a6193-a6d9-494a-8f8c-64249329904c', 'lethic02', 'lethic02@example.com', '$2a$10$DBiplVJvuXVvUfKIh8q6q.duESYZNNhOJ9yBxDlRzL.l13NuMcjD6', true, NULL, 0, NULL, '2025-12-18 01:33:25.663404+07', '2025-12-22 22:57:01.898515+07', true, NULL, NULL);
INSERT INTO iam.users VALUES ('671dc302-7a93-42b5-9687-f42ba689df51', 'phamvanc03', 'phamvanc03@example.com', '$2a$10$DBiplVJvuXVvUfKIh8q6q.duESYZNNhOJ9yBxDlRzL.l13NuMcjD6', true, NULL, 0, NULL, '2025-12-18 01:33:25.663404+07', '2025-12-22 22:57:01.898515+07', true, NULL, NULL);
INSERT INTO iam.users VALUES ('ec8d7802-e711-4182-a0d6-77406fd506d1', 'hoangthic04', 'hoangthic04@example.com', '$2a$10$DBiplVJvuXVvUfKIh8q6q.duESYZNNhOJ9yBxDlRzL.l13NuMcjD6', true, NULL, 0, NULL, '2025-12-18 01:33:25.663404+07', '2025-12-22 22:57:01.898515+07', true, NULL, NULL);
INSERT INTO iam.users VALUES ('7e6cc8f9-1ebf-466c-baf2-5d9eb9a8593b', 'buivand02', 'buivand02@example.com', '$2a$10$DBiplVJvuXVvUfKIh8q6q.duESYZNNhOJ9yBxDlRzL.l13NuMcjD6', true, NULL, 0, NULL, '2025-12-18 02:09:53.032361+07', '2025-12-18 02:10:01.908767+07', true, NULL, NULL);
INSERT INTO iam.users VALUES ('97f61ece-44cc-45a2-bafd-b9fe3c9ea7f2', 'hoangvanc04', 'hoangvanc04@example.com', '$2a$10$DBiplVJvuXVvUfKIh8q6q.duESYZNNhOJ9yBxDlRzL.l13NuMcjD6', true, NULL, 0, NULL, '2025-12-18 02:09:53.032361+07', '2025-12-22 22:57:01.898515+07', true, NULL, NULL);
INSERT INTO iam.users VALUES ('bc718fdc-bc9b-42be-a1e8-5ce8b394ca40', 'tranthic01', 'tranthic01@example.com', '$2a$10$DBiplVJvuXVvUfKIh8q6q.duESYZNNhOJ9yBxDlRzL.l13NuMcjD6', true, NULL, 0, NULL, '2025-12-18 02:09:53.032361+07', '2025-12-22 22:57:01.898515+07', true, NULL, NULL);
INSERT INTO iam.users VALUES ('2ed605e7-9157-42d5-ab18-ec094d5acf77', 'levanc02', 'levanc02@example.com', '$2a$10$DBiplVJvuXVvUfKIh8q6q.duESYZNNhOJ9yBxDlRzL.l13NuMcjD6', true, NULL, 0, NULL, '2025-12-18 02:09:53.032361+07', '2025-12-22 22:57:01.898515+07', true, NULL, NULL);
INSERT INTO iam.users VALUES ('7d0995c9-d4c6-4d9e-833d-35f11c8a483c', 'phamthic03', 'phamthic03@example.com', '$2a$10$DBiplVJvuXVvUfKIh8q6q.duESYZNNhOJ9yBxDlRzL.l13NuMcjD6', true, NULL, 0, NULL, '2025-12-18 02:09:53.032361+07', '2025-12-22 22:57:01.898515+07', true, NULL, NULL);
INSERT INTO iam.users VALUES ('5015762a-3f0c-42b8-8e1d-43e5644d5fe5', 'vuthic05', 'vuthic05@example.com', '$2a$10$DBiplVJvuXVvUfKIh8q6q.duESYZNNhOJ9yBxDlRzL.l13NuMcjD6', true, NULL, 0, NULL, '2025-12-18 02:09:53.032361+07', '2025-12-22 22:57:01.898515+07', true, NULL, NULL);
INSERT INTO iam.users VALUES ('456eb303-e30f-4d8f-80bb-86ba6886b71b', 'dangthid01', 'dangthid01@example.com', '$2a$10$DBiplVJvuXVvUfKIh8q6q.duESYZNNhOJ9yBxDlRzL.l13NuMcjD6', true, NULL, 0, NULL, '2025-12-18 02:09:53.032361+07', '2025-12-22 22:57:01.898515+07', true, NULL, NULL);
INSERT INTO iam.users VALUES ('6ebb0dea-0543-4853-bb5a-d72e78ab66c3', 'ngothid03', 'ngothid03@example.com', '$2a$10$DBiplVJvuXVvUfKIh8q6q.duESYZNNhOJ9yBxDlRzL.l13NuMcjD6', true, NULL, 0, NULL, '2025-12-18 02:09:53.032361+07', '2025-12-22 22:57:01.898515+07', true, NULL, NULL);
INSERT INTO iam.users VALUES ('b67b5297-dcb4-48b8-9998-8b2947d6642d', 'dovand04', 'dovand04@example.com', '$2a$10$DBiplVJvuXVvUfKIh8q6q.duESYZNNhOJ9yBxDlRzL.l13NuMcjD6', true, NULL, 0, NULL, '2025-12-18 02:09:53.032361+07', '2025-12-22 22:57:01.898515+07', true, NULL, NULL);
INSERT INTO iam.users VALUES ('6bb54dcc-ca08-4070-84d4-9c41da82b1dc', 'lythid05', 'lythid05@example.com', '$2a$10$DBiplVJvuXVvUfKIh8q6q.duESYZNNhOJ9yBxDlRzL.l13NuMcjD6', true, NULL, 0, NULL, '2025-12-18 02:09:53.032361+07', '2025-12-22 22:57:01.898515+07', true, NULL, NULL);
INSERT INTO iam.users VALUES ('e54a4078-b058-4399-86e0-557ebbeaf21c', 'vothie01', 'vothie01@example.com', '$2a$10$DBiplVJvuXVvUfKIh8q6q.duESYZNNhOJ9yBxDlRzL.l13NuMcjD6', true, NULL, 0, NULL, '2025-12-18 02:09:53.032361+07', '2025-12-22 22:57:01.898515+07', true, NULL, NULL);
INSERT INTO iam.users VALUES ('2d79eae0-a9e1-4f42-a309-95516e6c931a', 'hovane02', 'hovane02@example.com', '$2a$10$DBiplVJvuXVvUfKIh8q6q.duESYZNNhOJ9yBxDlRzL.l13NuMcjD6', true, NULL, 0, NULL, '2025-12-18 02:09:53.032361+07', '2025-12-22 22:57:01.898515+07', true, NULL, NULL);
INSERT INTO iam.users VALUES ('6a10e24c-4610-4a28-9010-fcf1f0a113d7', 'tonthie03', 'tonthie03@example.com', '$2a$10$DBiplVJvuXVvUfKIh8q6q.duESYZNNhOJ9yBxDlRzL.l13NuMcjD6', true, NULL, 0, NULL, '2025-12-18 02:09:53.032361+07', '2025-12-22 22:57:01.898515+07', true, NULL, NULL);
INSERT INTO iam.users VALUES ('0034d8e5-a149-4145-bb31-91ad040b419e', 'chuvane04', 'chuvane04@example.com', '$2a$10$DBiplVJvuXVvUfKIh8q6q.duESYZNNhOJ9yBxDlRzL.l13NuMcjD6', true, NULL, 0, NULL, '2025-12-18 02:09:53.032361+07', '2025-12-22 22:57:01.898515+07', true, NULL, NULL);
INSERT INTO iam.users VALUES ('23583721-b749-40d2-8b41-8139b0e159b5', 'duongthie05', 'duongthie05@example.com', '$2a$10$DBiplVJvuXVvUfKIh8q6q.duESYZNNhOJ9yBxDlRzL.l13NuMcjD6', true, NULL, 0, NULL, '2025-12-18 02:09:53.032361+07', '2025-12-22 22:57:01.898515+07', true, NULL, NULL);
INSERT INTO iam.users VALUES ('3b9b4427-bc35-48d0-9c67-a6446db8da00', 'trinhthig01', 'trinhthig01@example.com', '$2a$10$DBiplVJvuXVvUfKIh8q6q.duESYZNNhOJ9yBxDlRzL.l13NuMcjD6', true, NULL, 0, NULL, '2025-12-18 02:09:53.032361+07', '2025-12-22 22:57:01.898515+07', true, NULL, NULL);
INSERT INTO iam.users VALUES ('04216c0e-acf9-4345-b023-761e0a4ce6ae', 'bopeja7871', 'bopeja7871@mekuron.com', '$2a$10$DBiplVJvuXVvUfKIh8q6q.duESYZNNhOJ9yBxDlRzL.l13NuMcjD6', true, NULL, 0, NULL, '2025-12-18 03:00:03.7134+07', '2025-12-18 03:00:03.7134+07', true, NULL, NULL);
INSERT INTO iam.users VALUES ('c58134eb-bb4d-4838-a904-98eb5b42176f', 'tech.acc', 'eygtxzmgwrvnbqxnpd@nesopf.com', '$2a$10$DBiplVJvuXVvUfKIh8q6q.duESYZNNhOJ9yBxDlRzL.l13NuMcjD6', true, NULL, 0, NULL, '2025-12-18 09:33:42.635204+07', '2025-12-18 09:33:42.635204+07', true, NULL, NULL);
INSERT INTO iam.users VALUES ('92524e9b-0761-48f1-a591-cc46b6f9699a', 'kilex11813', 'kilex11813@mekuron.com', '$2a$10$DBiplVJvuXVvUfKIh8q6q.duESYZNNhOJ9yBxDlRzL.l13NuMcjD6', true, '2025-12-18 13:41:49.178186+07', 0, NULL, '2025-12-18 10:04:16.412053+07', '2025-12-18 13:41:49.217174+07', true, NULL, NULL);
INSERT INTO iam.users VALUES ('f0e6293d-4b28-4854-9873-fcea8ca7e20e', 'geseg12586', 'geseg12586@mucate.com', '$2a$10$DBiplVJvuXVvUfKIh8q6q.duESYZNNhOJ9yBxDlRzL.l13NuMcjD6', true, '2025-12-18 15:36:07.71702+07', 0, NULL, '2025-12-18 15:35:07.936325+07', '2025-12-18 15:36:07.71702+07', true, NULL, NULL);
INSERT INTO iam.users VALUES ('1be5c37c-1499-4944-a89a-e26eab0761e0', 'trihnm', 'vafatey798@mekuron.com', '$2a$10$DBiplVJvuXVvUfKIh8q6q.duESYZNNhOJ9yBxDlRzL.l13NuMcjD6', true, NULL, 0, NULL, '2025-12-18 15:56:00.578036+07', '2025-12-18 15:56:00.578036+07', true, NULL, NULL);
INSERT INTO iam.users VALUES ('0c7ff939-1341-42ad-ac6a-2f76e829e790', 'vogoco9667', 'vogoco9667@mucate.com', '$2a$10$DBiplVJvuXVvUfKIh8q6q.duESYZNNhOJ9yBxDlRzL.l13NuMcjD6', true, '2025-12-18 16:02:58.491707+07', 0, NULL, '2025-12-18 09:56:18.916079+07', '2025-12-18 16:02:58.492213+07', true, NULL, NULL);
INSERT INTO iam.users VALUES ('8305e818-7708-4996-8957-8178bdc65e50', 'thanh_vu_viet', 'tiwenok953@mekuron.com', '$2a$10$DBiplVJvuXVvUfKIh8q6q.duESYZNNhOJ9yBxDlRzL.l13NuMcjD6', true, NULL, 0, NULL, '2025-12-19 04:53:35.788284+07', '2025-12-19 04:53:35.788284+07', true, NULL, NULL);
INSERT INTO iam.users VALUES ('549a0858-efab-4f52-b24e-73bd89da75d7', 'jatoye3718', 'jatoye3718@mekuron.com', '$2a$10$DBiplVJvuXVvUfKIh8q6q.duESYZNNhOJ9yBxDlRzL.l13NuMcjD6', true, NULL, 0, NULL, '2025-12-19 05:04:05.560773+07', '2025-12-19 05:04:05.560773+07', true, NULL, NULL);
INSERT INTO iam.users VALUES ('87411579-fd67-405d-8742-274f4d69514d', 'thanh1', 'yodeliw811@mekuron.com', '$2a$10$DBiplVJvuXVvUfKIh8q6q.duESYZNNhOJ9yBxDlRzL.l13NuMcjD6', true, NULL, 0, NULL, '2025-12-20 10:08:04.325016+07', '2025-12-20 10:08:04.325016+07', true, NULL, NULL);
INSERT INTO iam.users VALUES ('dd70a8f1-6d00-43bd-9a44-60ab63cccc00', 'staff.accountant', 'staff.accountant@example.com', '$2a$10$DBiplVJvuXVvUfKIh8q6q.duESYZNNhOJ9yBxDlRzL.l13NuMcjD6', true, '2025-12-20 10:48:12.207977+07', 0, NULL, '2025-12-18 09:33:39.198225+07', '2025-12-20 10:48:12.208985+07', true, NULL, NULL);
INSERT INTO iam.users VALUES ('c9a51ee5-cb9e-4c66-8b21-9d3176b79506', 'xobem10202', 'xobem10202@mucate.com', '$2a$10$DBiplVJvuXVvUfKIh8q6q.duESYZNNhOJ9yBxDlRzL.l13NuMcjD6', true, NULL, 0, NULL, '2025-12-21 16:04:45.793634+07', '2025-12-21 16:04:45.793634+07', true, NULL, NULL);
INSERT INTO iam.users VALUES ('491be3f4-0f1f-4da0-bc87-d6f8e758339b', 'voxole9800', 'voxole9800@mekuron.com', '$2a$10$DBiplVJvuXVvUfKIh8q6q.duESYZNNhOJ9yBxDlRzL.l13NuMcjD6', true, NULL, 0, NULL, '2025-12-21 16:13:54.954716+07', '2025-12-21 16:13:54.954716+07', true, NULL, NULL);
INSERT INTO iam.users VALUES ('7b15413d-fe6f-49b5-bb9e-4fa2c0ae67f5', 'vuthanshml102', 'vuthanshml102@gmail.com', '$2a$10$DBiplVJvuXVvUfKIh8q6q.duESYZNNhOJ9yBxDlRzL.l13NuMcjD6', true, NULL, 0, NULL, '2025-12-21 16:19:39.110807+07', '2025-12-21 16:19:39.110807+07', true, NULL, NULL);
INSERT INTO iam.users VALUES ('df0f7356-18ee-495a-8fa3-55266e8b1dad', 'vuthanahml102', 'vuthanahml102@gmail.com', '$2a$10$DBiplVJvuXVvUfKIh8q6q.duESYZNNhOJ9yBxDlRzL.l13NuMcjD6', true, NULL, 0, NULL, '2025-12-21 16:25:09.495742+07', '2025-12-21 16:25:09.495742+07', true, NULL, NULL);
INSERT INTO iam.users VALUES ('6b81a47c-b7ae-410f-a84a-fe5c176c4be9', 'legom59066', 'legom59066@mekuron.com', '$2a$10$DBiplVJvuXVvUfKIh8q6q.duESYZNNhOJ9yBxDlRzL.l13NuMcjD6', true, NULL, 0, NULL, '2025-12-22 21:58:40.781258+07', '2025-12-22 21:58:40.781258+07', true, NULL, NULL);
INSERT INTO iam.users VALUES ('0d51e5f1-aa80-400a-9937-aa391d7d54e3', 'vevefa1533', 'vevefa1533@mekuron.com', '$2a$10$DBiplVJvuXVvUfKIh8q6q.duESYZNNhOJ9yBxDlRzL.l13NuMcjD6', true, NULL, 0, NULL, '2025-12-22 22:04:26.012792+07', '2025-12-22 22:04:26.012792+07', true, NULL, NULL);
INSERT INTO iam.users VALUES ('e400ac8f-e972-416e-b0f3-eedcd7db257f', 'dangvand01', 'dangvand01@example.com', '$2a$10$DBiplVJvuXVvUfKIh8q6q.duESYZNNhOJ9yBxDlRzL.l13NuMcjD6', true, NULL, 0, NULL, '2025-12-22 22:52:48.133593+07', '2025-12-22 22:52:48.133593+07', true, NULL, NULL);
INSERT INTO iam.users VALUES ('014ea9b7-d6ce-4de0-9c6d-855a056135cc', 'vovane01', 'vovane01@example.com', '$2a$10$DBiplVJvuXVvUfKIh8q6q.duESYZNNhOJ9yBxDlRzL.l13NuMcjD6', true, NULL, 0, NULL, '2025-12-22 22:52:48.133593+07', '2025-12-22 22:52:48.133593+07', true, NULL, NULL);
INSERT INTO iam.users VALUES ('bcf92b33-2f74-4da7-929e-9caf0367b841', 'trinhvang01', 'trinhvang01@example.com', '$2a$10$DBiplVJvuXVvUfKIh8q6q.duESYZNNhOJ9yBxDlRzL.l13NuMcjD6', true, NULL, 0, NULL, '2025-12-22 22:52:48.133593+07', '2025-12-22 22:52:48.133593+07', true, NULL, NULL);
INSERT INTO iam.users VALUES ('113cc521-571f-4155-b09a-6c76fc6c5551', 'luuvang02', 'luuvang02@example.com', '$2a$10$DBiplVJvuXVvUfKIh8q6q.duESYZNNhOJ9yBxDlRzL.l13NuMcjD6', true, NULL, 0, NULL, '2025-12-18 02:09:53.032361+07', '2025-12-22 22:57:01.898515+07', true, NULL, NULL);
INSERT INTO iam.users VALUES ('4fa1ad8d-29b6-4eda-9a43-3689195ad0b3', 'maithig03', 'maithig03@example.com', '$2a$10$DBiplVJvuXVvUfKIh8q6q.duESYZNNhOJ9yBxDlRzL.l13NuMcjD6', true, NULL, 0, NULL, '2025-12-18 02:09:53.032361+07', '2025-12-22 22:57:01.898515+07', true, NULL, NULL);
INSERT INTO iam.users VALUES ('239c8611-66fa-4874-a66c-e776f69e9ae1', 'tavang04', 'tavang04@example.com', '$2a$10$DBiplVJvuXVvUfKIh8q6q.duESYZNNhOJ9yBxDlRzL.l13NuMcjD6', true, NULL, 0, NULL, '2025-12-18 02:09:53.032361+07', '2025-12-22 22:57:01.898515+07', true, NULL, NULL);
INSERT INTO iam.users VALUES ('96f2a9f2-5e99-4c30-b645-fb2c49f9f3e9', 'phanthig05', 'phanthig05@example.com', '$2a$10$DBiplVJvuXVvUfKIh8q6q.duESYZNNhOJ9yBxDlRzL.l13NuMcjD6', true, NULL, 0, NULL, '2025-12-18 02:09:53.032361+07', '2025-12-22 22:57:01.898515+07', true, NULL, NULL);
INSERT INTO iam.users VALUES ('026f1945-e355-4dd5-a873-01655a378b9d', 'nguyenvanc03_active', 'nguyenvanc03_active@example.com', '$2a$10$DBiplVJvuXVvUfKIh8q6q.duESYZNNhOJ9yBxDlRzL.l13NuMcjD6', true, NULL, 0, NULL, '2025-12-22 23:03:23.0017+07', '2025-12-22 23:06:54.542151+07', true, NULL, NULL);
INSERT INTO iam.users VALUES ('9a1ecb87-871c-4efa-818a-fcae62700051', 'nguyenthic03_active', 'nguyenthic03_active@example.com', '$2a$10$DBiplVJvuXVvUfKIh8q6q.duESYZNNhOJ9yBxDlRzL.l13NuMcjD6', true, NULL, 0, NULL, '2025-12-22 23:03:23.0017+07', '2025-12-22 23:06:54.542151+07', true, NULL, NULL);
INSERT INTO iam.users VALUES ('745f3067-cabd-4cc8-b46d-83721728e265', 'tranvanc03_expired', 'tranvanc03_expired@example.com', '$2a$10$DBiplVJvuXVvUfKIh8q6q.duESYZNNhOJ9yBxDlRzL.l13NuMcjD6', true, NULL, 0, NULL, '2025-12-22 23:03:23.0017+07', '2025-12-22 23:06:54.542151+07', true, NULL, NULL);

 

INSERT INTO marketplace.marketplace_categories VALUES ('dd8fc378-31fd-4209-8c2e-b8790a7a0b93', 'ELECTRONICS', 'Đồ điện tử', 'Electronics', NULL, 1, true, '2025-12-18 09:39:31.936612+07', '2025-12-18 09:39:31.936612+07');
INSERT INTO marketplace.marketplace_categories VALUES ('fcc89b16-d7ce-4258-9337-ac2f455d8899', 'FURNITURE', 'Đồ nội thất', 'Furniture', NULL, 2, true, '2025-12-18 09:39:31.936612+07', '2025-12-18 09:39:31.936612+07');
INSERT INTO marketplace.marketplace_categories VALUES ('27736c9b-ee99-4e65-a999-6af369027f54', 'CLOTHING', 'Quần áo', 'Clothing', NULL, 3, true, '2025-12-18 09:39:31.936612+07', '2025-12-18 09:39:31.936612+07');
INSERT INTO marketplace.marketplace_categories VALUES ('65494f32-49a2-4957-9411-9cc2b02a1fd0', 'BOOKS', 'Sách', 'Books', NULL, 4, true, '2025-12-18 09:39:31.936612+07', '2025-12-18 09:39:31.936612+07');
INSERT INTO marketplace.marketplace_categories VALUES ('85d7c089-900a-4504-a0e7-f3c6103390b7', 'APPLIANCES', 'Đồ gia dụng', 'Appliances', NULL, 5, true, '2025-12-18 09:39:31.936612+07', '2025-12-18 09:39:31.936612+07');
INSERT INTO marketplace.marketplace_categories VALUES ('f7e4f42e-aa0f-4e33-b21a-5a1492535569', 'SPORTS', 'Thể thao', 'Sports', NULL, 6, true, '2025-12-18 09:39:31.936612+07', '2025-12-18 09:39:31.936612+07');
INSERT INTO marketplace.marketplace_categories VALUES ('a8df2fc4-004c-45e4-b67a-905efe6351b3', 'TOYS', 'Đồ chơi', 'Toys', NULL, 7, true, '2025-12-18 09:39:31.936612+07', '2025-12-18 09:39:31.936612+07');
INSERT INTO marketplace.marketplace_categories VALUES ('e4ed7e3d-fdf8-4af6-be43-7b2586822ca0', 'OTHER', 'Khác', 'Other', NULL, 99, true, '2025-12-18 09:39:31.936612+07', '2025-12-18 09:39:31.936612+07');

SET session_replication_role = 'origin';